model,candidate_no,page,image_url,width,height,bytes,sha256,phash
MACS-I-C35P2C/MACS-I-CSPС2,1,https://iclim.ru/catalog/promyshlennye_konditsionery/fankoyly/royal_clima_macs_i_c35p2c/,https://iclim.ru/upload/dev2fun.imagecompress/webp/iblock/3a4/3a408c26b007e37d8290c647c7a10513.webp,710,1000,93232,f0a6e7f8bb70b485df0b2c311c8d22f858814de35db55a951905f5f56a16c7e4,bce13e2fc09ec11c
MACS-I-C35P2C/MACS-I-CSPС2,2,https://iclim.ru/catalog/promyshlennye_konditsionery/fankoyly/royal_clima_macs_i_c35p2c/,https://iclim.ru/upload/iblock/b31/c31/3.jpg,700,700,37442,1aebd0f64d3df423ab1c143560c71c98c6680b829528b4b45f497824e0d206d0,ed6990a6ce9e1869
MACS-I-C35P2C/MACS-I-CSPС2,3,https://iclim.ru/catalog/promyshlennye_konditsionery/fankoyly/royal_clima_macs_i_c35p2c/,https://iclim.ru/upload/iblock/d5c/261niwta094uzwh4e634z25zijie8v8w.jpg,1000,707,126023,1bd232180aa271ef6f6ee8d543a38d31ae8aedaf4425c4b6ca71c1fd04bf7484,d6b5695245f249d4
MACS-I-C61P2/MACS-I-CSP2,1,https://iclim.ru/catalog/promyshlennye_konditsionery/fankoyly/royal_clima_macs_i_c61p2/,https://iclim.ru/upload/dev2fun.imagecompress/webp/iblock/3a4/3a408c26b007e37d8290c647c7a10513.webp,710,1000,93232,f0a6e7f8bb70b485df0b2c311c8d22f858814de35db55a951905f5f56a16c7e4,bce13e2fc09ec11c
MACS-I-C61P2/MACS-I-CSP2,2,https://iclim.ru/catalog/promyshlennye_konditsionery/fankoyly/royal_clima_macs_i_c61p2/,https://iclim.ru/upload/iblock/431/4eb/3.jpg,700,700,37442,1aebd0f64d3df423ab1c143560c71c98c6680b829528b4b45f497824e0d206d0,ed6990a6ce9e1869
MACS-I-C61P2/MACS-I-CSP2,3,https://iclim.ru/catalog/promyshlennye_konditsionery/fankoyly/royal_clima_macs_i_c61p2/,https://iclim.ru/upload/iblock/d5c/261niwta094uzwh4e634z25zijie8v8w.jpg,1000,707,126023,1bd232180aa271ef6f6ee8d543a38d31ae8aedaf4425c4b6ca71c1fd04bf7484,d6b5695245f249d4
MACS-I-C81P2/MACS-I-CSP2,1,https://iclim.ru/catalog/promyshlennye_konditsionery/fankoyly/royal_clima_macs_i_c81p2/,https://iclim.ru/upload/dev2fun.imagecompress/webp/iblock/3a4/3a408c26b007e37d8290c647c7a10513.webp,710,1000,93232,f0a6e7f8bb70b485df0b2c311c8d22f858814de35db55a951905f5f56a16c7e4,bce13e2fc09ec11c
MACS-I-C81P2/MACS-I-CSP2,2,https://iclim.ru/catalog/promyshlennye_konditsionery/fankoyly/royal_clima_macs_i_c81p2/,https://iclim.ru/upload/iblock/d5c/261niwta094uzwh4e634z25zijie8v8w.jpg,1000,707,126023,1bd232180aa271ef6f6ee8d543a38d31ae8aedaf4425c4b6ca71c1fd04bf7484,d6b5695245f249d4
MACS-I-C81P2/MACS-I-CSP2,3,https://iclim.ru/catalog/promyshlennye_konditsionery/fankoyly/royal_clima_macs_i_c81p2/,https://iclim.ru/upload/iblock/e0d/66d/3.jpg,700,700,37442,1aebd0f64d3df423ab1c143560c71c98c6680b829528b4b45f497824e0d206d0,ed6990a6ce9e1869
MACS-I-C101P2/MACS-I-CSP2,1,https://iclim.ru/catalog/promyshlennye_konditsionery/fankoyly/royal_clima_macs_i_c101p2/,https://iclim.ru/upload/dev2fun.imagecompress/webp/iblock/3a4/3a408c26b007e37d8290c647c7a10513.webp,710,1000,93232,f0a6e7f8bb70b485df0b2c311c8d22f858814de35db55a951905f5f56a16c7e4,bce13e2fc09ec11c
MACS-I-C101P2/MACS-I-CSP2,2,https://iclim.ru/catalog/promyshlennye_konditsionery/fankoyly/royal_clima_macs_i_c101p2/,https://iclim.ru/upload/iblock/03b/dc5/3.jpg,700,700,37442,1aebd0f64d3df423ab1c143560c71c98c6680b829528b4b45f497824e0d206d0,ed6990a6ce9e1869
MACS-I-C101P2/MACS-I-CSP2,3,https://iclim.ru/catalog/promyshlennye_konditsionery/fankoyly/royal_clima_macs_i_c101p2/,https://iclim.ru/upload/iblock/d5c/261niwta094uzwh4e634z25zijie8v8w.jpg,1000,707,126023,1bd232180aa271ef6f6ee8d543a38d31ae8aedaf4425c4b6ca71c1fd04bf7484,d6b5695245f249d4
MACS-I-C121P2/MACS-I-CSP2,1,https://iclim.ru/catalog/promyshlennye_konditsionery/fankoyly/royal_clima_macs_i_c121p2/,https://iclim.ru/upload/dev2fun.imagecompress/webp/iblock/3a4/3a408c26b007e37d8290c647c7a10513.webp,710,1000,93232,f0a6e7f8bb70b485df0b2c311c8d22f858814de35db55a951905f5f56a16c7e4,bce13e2fc09ec11c
MACS-I-C121P2/MACS-I-CSP2,2,https://iclim.ru/catalog/promyshlennye_konditsionery/fankoyly/royal_clima_macs_i_c121p2/,https://iclim.ru/upload/iblock/658/6d8/3.jpg,700,700,37442,1aebd0f64d3df423ab1c143560c71c98c6680b829528b4b45f497824e0d206d0,ed6990a6ce9e1869
MACS-I-C121P2/MACS-I-CSP2,3,https://iclim.ru/catalog/promyshlennye_konditsionery/fankoyly/royal_clima_macs_i_c121p2/,https://iclim.ru/upload/iblock/d5c/261niwta094uzwh4e634z25zijie8v8w.jpg,1000,707,126023,1bd232180aa271ef6f6ee8d543a38d31ae8aedaf4425c4b6ca71c1fd04bf7484,d6b5695245f249d4
MACS-I-C141P2/MACS-I-CSP2,1,https://iclim.ru/catalog/promyshlennye_konditsionery/fankoyly/royal_clima_macs_i_c141p2/,https://iclim.ru/upload/dev2fun.imagecompress/webp/iblock/3a4/3a408c26b007e37d8290c647c7a10513.webp,710,1000,93232,f0a6e7f8bb70b485df0b2c311c8d22f858814de35db55a951905f5f56a16c7e4,bce13e2fc09ec11c
MACS-I-C141P2/MACS-I-CSP2,2,https://iclim.ru/catalog/promyshlennye_konditsionery/fankoyly/royal_clima_macs_i_c141p2/,https://iclim.ru/upload/iblock/d5c/261niwta094uzwh4e634z25zijie8v8w.jpg,1000,707,126023,1bd232180aa271ef6f6ee8d543a38d31ae8aedaf4425c4b6ca71c1fd04bf7484,d6b5695245f249d4
MACS-I-C141P2/MACS-I-CSP2,3,https://iclim.ru/catalog/promyshlennye_konditsionery/fankoyly/royal_clima_macs_i_c141p2/,https://iclim.ru/upload/iblock/f73/9cd/3.jpg,700,700,37442,1aebd0f64d3df423ab1c143560c71c98c6680b829528b4b45f497824e0d206d0,ed6990a6ce9e1869
MACS-I-C20P2K,1,https://iclim.ru/catalog/promyshlennye_konditsionery/fankoyly/royal_clima_macs_i_c20p2k/,https://iclim.ru/upload/dev2fun.imagecompress/webp/iblock/3a4/3a408c26b007e37d8290c647c7a10513.webp,710,1000,93232,f0a6e7f8bb70b485df0b2c311c8d22f858814de35db55a951905f5f56a16c7e4,bce13e2fc09ec11c
MACS-I-C20P2K,2,https://iclim.ru/catalog/promyshlennye_konditsionery/fankoyly/royal_clima_macs_i_c20p2k/,https://iclim.ru/upload/iblock/7e1/c92fj7esw85an39c9qag8pzer8p2hcgb.jpg,1000,1000,67614,589b32edf8e7c36f1b9615cb9d006cdcd2fa5097d765d52fa2dcc6eeedc69076,eb49c4363bc96d24
MACS-I-C20P2K,3,https://iclim.ru/catalog/promyshlennye_konditsionery/fankoyly/royal_clima_macs_i_c20p2k/,https://iclim.ru/upload/iblock/d5c/261niwta094uzwh4e634z25zijie8v8w.jpg,1000,707,126023,1bd232180aa271ef6f6ee8d543a38d31ae8aedaf4425c4b6ca71c1fd04bf7484,d6b5695245f249d4
MACS-I-C28P2K,1,https://iclim.ru/catalog/promyshlennye_konditsionery/fankoyly/royal_clima_macs_i_c28p2k/,https://iclim.ru/upload/dev2fun.imagecompress/webp/iblock/3a4/3a408c26b007e37d8290c647c7a10513.webp,710,1000,93232,f0a6e7f8bb70b485df0b2c311c8d22f858814de35db55a951905f5f56a16c7e4,bce13e2fc09ec11c
MACS-I-C28P2K,2,https://iclim.ru/catalog/promyshlennye_konditsionery/fankoyly/royal_clima_macs_i_c28p2k/,https://iclim.ru/upload/iblock/d3b/we17ake0takdqqrj5p9b2mn3r5wbyjb1.jpg,1000,1000,67614,589b32edf8e7c36f1b9615cb9d006cdcd2fa5097d765d52fa2dcc6eeedc69076,eb49c4363bc96d24
MACS-I-C28P2K,3,https://iclim.ru/catalog/promyshlennye_konditsionery/fankoyly/royal_clima_macs_i_c28p2k/,https://iclim.ru/upload/iblock/d5c/261niwta094uzwh4e634z25zijie8v8w.jpg,1000,707,126023,1bd232180aa271ef6f6ee8d543a38d31ae8aedaf4425c4b6ca71c1fd04bf7484,d6b5695245f249d4
MACS-I-C35P2K,1,https://iclim.ru/catalog/promyshlennye_konditsionery/fankoyly/royal_clima_macs_i_c35p2k/,https://iclim.ru/upload/dev2fun.imagecompress/webp/iblock/3a4/3a408c26b007e37d8290c647c7a10513.webp,710,1000,93232,f0a6e7f8bb70b485df0b2c311c8d22f858814de35db55a951905f5f56a16c7e4,bce13e2fc09ec11c
MACS-I-C35P2K,2,https://iclim.ru/catalog/promyshlennye_konditsionery/fankoyly/royal_clima_macs_i_c35p2k/,https://iclim.ru/upload/iblock/31a/knt5qu77lar6rb2vecw5l3625vfmygrw.jpg,1000,1000,67614,589b32edf8e7c36f1b9615cb9d006cdcd2fa5097d765d52fa2dcc6eeedc69076,eb49c4363bc96d24
MACS-I-C35P2K,3,https://iclim.ru/catalog/promyshlennye_konditsionery/fankoyly/royal_clima_macs_i_c35p2k/,https://iclim.ru/upload/iblock/d5c/261niwta094uzwh4e634z25zijie8v8w.jpg,1000,707,126023,1bd232180aa271ef6f6ee8d543a38d31ae8aedaf4425c4b6ca71c1fd04bf7484,d6b5695245f249d4
MACS-I-C50P2K,1,https://iclim.ru/catalog/promyshlennye_konditsionery/fankoyly/royal_clima_macs_i_c50p2k/,https://iclim.ru/upload/dev2fun.imagecompress/webp/iblock/3a4/3a408c26b007e37d8290c647c7a10513.webp,710,1000,93232,f0a6e7f8bb70b485df0b2c311c8d22f858814de35db55a951905f5f56a16c7e4,bce13e2fc09ec11c
MACS-I-C50P2K,2,https://iclim.ru/catalog/promyshlennye_konditsionery/fankoyly/royal_clima_macs_i_c50p2k/,https://iclim.ru/upload/iblock/204/1pp75z8d94b0mqa6yomqmd1xau0f9qyl.jpg,1000,1000,67614,589b32edf8e7c36f1b9615cb9d006cdcd2fa5097d765d52fa2dcc6eeedc69076,eb49c4363bc96d24
MACS-I-C50P2K,3,https://iclim.ru/catalog/promyshlennye_konditsionery/fankoyly/royal_clima_macs_i_c50p2k/,https://iclim.ru/upload/iblock/d5c/261niwta094uzwh4e634z25zijie8v8w.jpg,1000,707,126023,1bd232180aa271ef6f6ee8d543a38d31ae8aedaf4425c4b6ca71c1fd04bf7484,d6b5695245f249d4
MACS-I-C60P2K,1,https://iclim.ru/catalog/promyshlennye_konditsionery/fankoyly/royal_clima_macs_i_c60p2k/,https://iclim.ru/upload/dev2fun.imagecompress/webp/iblock/3a4/3a408c26b007e37d8290c647c7a10513.webp,710,1000,93232,f0a6e7f8bb70b485df0b2c311c8d22f858814de35db55a951905f5f56a16c7e4,bce13e2fc09ec11c
MACS-I-C60P2K,2,https://iclim.ru/catalog/promyshlennye_konditsionery/fankoyly/royal_clima_macs_i_c60p2k/,https://iclim.ru/upload/iblock/c35/773qxa8t142bhwuoh10snpqraco2671c.jpg,1000,1000,67614,589b32edf8e7c36f1b9615cb9d006cdcd2fa5097d765d52fa2dcc6eeedc69076,eb49c4363bc96d24
MACS-I-C60P2K,3,https://iclim.ru/catalog/promyshlennye_konditsionery/fankoyly/royal_clima_macs_i_c60p2k/,https://iclim.ru/upload/iblock/d5c/261niwta094uzwh4e634z25zijie8v8w.jpg,1000,707,126023,1bd232180aa271ef6f6ee8d543a38d31ae8aedaf4425c4b6ca71c1fd04bf7484,d6b5695245f249d4
MACS-I-C75P2K,1,https://iclim.ru/catalog/promyshlennye_konditsionery/fankoyly/royal_clima_macs_i_c75p2k/,https://iclim.ru/upload/dev2fun.imagecompress/webp/iblock/3a4/3a408c26b007e37d8290c647c7a10513.webp,710,1000,93232,f0a6e7f8bb70b485df0b2c311c8d22f858814de35db55a951905f5f56a16c7e4,bce13e2fc09ec11c
MACS-I-C75P2K,2,https://iclim.ru/catalog/promyshlennye_konditsionery/fankoyly/royal_clima_macs_i_c75p2k/,https://iclim.ru/upload/iblock/b05/0ahzoiry1yrbfs20j1ggyn1lr3ffjndw.jpg,1000,1000,67614,589b32edf8e7c36f1b9615cb9d006cdcd2fa5097d765d52fa2dcc6eeedc69076,eb49c4363bc96d24
MACS-I-C75P2K,3,https://iclim.ru/catalog/promyshlennye_konditsionery/fankoyly/royal_clima_macs_i_c75p2k/,https://iclim.ru/upload/iblock/d5c/261niwta094uzwh4e634z25zijie8v8w.jpg,1000,707,126023,1bd232180aa271ef6f6ee8d543a38d31ae8aedaf4425c4b6ca71c1fd04bf7484,d6b5695245f249d4
MACS-I-C95P2K,1,https://iclim.ru/catalog/promyshlennye_konditsionery/fankoyly/royal_clima_macs_i_c95p2k/,https://iclim.ru/upload/dev2fun.imagecompress/webp/iblock/3a4/3a408c26b007e37d8290c647c7a10513.webp,710,1000,93232,f0a6e7f8bb70b485df0b2c311c8d22f858814de35db55a951905f5f56a16c7e4,bce13e2fc09ec11c
MACS-I-C95P2K,2,https://iclim.ru/catalog/promyshlennye_konditsionery/fankoyly/royal_clima_macs_i_c95p2k/,https://iclim.ru/upload/iblock/75d/npa14hxznitvw291md1amdgjy1uvmp8x.jpg,1000,1000,67614,589b32edf8e7c36f1b9615cb9d006cdcd2fa5097d765d52fa2dcc6eeedc69076,eb49c4363bc96d24
MACS-I-C95P2K,3,https://iclim.ru/catalog/promyshlennye_konditsionery/fankoyly/royal_clima_macs_i_c95p2k/,https://iclim.ru/upload/iblock/d5c/261niwta094uzwh4e634z25zijie8v8w.jpg,1000,707,126023,1bd232180aa271ef6f6ee8d543a38d31ae8aedaf4425c4b6ca71c1fd04bf7484,d6b5695245f249d4
MACS-I-C115P2K,1,https://iclim.ru/catalog/promyshlennye_konditsionery/fankoyly/royal_clima_macs_i_c115p2k/,https://iclim.ru/upload/dev2fun.imagecompress/webp/iblock/3a4/3a408c26b007e37d8290c647c7a10513.webp,710,1000,93232,f0a6e7f8bb70b485df0b2c311c8d22f858814de35db55a951905f5f56a16c7e4,bce13e2fc09ec11c
MACS-I-C115P2K,2,https://iclim.ru/catalog/promyshlennye_konditsionery/fankoyly/royal_clima_macs_i_c115p2k/,https://iclim.ru/upload/iblock/baf/2ssjm3nqmrdwks0rk389cbsmz2u3ej3d.jpg,1000,1000,67614,589b32edf8e7c36f1b9615cb9d006cdcd2fa5097d765d52fa2dcc6eeedc69076,eb49c4363bc96d24
MACS-I-C115P2K,3,https://iclim.ru/catalog/promyshlennye_konditsionery/fankoyly/royal_clima_macs_i_c115p2k/,https://iclim.ru/upload/iblock/d5c/261niwta094uzwh4e634z25zijie8v8w.jpg,1000,707,126023,1bd232180aa271ef6f6ee8d543a38d31ae8aedaf4425c4b6ca71c1fd04bf7484,d6b5695245f249d4
MACS-I-C130P2K,1,https://iclim.ru/catalog/promyshlennye_konditsionery/fankoyly/royal_clima_macs_i_c130p2k/,https://iclim.ru/upload/dev2fun.imagecompress/webp/iblock/3a4/3a408c26b007e37d8290c647c7a10513.webp,710,1000,93232,f0a6e7f8bb70b485df0b2c311c8d22f858814de35db55a951905f5f56a16c7e4,bce13e2fc09ec11c
MACS-I-C130P2K,2,https://iclim.ru/catalog/promyshlennye_konditsionery/fankoyly/royal_clima_macs_i_c130p2k/,https://iclim.ru/upload/iblock/2cf/tzrrqlbpa5wvwbzcshh9eryhujtq98gz.jpg,1000,1000,67614,589b32edf8e7c36f1b9615cb9d006cdcd2fa5097d765d52fa2dcc6eeedc69076,eb49c4363bc96d24
MACS-I-C130P2K,3,https://iclim.ru/catalog/promyshlennye_konditsionery/fankoyly/royal_clima_macs_i_c130p2k/,https://iclim.ru/upload/iblock/d5c/261niwta094uzwh4e634z25zijie8v8w.jpg,1000,707,126023,1bd232180aa271ef6f6ee8d543a38d31ae8aedaf4425c4b6ca71c1fd04bf7484,d6b5695245f249d4
MACS-I-C25P4K,1,https://iclim.ru/catalog/promyshlennye_konditsionery/fankoyly/royal_clima_macs_i_c25p4k/,https://iclim.ru/upload/dev2fun.imagecompress/webp/iblock/3a4/3a408c26b007e37d8290c647c7a10513.webp,710,1000,93232,f0a6e7f8bb70b485df0b2c311c8d22f858814de35db55a951905f5f56a16c7e4,bce13e2fc09ec11c
MACS-I-C25P4K,2,https://iclim.ru/catalog/promyshlennye_konditsionery/fankoyly/royal_clima_macs_i_c25p4k/,https://iclim.ru/upload/iblock/0a9/rf3n6k4pogeghnnx9yej35ns81uhnext.jpg,1000,1000,67614,589b32edf8e7c36f1b9615cb9d006cdcd2fa5097d765d52fa2dcc6eeedc69076,eb49c4363bc96d24
MACS-I-C25P4K,3,https://iclim.ru/catalog/promyshlennye_konditsionery/fankoyly/royal_clima_macs_i_c25p4k/,https://iclim.ru/upload/iblock/d5c/261niwta094uzwh4e634z25zijie8v8w.jpg,1000,707,126023,1bd232180aa271ef6f6ee8d543a38d31ae8aedaf4425c4b6ca71c1fd04bf7484,d6b5695245f249d4
MACS-I-C30P4K,1,https://iclim.ru/catalog/promyshlennye_konditsionery/fankoyly/royal_clima_macs_i_c30p4k/,https://iclim.ru/upload/dev2fun.imagecompress/webp/iblock/3a4/3a408c26b007e37d8290c647c7a10513.webp,710,1000,93232,f0a6e7f8bb70b485df0b2c311c8d22f858814de35db55a951905f5f56a16c7e4,bce13e2fc09ec11c
MACS-I-C30P4K,2,https://iclim.ru/catalog/promyshlennye_konditsionery/fankoyly/royal_clima_macs_i_c30p4k/,https://iclim.ru/upload/iblock/787/lvngq33p0se34hnrwpmu1l8k5ujjlvx8.jpg,1000,1000,67614,589b32edf8e7c36f1b9615cb9d006cdcd2fa5097d765d52fa2dcc6eeedc69076,eb49c4363bc96d24
MACS-I-C30P4K,3,https://iclim.ru/catalog/promyshlennye_konditsionery/fankoyly/royal_clima_macs_i_c30p4k/,https://iclim.ru/upload/iblock/d5c/261niwta094uzwh4e634z25zijie8v8w.jpg,1000,707,126023,1bd232180aa271ef6f6ee8d543a38d31ae8aedaf4425c4b6ca71c1fd04bf7484,d6b5695245f249d4
MACS-I-C40P4K,1,https://iclim.ru/catalog/promyshlennye_konditsionery/fankoyly/royal_clima_macs_i_c40p4k/,https://iclim.ru/upload/dev2fun.imagecompress/webp/iblock/3a4/3a408c26b007e37d8290c647c7a10513.webp,710,1000,93232,f0a6e7f8bb70b485df0b2c311c8d22f858814de35db55a951905f5f56a16c7e4,bce13e2fc09ec11c
MACS-I-C40P4K,2,https://iclim.ru/catalog/promyshlennye_konditsionery/fankoyly/royal_clima_macs_i_c40p4k/,https://iclim.ru/upload/iblock/339/0qsy5mi8wq8akxvfif2ff2cuapac3pbc.jpg,1000,1000,67614,589b32edf8e7c36f1b9615cb9d006cdcd2fa5097d765d52fa2dcc6eeedc69076,eb49c4363bc96d24
MACS-I-C40P4K,3,https://iclim.ru/catalog/promyshlennye_konditsionery/fankoyly/royal_clima_macs_i_c40p4k/,https://iclim.ru/upload/iblock/d5c/261niwta094uzwh4e634z25zijie8v8w.jpg,1000,707,126023,1bd232180aa271ef6f6ee8d543a38d31ae8aedaf4425c4b6ca71c1fd04bf7484,d6b5695245f249d4
MACS-I-C50P4K,1,https://iclim.ru/catalog/promyshlennye_konditsionery/fankoyly/royal_clima_macs_i_c50p4k/,https://iclim.ru/upload/dev2fun.imagecompress/webp/iblock/3a4/3a408c26b007e37d8290c647c7a10513.webp,710,1000,93232,f0a6e7f8bb70b485df0b2c311c8d22f858814de35db55a951905f5f56a16c7e4,bce13e2fc09ec11c
MACS-I-C50P4K,2,https://iclim.ru/catalog/promyshlennye_konditsionery/fankoyly/royal_clima_macs_i_c50p4k/,https://iclim.ru/upload/iblock/0a8/eobv34txw8n61p82hjmyht6nqvihcsa9.jpg,1000,1000,67614,589b32edf8e7c36f1b9615cb9d006cdcd2fa5097d765d52fa2dcc6eeedc69076,eb49c4363bc96d24
MACS-I-C50P4K,3,https://iclim.ru/catalog/promyshlennye_konditsionery/fankoyly/royal_clima_macs_i_c50p4k/,https://iclim.ru/upload/iblock/d5c/261niwta094uzwh4e634z25zijie8v8w.jpg,1000,707,126023,1bd232180aa271ef6f6ee8d543a38d31ae8aedaf4425c4b6ca71c1fd04bf7484,d6b5695245f249d4
MACS-I-C60P4K,1,https://iclim.ru/catalog/promyshlennye_konditsionery/fankoyly/royal_clima_macs_i_c60p4k/,https://iclim.ru/upload/dev2fun.imagecompress/webp/iblock/3a4/3a408c26b007e37d8290c647c7a10513.webp,710,1000,93232,f0a6e7f8bb70b485df0b2c311c8d22f858814de35db55a951905f5f56a16c7e4,bce13e2fc09ec11c
MACS-I-C60P4K,2,https://iclim.ru/catalog/promyshlennye_konditsionery/fankoyly/royal_clima_macs_i_c60p4k/,https://iclim.ru/upload/iblock/00a/srdpv9jrwrsx8mk1f0l7i9i380v2f2z2.jpg,1000,1000,67614,589b32edf8e7c36f1b9615cb9d006cdcd2fa5097d765d52fa2dcc6eeedc69076,eb49c4363bc96d24
MACS-I-C60P4K,3,https://iclim.ru/catalog/promyshlennye_konditsionery/fankoyly/royal_clima_macs_i_c60p4k/,https://iclim.ru/upload/iblock/d5c/261niwta094uzwh4e634z25zijie8v8w.jpg,1000,707,126023,1bd232180aa271ef6f6ee8d543a38d31ae8aedaf4425c4b6ca71c1fd04bf7484,d6b5695245f249d4
MACS-I-C80P4K,1,https://iclim.ru/catalog/promyshlennye_konditsionery/fankoyly/royal_clima_macs_i_c80p4k/,https://iclim.ru/upload/dev2fun.imagecompress/webp/iblock/3a4/3a408c26b007e37d8290c647c7a10513.webp,710,1000,93232,f0a6e7f8bb70b485df0b2c311c8d22f858814de35db55a951905f5f56a16c7e4,bce13e2fc09ec11c
MACS-I-C80P4K,2,https://iclim.ru/catalog/promyshlennye_konditsionery/fankoyly/royal_clima_macs_i_c80p4k/,https://iclim.ru/upload/iblock/492/0yx8lj19rnqeuxqo5tfj0bvxttizzbbm.jpg,1000,1000,67614,589b32edf8e7c36f1b9615cb9d006cdcd2fa5097d765d52fa2dcc6eeedc69076,eb49c4363bc96d24
MACS-I-C80P4K,3,https://iclim.ru/catalog/promyshlennye_konditsionery/fankoyly/royal_clima_macs_i_c80p4k/,https://iclim.ru/upload/iblock/d5c/261niwta094uzwh4e634z25zijie8v8w.jpg,1000,707,126023,1bd232180aa271ef6f6ee8d543a38d31ae8aedaf4425c4b6ca71c1fd04bf7484,d6b5695245f249d4
MACS-I-C90P4K,1,https://iclim.ru/catalog/promyshlennye_konditsionery/fankoyly/royal_clima_macs_i_c90p4k/,https://iclim.ru/upload/dev2fun.imagecompress/webp/iblock/3a4/3a408c26b007e37d8290c647c7a10513.webp,710,1000,93232,f0a6e7f8bb70b485df0b2c311c8d22f858814de35db55a951905f5f56a16c7e4,bce13e2fc09ec11c
MACS-I-C90P4K,2,https://iclim.ru/catalog/promyshlennye_konditsionery/fankoyly/royal_clima_macs_i_c90p4k/,https://iclim.ru/upload/iblock/15d/pgamnm5ja4tkh4w9ijzli4jw6fiipbd9.jpg,1000,1000,67614,589b32edf8e7c36f1b9615cb9d006cdcd2fa5097d765d52fa2dcc6eeedc69076,eb49c4363bc96d24
MACS-I-C90P4K,3,https://iclim.ru/catalog/promyshlennye_konditsionery/fankoyly/royal_clima_macs_i_c90p4k/,https://iclim.ru/upload/iblock/d5c/261niwta094uzwh4e634z25zijie8v8w.jpg,1000,707,126023,1bd232180aa271ef6f6ee8d543a38d31ae8aedaf4425c4b6ca71c1fd04bf7484,d6b5695245f249d4
MACS-I-C110P4K,1,https://iclim.ru/catalog/promyshlennye_konditsionery/fankoyly/royal_clima_macs_i_c110p4k/,https://iclim.ru/upload/dev2fun.imagecompress/webp/iblock/3a4/3a408c26b007e37d8290c647c7a10513.webp,710,1000,93232,f0a6e7f8bb70b485df0b2c311c8d22f858814de35db55a951905f5f56a16c7e4,bce13e2fc09ec11c
MACS-I-C110P4K,2,https://iclim.ru/catalog/promyshlennye_konditsionery/fankoyly/royal_clima_macs_i_c110p4k/,https://iclim.ru/upload/iblock/2df/2pkhh5z1nqczp4d7oo31jnogsau5gn09.jpg,1000,1000,67614,589b32edf8e7c36f1b9615cb9d006cdcd2fa5097d765d52fa2dcc6eeedc69076,eb49c4363bc96d24
MACS-I-C110P4K,3,https://iclim.ru/catalog/promyshlennye_konditsionery/fankoyly/royal_clima_macs_i_c110p4k/,https://iclim.ru/upload/iblock/d5c/261niwta094uzwh4e634z25zijie8v8w.jpg,1000,707,126023,1bd232180aa271ef6f6ee8d543a38d31ae8aedaf4425c4b6ca71c1fd04bf7484,d6b5695245f249d4
MACS-I-C20P21K,1,https://iclim.ru/catalog/promyshlennye_konditsionery/fankoyly/royal_clima_macs_i_c20p21k/,https://iclim.ru/upload/dev2fun.imagecompress/webp/iblock/3a4/3a408c26b007e37d8290c647c7a10513.webp,710,1000,93232,f0a6e7f8bb70b485df0b2c311c8d22f858814de35db55a951905f5f56a16c7e4,bce13e2fc09ec11c
MACS-I-C20P21K,2,https://iclim.ru/catalog/promyshlennye_konditsionery/fankoyly/royal_clima_macs_i_c20p21k/,https://iclim.ru/upload/iblock/6d7/wpx617ti2hfe3jqzudgryb0zglhw85wl.jpg,1000,1000,39364,0fe062de744f03b208f2ccb7e8d65032939989cad5754404003f45fe0c4a3cb5,bf6cc0951f3a6065
MACS-I-C20P21K,3,https://iclim.ru/catalog/promyshlennye_konditsionery/fankoyly/royal_clima_macs_i_c20p21k/,https://iclim.ru/upload/iblock/d5c/261niwta094uzwh4e634z25zijie8v8w.jpg,1000,707,126023,1bd232180aa271ef6f6ee8d543a38d31ae8aedaf4425c4b6ca71c1fd04bf7484,d6b5695245f249d4
MACS-I-C25P21K,1,https://iclim.ru/catalog/promyshlennye_konditsionery/fankoyly/royal_clima_macs_i_c25p21k/,https://iclim.ru/upload/dev2fun.imagecompress/webp/iblock/3a4/3a408c26b007e37d8290c647c7a10513.webp,710,1000,93232,f0a6e7f8bb70b485df0b2c311c8d22f858814de35db55a951905f5f56a16c7e4,bce13e2fc09ec11c
MACS-I-C25P21K,2,https://iclim.ru/catalog/promyshlennye_konditsionery/fankoyly/royal_clima_macs_i_c25p21k/,https://iclim.ru/upload/iblock/a34/yli1hg1w6fnkxqji23dbu3pnq89vlqo4.jpg,1000,1000,39364,0fe062de744f03b208f2ccb7e8d65032939989cad5754404003f45fe0c4a3cb5,bf6cc0951f3a6065
MACS-I-C25P21K,3,https://iclim.ru/catalog/promyshlennye_konditsionery/fankoyly/royal_clima_macs_i_c25p21k/,https://iclim.ru/upload/iblock/d5c/261niwta094uzwh4e634z25zijie8v8w.jpg,1000,707,126023,1bd232180aa271ef6f6ee8d543a38d31ae8aedaf4425c4b6ca71c1fd04bf7484,d6b5695245f249d4
MACS-I-C35P21K,1,https://iclim.ru/catalog/promyshlennye_konditsionery/fankoyly/royal_clima_macs_i_c35p21k/,https://iclim.ru/upload/dev2fun.imagecompress/webp/iblock/3a4/3a408c26b007e37d8290c647c7a10513.webp,710,1000,93232,f0a6e7f8bb70b485df0b2c311c8d22f858814de35db55a951905f5f56a16c7e4,bce13e2fc09ec11c
MACS-I-C35P21K,2,https://iclim.ru/catalog/promyshlennye_konditsionery/fankoyly/royal_clima_macs_i_c35p21k/,https://iclim.ru/upload/iblock/d43/jiuzgmmjojq6vwrq5ira9j76z3cj3h00.jpg,1000,1000,39364,0fe062de744f03b208f2ccb7e8d65032939989cad5754404003f45fe0c4a3cb5,bf6cc0951f3a6065
MACS-I-C35P21K,3,https://iclim.ru/catalog/promyshlennye_konditsionery/fankoyly/royal_clima_macs_i_c35p21k/,https://iclim.ru/upload/iblock/d5c/261niwta094uzwh4e634z25zijie8v8w.jpg,1000,707,126023,1bd232180aa271ef6f6ee8d543a38d31ae8aedaf4425c4b6ca71c1fd04bf7484,d6b5695245f249d4
MACS-I-C45P21K,1,https://iclim.ru/catalog/promyshlennye_konditsionery/fankoyly/royal_clima_macs_i_c45p21k/,https://iclim.ru/upload/dev2fun.imagecompress/webp/iblock/3a4/3a408c26b007e37d8290c647c7a10513.webp,710,1000,93232,f0a6e7f8bb70b485df0b2c311c8d22f858814de35db55a951905f5f56a16c7e4,bce13e2fc09ec11c
MACS-I-C45P21K,2,https://iclim.ru/catalog/promyshlennye_konditsionery/fankoyly/royal_clima_macs_i_c45p21k/,https://iclim.ru/upload/iblock/a4e/xr7rrcmlrdsxvf39bwcpafnky72ngzs2.jpg,1000,1000,39364,0fe062de744f03b208f2ccb7e8d65032939989cad5754404003f45fe0c4a3cb5,bf6cc0951f3a6065
MACS-I-C45P21K,3,https://iclim.ru/catalog/promyshlennye_konditsionery/fankoyly/royal_clima_macs_i_c45p21k/,https://iclim.ru/upload/iblock/d5c/261niwta094uzwh4e634z25zijie8v8w.jpg,1000,707,126023,1bd232180aa271ef6f6ee8d543a38d31ae8aedaf4425c4b6ca71c1fd04bf7484,d6b5695245f249d4
MACS-I-C55P21K,1,https://iclim.ru/catalog/promyshlennye_konditsionery/fankoyly/royal_clima_macs_i_c55p21k/,https://iclim.ru/upload/dev2fun.imagecompress/webp/iblock/3a4/3a408c26b007e37d8290c647c7a10513.webp,710,1000,93232,f0a6e7f8bb70b485df0b2c311c8d22f858814de35db55a951905f5f56a16c7e4,bce13e2fc09ec11c
MACS-I-C55P21K,2,https://iclim.ru/catalog/promyshlennye_konditsionery/fankoyly/royal_clima_macs_i_c55p21k/,https://iclim.ru/upload/iblock/109/9pflq0jogajrcavz95d19yuzvw7c0p1d.jpg,1000,1000,39364,0fe062de744f03b208f2ccb7e8d65032939989cad5754404003f45fe0c4a3cb5,bf6cc0951f3a6065
MACS-I-C55P21K,3,https://iclim.ru/catalog/promyshlennye_konditsionery/fankoyly/royal_clima_macs_i_c55p21k/,https://iclim.ru/upload/iblock/d5c/261niwta094uzwh4e634z25zijie8v8w.jpg,1000,707,126023,1bd232180aa271ef6f6ee8d543a38d31ae8aedaf4425c4b6ca71c1fd04bf7484,d6b5695245f249d4
