model,unique_candidates,pages_checked
MACS-I-C35P2C/MACS-I-CSPС2,3,https://iclim.ru/catalog/promyshlennye_konditsionery/fankoyly/royal_clima_macs_i_c35p2c/ | https://royal.com.ru/catalog/fankoyly/royal_clima_macs_i_c35p2c/ | https://iclim.ru/catalog/promyshlennye_konditsionery/fankoyly/royal_clima_macs_i_c35p2c_macs_i_cspc2/ | https://royal.com.ru/catalog/fankoyly/royal_clima_macs_i_c35p2c_macs_i_cspc2/ | https://eco-conditioner.ru/kassetnyy-fankoyl-royal-clima-macs-i-c35p2c-macs-i-cspc2/
MACS-I-C45P2С/MACS-I-CSPС2,0,https://iclim.ru/catalog/promyshlennye_konditsionery/fankoyly/royal_clima_macs_i_c45p2c/ | https://royal.com.ru/catalog/fankoyly/royal_clima_macs_i_c45p2c/ | https://iclim.ru/catalog/promyshlennye_konditsionery/fankoyly/royal_clima_macs_i_c45p2c_macs_i_cspc2/ | https://royal.com.ru/catalog/fankoyly/royal_clima_macs_i_c45p2c_macs_i_cspc2/ | https://eco-conditioner.ru/kassetnyy-fankoyl-royal-clima-macs-i-c45p2c-macs-i-cspc2/
MACS-I-C51P2С/MACS-I-CSPС2,0,https://iclim.ru/catalog/promyshlennye_konditsionery/fankoyly/royal_clima_macs_i_c51p2c/ | https://royal.com.ru/catalog/fankoyly/royal_clima_macs_i_c51p2c/ | https://iclim.ru/catalog/promyshlennye_konditsionery/fankoyly/royal_clima_macs_i_c51p2c_macs_i_cspc2/ | https://royal.com.ru/catalog/fankoyly/royal_clima_macs_i_c51p2c_macs_i_cspc2/ | https://eco-conditioner.ru/kassetnyy-fankoyl-royal-clima-macs-i-c51p2c-macs-i-cspc2/
MACS-I-C61P2/MACS-I-CSP2,3,https://iclim.ru/catalog/promyshlennye_konditsionery/fankoyly/royal_clima_macs_i_c61p2/ | https://royal.com.ru/catalog/fankoyly/royal_clima_macs_i_c61p2/ | https://iclim.ru/catalog/promyshlennye_konditsionery/fankoyly/royal_clima_macs_i_c61p2_macs_i_csp2/ | https://royal.com.ru/catalog/fankoyly/royal_clima_macs_i_c61p2_macs_i_csp2/ | https://eco-conditioner.ru/kassetnyy-fankoyl-royal-clima-macs-i-c61p2-macs-i-csp2/
MACS-I-C81P2/MACS-I-CSP2,3,https://iclim.ru/catalog/promyshlennye_konditsionery/fankoyly/royal_clima_macs_i_c81p2/ | https://royal.com.ru/catalog/fankoyly/royal_clima_macs_i_c81p2/ | https://iclim.ru/catalog/promyshlennye_konditsionery/fankoyly/royal_clima_macs_i_c81p2_macs_i_csp2/ | https://royal.com.ru/catalog/fankoyly/royal_clima_macs_i_c81p2_macs_i_csp2/ | https://eco-conditioner.ru/kassetnyy-fankoyl-royal-clima-macs-i-c81p2-macs-i-csp2/
MACS-I-C101P2/MACS-I-CSP2,3,https://iclim.ru/catalog/promyshlennye_konditsionery/fankoyly/royal_clima_macs_i_c101p2/ | https://royal.com.ru/catalog/fankoyly/royal_clima_macs_i_c101p2/ | https://iclim.ru/catalog/promyshlennye_konditsionery/fankoyly/royal_clima_macs_i_c101p2_macs_i_csp2/ | https://royal.com.ru/catalog/fankoyly/royal_clima_macs_i_c101p2_macs_i_csp2/ | https://eco-conditioner.ru/kassetnyy-fankoyl-royal-clima-macs-i-c101p2-macs-i-csp2/
MACS-I-C121P2/MACS-I-CSP2,3,https://iclim.ru/catalog/promyshlennye_konditsionery/fankoyly/royal_clima_macs_i_c121p2/ | https://royal.com.ru/catalog/fankoyly/royal_clima_macs_i_c121p2/ | https://iclim.ru/catalog/promyshlennye_konditsionery/fankoyly/royal_clima_macs_i_c121p2_macs_i_csp2/ | https://royal.com.ru/catalog/fankoyly/royal_clima_macs_i_c121p2_macs_i_csp2/ | https://eco-conditioner.ru/kassetnyy-fankoyl-royal-clima-macs-i-c121p2-macs-i-csp2/
MACS-I-C141P2/MACS-I-CSP2,3,https://iclim.ru/catalog/promyshlennye_konditsionery/fankoyly/royal_clima_macs_i_c141p2/ | https://royal.com.ru/catalog/fankoyly/royal_clima_macs_i_c141p2/ | https://iclim.ru/catalog/promyshlennye_konditsionery/fankoyly/royal_clima_macs_i_c141p2_macs_i_csp2/ | https://royal.com.ru/catalog/fankoyly/royal_clima_macs_i_c141p2_macs_i_csp2/ | https://eco-conditioner.ru/kassetnyy-fankoyl-royal-clima-macs-i-c141p2-macs-i-csp2/
MACS-I-C20P2K,3,https://iclim.ru/catalog/promyshlennye_konditsionery/fankoyly/royal_clima_macs_i_c20p2k/ | https://royal.com.ru/catalog/fankoyly/royal_clima_macs_i_c20p2k/
MACS-I-C28P2K,3,https://iclim.ru/catalog/promyshlennye_konditsionery/fankoyly/royal_clima_macs_i_c28p2k/ | https://royal.com.ru/catalog/fankoyly/royal_clima_macs_i_c28p2k/
MACS-I-C35P2K,3,https://iclim.ru/catalog/promyshlennye_konditsionery/fankoyly/royal_clima_macs_i_c35p2k/ | https://royal.com.ru/catalog/fankoyly/royal_clima_macs_i_c35p2k/
MACS-I-C50P2K,3,https://iclim.ru/catalog/promyshlennye_konditsionery/fankoyly/royal_clima_macs_i_c50p2k/ | https://royal.com.ru/catalog/fankoyly/royal_clima_macs_i_c50p2k/
MACS-I-C60P2K,3,https://iclim.ru/catalog/promyshlennye_konditsionery/fankoyly/royal_clima_macs_i_c60p2k/ | https://royal.com.ru/catalog/fankoyly/royal_clima_macs_i_c60p2k/
MACS-I-C75P2K,3,https://iclim.ru/catalog/promyshlennye_konditsionery/fankoyly/royal_clima_macs_i_c75p2k/ | https://royal.com.ru/catalog/fankoyly/royal_clima_macs_i_c75p2k/
MACS-I-C95P2K,3,https://iclim.ru/catalog/promyshlennye_konditsionery/fankoyly/royal_clima_macs_i_c95p2k/ | https://royal.com.ru/catalog/fankoyly/royal_clima_macs_i_c95p2k/
MACS-I-C115P2K,3,https://iclim.ru/catalog/promyshlennye_konditsionery/fankoyly/royal_clima_macs_i_c115p2k/ | https://royal.com.ru/catalog/fankoyly/royal_clima_macs_i_c115p2k/
MACS-I-C130P2K,3,https://iclim.ru/catalog/promyshlennye_konditsionery/fankoyly/royal_clima_macs_i_c130p2k/ | https://royal.com.ru/catalog/fankoyly/royal_clima_macs_i_c130p2k/
MACS-I-C25P4K,3,https://iclim.ru/catalog/promyshlennye_konditsionery/fankoyly/royal_clima_macs_i_c25p4k/ | https://royal.com.ru/catalog/fankoyly/royal_clima_macs_i_c25p4k/
MACS-I-C30P4K,3,https://iclim.ru/catalog/promyshlennye_konditsionery/fankoyly/royal_clima_macs_i_c30p4k/ | https://royal.com.ru/catalog/fankoyly/royal_clima_macs_i_c30p4k/
MACS-I-C40P4K,3,https://iclim.ru/catalog/promyshlennye_konditsionery/fankoyly/royal_clima_macs_i_c40p4k/ | https://royal.com.ru/catalog/fankoyly/royal_clima_macs_i_c40p4k/
MACS-I-C50P4K,3,https://iclim.ru/catalog/promyshlennye_konditsionery/fankoyly/royal_clima_macs_i_c50p4k/ | https://royal.com.ru/catalog/fankoyly/royal_clima_macs_i_c50p4k/
MACS-I-C60P4K,3,https://iclim.ru/catalog/promyshlennye_konditsionery/fankoyly/royal_clima_macs_i_c60p4k/ | https://royal.com.ru/catalog/fankoyly/royal_clima_macs_i_c60p4k/
MACS-I-C80P4K,3,https://iclim.ru/catalog/promyshlennye_konditsionery/fankoyly/royal_clima_macs_i_c80p4k/ | https://royal.com.ru/catalog/fankoyly/royal_clima_macs_i_c80p4k/
MACS-I-C90P4K,3,https://iclim.ru/catalog/promyshlennye_konditsionery/fankoyly/royal_clima_macs_i_c90p4k/ | https://royal.com.ru/catalog/fankoyly/royal_clima_macs_i_c90p4k/
MACS-I-C110P4K,3,https://iclim.ru/catalog/promyshlennye_konditsionery/fankoyly/royal_clima_macs_i_c110p4k/ | https://royal.com.ru/catalog/fankoyly/royal_clima_macs_i_c110p4k/
MACS-I-C20P21K,3,https://iclim.ru/catalog/promyshlennye_konditsionery/fankoyly/royal_clima_macs_i_c20p21k/ | https://royal.com.ru/catalog/fankoyly/royal_clima_macs_i_c20p21k/
MACS-I-C25P21K,3,https://iclim.ru/catalog/promyshlennye_konditsionery/fankoyly/royal_clima_macs_i_c25p21k/ | https://royal.com.ru/catalog/fankoyly/royal_clima_macs_i_c25p21k/
MACS-I-C35P21K,3,https://iclim.ru/catalog/promyshlennye_konditsionery/fankoyly/royal_clima_macs_i_c35p21k/ | https://royal.com.ru/catalog/fankoyly/royal_clima_macs_i_c35p21k/
MACS-I-C45P21K,3,https://iclim.ru/catalog/promyshlennye_konditsionery/fankoyly/royal_clima_macs_i_c45p21k/ | https://royal.com.ru/catalog/fankoyly/royal_clima_macs_i_c45p21k/
MACS-I-C55P21K,3,https://iclim.ru/catalog/promyshlennye_konditsionery/fankoyly/royal_clima_macs_i_c55p21k/ | https://royal.com.ru/catalog/fankoyly/royal_clima_macs_i_c55p21k/
