packet,series,model_folder,component,accessory_model,file,source_url,sha256,action
02,AVBC-HJDBA,AVBC-12HJDBA,panel,HPE-GNK1,06.jpg,https://hi.1clim.ru/upload/iblock/5dd/rlk0tm1j8c4zwa59jck3sdeswvufz5gi.jpg,962242ad55c647d3c6717ae3fb781c2dc6121a6ad8d0c952832de1219e5ba2bd,added
02,AVBC-HJDBA,AVBC-12HJDBA,remote,HYE-VD01,07.jpg,https://www.kaut-hisense.de/media/d5/c5/52/1681722516/1268304201_bild02_bild-hye-vd01_side_web.png?ts=1692274122,a119eab4df78b48a20abb827d0465483e440e0be9154e3869949ba4bc1fddf7a,added
02,AVBC-HJDBA,AVBC-12HJDBA,remote,HYE-VD01,08.jpg,https://www.kaut-hisense.de/media/f6/0c/81/1681722580/1268304201_bild01_bild-hye-vd01_web.png?ts=1692274121,818931f25fc081c875dd06c8b3379a3fd7e886621a966ed9fee45357aca354c1,added
02,AVBC-HJDBA,AVBC-24HJDBA,panel,HPE-GNK1,06.jpg,https://hi.1clim.ru/upload/iblock/5dd/rlk0tm1j8c4zwa59jck3sdeswvufz5gi.jpg,962242ad55c647d3c6717ae3fb781c2dc6121a6ad8d0c952832de1219e5ba2bd,added
02,AVBC-HJDBA,AVBC-24HJDBA,remote,HYE-VD01,07.jpg,https://www.kaut-hisense.de/media/d5/c5/52/1681722516/1268304201_bild02_bild-hye-vd01_side_web.png?ts=1692274122,a119eab4df78b48a20abb827d0465483e440e0be9154e3869949ba4bc1fddf7a,added
02,AVBC-HJDBA,AVBC-24HJDBA,remote,HYE-VD01,08.jpg,https://www.kaut-hisense.de/media/f6/0c/81/1681722580/1268304201_bild01_bild-hye-vd01_web.png?ts=1692274121,818931f25fc081c875dd06c8b3379a3fd7e886621a966ed9fee45357aca354c1,added
02,AVBC-HJDBA,AVBC-19HJDBA,panel,HPE-GNK1,06.jpg,https://hi.1clim.ru/upload/iblock/5dd/rlk0tm1j8c4zwa59jck3sdeswvufz5gi.jpg,962242ad55c647d3c6717ae3fb781c2dc6121a6ad8d0c952832de1219e5ba2bd,added
02,AVBC-HJDBA,AVBC-19HJDBA,remote,HYE-VD01,07.jpg,https://www.kaut-hisense.de/media/d5/c5/52/1681722516/1268304201_bild02_bild-hye-vd01_side_web.png?ts=1692274122,a119eab4df78b48a20abb827d0465483e440e0be9154e3869949ba4bc1fddf7a,added
02,AVBC-HJDBA,AVBC-19HJDBA,remote,HYE-VD01,08.jpg,https://www.kaut-hisense.de/media/f6/0c/81/1681722580/1268304201_bild01_bild-hye-vd01_web.png?ts=1692274121,818931f25fc081c875dd06c8b3379a3fd7e886621a966ed9fee45357aca354c1,added
02,AVBC-HJDBA,AVBC-30HJDBA,panel,HPE-GNK1,06.jpg,https://hi.1clim.ru/upload/iblock/5dd/rlk0tm1j8c4zwa59jck3sdeswvufz5gi.jpg,962242ad55c647d3c6717ae3fb781c2dc6121a6ad8d0c952832de1219e5ba2bd,added
02,AVBC-HJDBA,AVBC-30HJDBA,remote,HYE-VD01,07.jpg,https://www.kaut-hisense.de/media/d5/c5/52/1681722516/1268304201_bild02_bild-hye-vd01_side_web.png?ts=1692274122,a119eab4df78b48a20abb827d0465483e440e0be9154e3869949ba4bc1fddf7a,added
02,AVBC-HJDBA,AVBC-30HJDBA,remote,HYE-VD01,08.jpg,https://www.kaut-hisense.de/media/f6/0c/81/1681722580/1268304201_bild01_bild-hye-vd01_web.png?ts=1692274121,818931f25fc081c875dd06c8b3379a3fd7e886621a966ed9fee45357aca354c1,added
02,AVBC-HJDBA,AVBC-27HJDBA,panel,HPE-GNK1,06.jpg,https://hi.1clim.ru/upload/iblock/5dd/rlk0tm1j8c4zwa59jck3sdeswvufz5gi.jpg,962242ad55c647d3c6717ae3fb781c2dc6121a6ad8d0c952832de1219e5ba2bd,added
02,AVBC-HJDBA,AVBC-27HJDBA,remote,HYE-VD01,07.jpg,https://www.kaut-hisense.de/media/d5/c5/52/1681722516/1268304201_bild02_bild-hye-vd01_side_web.png?ts=1692274122,a119eab4df78b48a20abb827d0465483e440e0be9154e3869949ba4bc1fddf7a,added
02,AVBC-HJDBA,AVBC-27HJDBA,remote,HYE-VD01,08.jpg,https://www.kaut-hisense.de/media/f6/0c/81/1681722580/1268304201_bild01_bild-hye-vd01_web.png?ts=1692274121,818931f25fc081c875dd06c8b3379a3fd7e886621a966ed9fee45357aca354c1,added
02,AVBC-HJDBA,AVBC-15HJDBA,panel,HPE-GNK1,06.jpg,https://hi.1clim.ru/upload/iblock/5dd/rlk0tm1j8c4zwa59jck3sdeswvufz5gi.jpg,962242ad55c647d3c6717ae3fb781c2dc6121a6ad8d0c952832de1219e5ba2bd,added
02,AVBC-HJDBA,AVBC-15HJDBA,remote,HYE-VD01,07.jpg,https://www.kaut-hisense.de/media/d5/c5/52/1681722516/1268304201_bild02_bild-hye-vd01_side_web.png?ts=1692274122,a119eab4df78b48a20abb827d0465483e440e0be9154e3869949ba4bc1fddf7a,added
02,AVBC-HJDBA,AVBC-15HJDBA,remote,HYE-VD01,08.jpg,https://www.kaut-hisense.de/media/f6/0c/81/1681722580/1268304201_bild01_bild-hye-vd01_web.png?ts=1692274121,818931f25fc081c875dd06c8b3379a3fd7e886621a966ed9fee45357aca354c1,added
02,AVBC-HJDBA,AVBC-54HJDBA,panel,HPE-GNK1,06.jpg,https://hi.1clim.ru/upload/iblock/5dd/rlk0tm1j8c4zwa59jck3sdeswvufz5gi.jpg,962242ad55c647d3c6717ae3fb781c2dc6121a6ad8d0c952832de1219e5ba2bd,added
02,AVBC-HJDBA,AVBC-54HJDBA,remote,HYE-VD01,07.jpg,https://www.kaut-hisense.de/media/d5/c5/52/1681722516/1268304201_bild02_bild-hye-vd01_side_web.png?ts=1692274122,a119eab4df78b48a20abb827d0465483e440e0be9154e3869949ba4bc1fddf7a,added
02,AVBC-HJDBA,AVBC-54HJDBA,remote,HYE-VD01,08.jpg,https://www.kaut-hisense.de/media/f6/0c/81/1681722580/1268304201_bild01_bild-hye-vd01_web.png?ts=1692274121,818931f25fc081c875dd06c8b3379a3fd7e886621a966ed9fee45357aca354c1,added
02,AVBC-HJDBA,AVBC-48HJDBA,panel,HPE-GNK1,06.jpg,https://hi.1clim.ru/upload/iblock/5dd/rlk0tm1j8c4zwa59jck3sdeswvufz5gi.jpg,962242ad55c647d3c6717ae3fb781c2dc6121a6ad8d0c952832de1219e5ba2bd,added
02,AVBC-HJDBA,AVBC-48HJDBA,remote,HYE-VD01,07.jpg,https://www.kaut-hisense.de/media/d5/c5/52/1681722516/1268304201_bild02_bild-hye-vd01_side_web.png?ts=1692274122,a119eab4df78b48a20abb827d0465483e440e0be9154e3869949ba4bc1fddf7a,added
02,AVBC-HJDBA,AVBC-48HJDBA,remote,HYE-VD01,08.jpg,https://www.kaut-hisense.de/media/f6/0c/81/1681722580/1268304201_bild01_bild-hye-vd01_web.png?ts=1692274121,818931f25fc081c875dd06c8b3379a3fd7e886621a966ed9fee45357aca354c1,added
02,AVBC-HJDBA,AVBC-22HJDBA,panel,HPE-GNK1,06.jpg,https://hi.1clim.ru/upload/iblock/5dd/rlk0tm1j8c4zwa59jck3sdeswvufz5gi.jpg,962242ad55c647d3c6717ae3fb781c2dc6121a6ad8d0c952832de1219e5ba2bd,added
02,AVBC-HJDBA,AVBC-22HJDBA,remote,HYE-VD01,07.jpg,https://www.kaut-hisense.de/media/d5/c5/52/1681722516/1268304201_bild02_bild-hye-vd01_side_web.png?ts=1692274122,a119eab4df78b48a20abb827d0465483e440e0be9154e3869949ba4bc1fddf7a,added
02,AVBC-HJDBA,AVBC-22HJDBA,remote,HYE-VD01,08.jpg,https://www.kaut-hisense.de/media/f6/0c/81/1681722580/1268304201_bild01_bild-hye-vd01_web.png?ts=1692274121,818931f25fc081c875dd06c8b3379a3fd7e886621a966ed9fee45357aca354c1,added
02,AVBC-HJDBA,AVBC-38HJDBA,panel,HPE-GNK1,06.jpg,https://hi.1clim.ru/upload/iblock/5dd/rlk0tm1j8c4zwa59jck3sdeswvufz5gi.jpg,962242ad55c647d3c6717ae3fb781c2dc6121a6ad8d0c952832de1219e5ba2bd,added
02,AVBC-HJDBA,AVBC-38HJDBA,remote,HYE-VD01,07.jpg,https://www.kaut-hisense.de/media/d5/c5/52/1681722516/1268304201_bild02_bild-hye-vd01_side_web.png?ts=1692274122,a119eab4df78b48a20abb827d0465483e440e0be9154e3869949ba4bc1fddf7a,added
02,AVBC-HJDBA,AVBC-38HJDBA,remote,HYE-VD01,08.jpg,https://www.kaut-hisense.de/media/f6/0c/81/1681722580/1268304201_bild01_bild-hye-vd01_web.png?ts=1692274121,818931f25fc081c875dd06c8b3379a3fd7e886621a966ed9fee45357aca354c1,added
02,AVBC-HJDBA,AVBC-09HJDBA,panel,HPE-GNK1,06.jpg,https://hi.1clim.ru/upload/iblock/5dd/rlk0tm1j8c4zwa59jck3sdeswvufz5gi.jpg,962242ad55c647d3c6717ae3fb781c2dc6121a6ad8d0c952832de1219e5ba2bd,added
02,AVBC-HJDBA,AVBC-09HJDBA,remote,HYE-VD01,07.jpg,https://www.kaut-hisense.de/media/d5/c5/52/1681722516/1268304201_bild02_bild-hye-vd01_side_web.png?ts=1692274122,a119eab4df78b48a20abb827d0465483e440e0be9154e3869949ba4bc1fddf7a,added
02,AVBC-HJDBA,AVBC-09HJDBA,remote,HYE-VD01,08.jpg,https://www.kaut-hisense.de/media/f6/0c/81/1681722580/1268304201_bild01_bild-hye-vd01_web.png?ts=1692274121,818931f25fc081c875dd06c8b3379a3fd7e886621a966ed9fee45357aca354c1,added
02,AVBC-HJFKA,AVBC-48HJFKA,panel,HP-G-NK,06.jpg,https://schiessl.pl/Zdj%C4%99cia%20produkt%C3%B3w_new%20schiessl/Klimatyzacja%20VRF/Akcesoria%20klimatyzacja_VRF/wyposa%C5%BCenie%20dodatkowe/53861/image-thumb__53861__gallery_large_photo/HP-G-NK.jpg,2eae87382a9ce79c374c1998d395e46cac8d10592af0e7e23bbcc062dec02072,added
02,AVBC-HJFKA,AVBC-19HJFKA,panel,HP-G-NK,06.jpg,https://schiessl.pl/Zdj%C4%99cia%20produkt%C3%B3w_new%20schiessl/Klimatyzacja%20VRF/Akcesoria%20klimatyzacja_VRF/wyposa%C5%BCenie%20dodatkowe/53861/image-thumb__53861__gallery_large_photo/HP-G-NK.jpg,2eae87382a9ce79c374c1998d395e46cac8d10592af0e7e23bbcc062dec02072,added
02,AVBC-HJFKA,AVBC-24HJFKA,panel,HP-G-NK,06.jpg,https://schiessl.pl/Zdj%C4%99cia%20produkt%C3%B3w_new%20schiessl/Klimatyzacja%20VRF/Akcesoria%20klimatyzacja_VRF/wyposa%C5%BCenie%20dodatkowe/53861/image-thumb__53861__gallery_large_photo/HP-G-NK.jpg,2eae87382a9ce79c374c1998d395e46cac8d10592af0e7e23bbcc062dec02072,added
02,AVBC-HJFKA,AVBC-38HJFKA,panel,HP-G-NK,06.jpg,https://schiessl.pl/Zdj%C4%99cia%20produkt%C3%B3w_new%20schiessl/Klimatyzacja%20VRF/Akcesoria%20klimatyzacja_VRF/wyposa%C5%BCenie%20dodatkowe/53861/image-thumb__53861__gallery_large_photo/HP-G-NK.jpg,2eae87382a9ce79c374c1998d395e46cac8d10592af0e7e23bbcc062dec02072,added
02,AVBC-HJFKA,AVBC-30HJFKA,panel,HP-G-NK,06.jpg,https://schiessl.pl/Zdj%C4%99cia%20produkt%C3%B3w_new%20schiessl/Klimatyzacja%20VRF/Akcesoria%20klimatyzacja_VRF/wyposa%C5%BCenie%20dodatkowe/53861/image-thumb__53861__gallery_large_photo/HP-G-NK.jpg,2eae87382a9ce79c374c1998d395e46cac8d10592af0e7e23bbcc062dec02072,added
02,AVBC-HJFKA,AVBC-54HJFKA,panel,HP-G-NK,06.jpg,https://schiessl.pl/Zdj%C4%99cia%20produkt%C3%B3w_new%20schiessl/Klimatyzacja%20VRF/Akcesoria%20klimatyzacja_VRF/wyposa%C5%BCenie%20dodatkowe/53861/image-thumb__53861__gallery_large_photo/HP-G-NK.jpg,2eae87382a9ce79c374c1998d395e46cac8d10592af0e7e23bbcc062dec02072,added
03,AVS-HJDTD,AVS-09HJDTD,remote,HYE-VD01,05.jpg,https://www.kaut-hisense.de/media/d5/c5/52/1681722516/1268304201_bild02_bild-hye-vd01_side_web.png?ts=1692274122,a119eab4df78b48a20abb827d0465483e440e0be9154e3869949ba4bc1fddf7a,added
03,AVS-HJDTD,AVS-09HJDTD,remote,HYE-VD01,06.jpg,https://www.kaut-hisense.de/media/f6/0c/81/1681722580/1268304201_bild01_bild-hye-vd01_web.png?ts=1692274121,818931f25fc081c875dd06c8b3379a3fd7e886621a966ed9fee45357aca354c1,added
03,AVS-HJDTD,AVS-12HJDTD,remote,HYE-VD01,05.jpg,https://www.kaut-hisense.de/media/d5/c5/52/1681722516/1268304201_bild02_bild-hye-vd01_side_web.png?ts=1692274122,a119eab4df78b48a20abb827d0465483e440e0be9154e3869949ba4bc1fddf7a,added
03,AVS-HJDTD,AVS-12HJDTD,remote,HYE-VD01,06.jpg,https://www.kaut-hisense.de/media/f6/0c/81/1681722580/1268304201_bild01_bild-hye-vd01_web.png?ts=1692274121,818931f25fc081c875dd06c8b3379a3fd7e886621a966ed9fee45357aca354c1,added
03,AVS-HJDTD,AVS-07HJDTD,remote,HYE-VD01,05.jpg,https://www.kaut-hisense.de/media/d5/c5/52/1681722516/1268304201_bild02_bild-hye-vd01_side_web.png?ts=1692274122,a119eab4df78b48a20abb827d0465483e440e0be9154e3869949ba4bc1fddf7a,added
03,AVS-HJDTD,AVS-07HJDTD,remote,HYE-VD01,06.jpg,https://www.kaut-hisense.de/media/f6/0c/81/1681722580/1268304201_bild01_bild-hye-vd01_web.png?ts=1692274121,818931f25fc081c875dd06c8b3379a3fd7e886621a966ed9fee45357aca354c1,added
03,AVS-HJDTD,AVS-05HJDTD,remote,HYE-VD01,05.jpg,https://www.kaut-hisense.de/media/d5/c5/52/1681722516/1268304201_bild02_bild-hye-vd01_side_web.png?ts=1692274122,a119eab4df78b48a20abb827d0465483e440e0be9154e3869949ba4bc1fddf7a,added
03,AVS-HJDTD,AVS-05HJDTD,remote,HYE-VD01,06.jpg,https://www.kaut-hisense.de/media/f6/0c/81/1681722580/1268304201_bild01_bild-hye-vd01_web.png?ts=1692274121,818931f25fc081c875dd06c8b3379a3fd7e886621a966ed9fee45357aca354c1,added
03,AVS-HJDTD,AVS-28HJDTD,remote,HYE-VD01,05.jpg,https://www.kaut-hisense.de/media/d5/c5/52/1681722516/1268304201_bild02_bild-hye-vd01_side_web.png?ts=1692274122,a119eab4df78b48a20abb827d0465483e440e0be9154e3869949ba4bc1fddf7a,added
03,AVS-HJDTD,AVS-28HJDTD,remote,HYE-VD01,06.jpg,https://www.kaut-hisense.de/media/f6/0c/81/1681722580/1268304201_bild01_bild-hye-vd01_web.png?ts=1692274121,818931f25fc081c875dd06c8b3379a3fd7e886621a966ed9fee45357aca354c1,added
03,AVS-HJDTD,AVS-19HJDTD,remote,HYE-VD01,05.jpg,https://www.kaut-hisense.de/media/d5/c5/52/1681722516/1268304201_bild02_bild-hye-vd01_side_web.png?ts=1692274122,a119eab4df78b48a20abb827d0465483e440e0be9154e3869949ba4bc1fddf7a,added
03,AVS-HJDTD,AVS-19HJDTD,remote,HYE-VD01,06.jpg,https://www.kaut-hisense.de/media/f6/0c/81/1681722580/1268304201_bild01_bild-hye-vd01_web.png?ts=1692274121,818931f25fc081c875dd06c8b3379a3fd7e886621a966ed9fee45357aca354c1,added
03,AVS-HJDTD,AVS-24HJDTD,remote,HYE-VD01,05.jpg,https://www.kaut-hisense.de/media/d5/c5/52/1681722516/1268304201_bild02_bild-hye-vd01_side_web.png?ts=1692274122,a119eab4df78b48a20abb827d0465483e440e0be9154e3869949ba4bc1fddf7a,added
03,AVS-HJDTD,AVS-24HJDTD,remote,HYE-VD01,06.jpg,https://www.kaut-hisense.de/media/f6/0c/81/1681722580/1268304201_bild01_bild-hye-vd01_web.png?ts=1692274121,818931f25fc081c875dd06c8b3379a3fd7e886621a966ed9fee45357aca354c1,added
03,AVS-HJDTD,AVS-15HJDTD,remote,HYE-VD01,05.jpg,https://www.kaut-hisense.de/media/d5/c5/52/1681722516/1268304201_bild02_bild-hye-vd01_side_web.png?ts=1692274122,a119eab4df78b48a20abb827d0465483e440e0be9154e3869949ba4bc1fddf7a,added
03,AVS-HJDTD,AVS-15HJDTD,remote,HYE-VD01,06.jpg,https://www.kaut-hisense.de/media/f6/0c/81/1681722580/1268304201_bild01_bild-hye-vd01_web.png?ts=1692274121,818931f25fc081c875dd06c8b3379a3fd7e886621a966ed9fee45357aca354c1,added
03,AVF-H2FDA,AVF-48H2FDA,remote,HYE-VD01,06.jpg,https://www.kaut-hisense.de/media/d5/c5/52/1681722516/1268304201_bild02_bild-hye-vd01_side_web.png?ts=1692274122,a119eab4df78b48a20abb827d0465483e440e0be9154e3869949ba4bc1fddf7a,added
03,AVF-H2FDA,AVF-48H2FDA,remote,HYE-VD01,07.jpg,https://www.kaut-hisense.de/media/f6/0c/81/1681722580/1268304201_bild01_bild-hye-vd01_web.png?ts=1692274121,818931f25fc081c875dd06c8b3379a3fd7e886621a966ed9fee45357aca354c1,added
03,AVF-H2FDA,AVF-96H2FDA,remote,HYE-VD01,06.jpg,https://www.kaut-hisense.de/media/d5/c5/52/1681722516/1268304201_bild02_bild-hye-vd01_side_web.png?ts=1692274122,a119eab4df78b48a20abb827d0465483e440e0be9154e3869949ba4bc1fddf7a,added
03,AVF-H2FDA,AVF-96H2FDA,remote,HYE-VD01,07.jpg,https://www.kaut-hisense.de/media/f6/0c/81/1681722580/1268304201_bild01_bild-hye-vd01_web.png?ts=1692274121,818931f25fc081c875dd06c8b3379a3fd7e886621a966ed9fee45357aca354c1,added
03,AVF-H2FDA,AVF-36H2FDA,remote,HYE-VD01,06.jpg,https://www.kaut-hisense.de/media/d5/c5/52/1681722516/1268304201_bild02_bild-hye-vd01_side_web.png?ts=1692274122,a119eab4df78b48a20abb827d0465483e440e0be9154e3869949ba4bc1fddf7a,added
03,AVF-H2FDA,AVF-36H2FDA,remote,HYE-VD01,07.jpg,https://www.kaut-hisense.de/media/f6/0c/81/1681722580/1268304201_bild01_bild-hye-vd01_web.png?ts=1692274121,818931f25fc081c875dd06c8b3379a3fd7e886621a966ed9fee45357aca354c1,added
03,AVF-H2FDA,AVF-56H2FDA,remote,HYE-VD01,06.jpg,https://www.kaut-hisense.de/media/d5/c5/52/1681722516/1268304201_bild02_bild-hye-vd01_side_web.png?ts=1692274122,a119eab4df78b48a20abb827d0465483e440e0be9154e3869949ba4bc1fddf7a,added
03,AVF-H2FDA,AVF-56H2FDA,remote,HYE-VD01,07.jpg,https://www.kaut-hisense.de/media/f6/0c/81/1681722580/1268304201_bild01_bild-hye-vd01_web.png?ts=1692274121,818931f25fc081c875dd06c8b3379a3fd7e886621a966ed9fee45357aca354c1,added
04,AVD-HJDH,AVD-24HJDH1,controller,HYXE-VA01A,05.jpg,https://es.hisensehvac.com/upload/images/20203/20203281830361345420.png,3db71c402c4c651c2e543fda3459bb690258c0a4f8b74168bf2df084bf5acb53,added
04,AVD-HJDH,AVD-24HJDH1,controller,HYXE-VC01,06.jpg,https://hisenseair.ru/image/cache/catalog/hisense/HYXE_VC01_HYXE-VC01-500x500.png,31117873405720d09d0eb819c1aee655f53395226c1a568296118a495e269d08,added
04,AVD-HJDH,AVD-54HJDH,controller,HYXE-VA01A,05.jpg,https://es.hisensehvac.com/upload/images/20203/20203281830361345420.png,3db71c402c4c651c2e543fda3459bb690258c0a4f8b74168bf2df084bf5acb53,added
04,AVD-HJDH,AVD-54HJDH,controller,HYXE-VC01,06.jpg,https://hisenseair.ru/image/cache/catalog/hisense/HYXE_VC01_HYXE-VC01-500x500.png,31117873405720d09d0eb819c1aee655f53395226c1a568296118a495e269d08,added
04,AVD-HJDH,AVD-09HJDH,controller,HYXE-VA01A,05.jpg,https://es.hisensehvac.com/upload/images/20203/20203281830361345420.png,3db71c402c4c651c2e543fda3459bb690258c0a4f8b74168bf2df084bf5acb53,added
04,AVD-HJDH,AVD-09HJDH,controller,HYXE-VC01,06.jpg,https://hisenseair.ru/image/cache/catalog/hisense/HYXE_VC01_HYXE-VC01-500x500.png,31117873405720d09d0eb819c1aee655f53395226c1a568296118a495e269d08,added
04,AVD-HJDH,AVD-76HJDH,controller,HYXE-VA01A,05.jpg,https://es.hisensehvac.com/upload/images/20203/20203281830361345420.png,3db71c402c4c651c2e543fda3459bb690258c0a4f8b74168bf2df084bf5acb53,added
04,AVD-HJDH,AVD-76HJDH,controller,HYXE-VC01,06.jpg,https://hisenseair.ru/image/cache/catalog/hisense/HYXE_VC01_HYXE-VC01-500x500.png,31117873405720d09d0eb819c1aee655f53395226c1a568296118a495e269d08,added
04,AVD-HJDH,AVD-24HJDH,controller,HYXE-VA01A,05.jpg,https://es.hisensehvac.com/upload/images/20203/20203281830361345420.png,3db71c402c4c651c2e543fda3459bb690258c0a4f8b74168bf2df084bf5acb53,added
04,AVD-HJDH,AVD-24HJDH,controller,HYXE-VC01,06.jpg,https://hisenseair.ru/image/cache/catalog/hisense/HYXE_VC01_HYXE-VC01-500x500.png,31117873405720d09d0eb819c1aee655f53395226c1a568296118a495e269d08,added
04,AVD-HJDH,AVD-19HJDH,controller,HYXE-VA01A,05.jpg,https://es.hisensehvac.com/upload/images/20203/20203281830361345420.png,3db71c402c4c651c2e543fda3459bb690258c0a4f8b74168bf2df084bf5acb53,added
04,AVD-HJDH,AVD-19HJDH,controller,HYXE-VC01,06.jpg,https://hisenseair.ru/image/cache/catalog/hisense/HYXE_VC01_HYXE-VC01-500x500.png,31117873405720d09d0eb819c1aee655f53395226c1a568296118a495e269d08,added
04,AVD-HJDH,AVD-42HJDH,controller,HYXE-VA01A,05.jpg,https://es.hisensehvac.com/upload/images/20203/20203281830361345420.png,3db71c402c4c651c2e543fda3459bb690258c0a4f8b74168bf2df084bf5acb53,added
04,AVD-HJDH,AVD-42HJDH,controller,HYXE-VC01,06.jpg,https://hisenseair.ru/image/cache/catalog/hisense/HYXE_VC01_HYXE-VC01-500x500.png,31117873405720d09d0eb819c1aee655f53395226c1a568296118a495e269d08,added
04,AVD-HJDH,AVD-12HJDH,controller,HYXE-VA01A,05.jpg,https://es.hisensehvac.com/upload/images/20203/20203281830361345420.png,3db71c402c4c651c2e543fda3459bb690258c0a4f8b74168bf2df084bf5acb53,added
04,AVD-HJDH,AVD-12HJDH,controller,HYXE-VC01,06.jpg,https://hisenseair.ru/image/cache/catalog/hisense/HYXE_VC01_HYXE-VC01-500x500.png,31117873405720d09d0eb819c1aee655f53395226c1a568296118a495e269d08,added
04,AVD-HJDH,AVD-96HJDH,controller,HYXE-VA01A,05.jpg,https://es.hisensehvac.com/upload/images/20203/20203281830361345420.png,3db71c402c4c651c2e543fda3459bb690258c0a4f8b74168bf2df084bf5acb53,added
04,AVD-HJDH,AVD-96HJDH,controller,HYXE-VC01,06.jpg,https://hisenseair.ru/image/cache/catalog/hisense/HYXE_VC01_HYXE-VC01-500x500.png,31117873405720d09d0eb819c1aee655f53395226c1a568296118a495e269d08,added
04,AVD-HJDH,AVD-15HJDH,controller,HYXE-VA01A,05.jpg,https://es.hisensehvac.com/upload/images/20203/20203281830361345420.png,3db71c402c4c651c2e543fda3459bb690258c0a4f8b74168bf2df084bf5acb53,added
04,AVD-HJDH,AVD-15HJDH,controller,HYXE-VC01,06.jpg,https://hisenseair.ru/image/cache/catalog/hisense/HYXE_VC01_HYXE-VC01-500x500.png,31117873405720d09d0eb819c1aee655f53395226c1a568296118a495e269d08,added
04,AVD-HJDH,AVD-38HJDH,controller,HYXE-VA01A,05.jpg,https://es.hisensehvac.com/upload/images/20203/20203281830361345420.png,3db71c402c4c651c2e543fda3459bb690258c0a4f8b74168bf2df084bf5acb53,added
04,AVD-HJDH,AVD-38HJDH,controller,HYXE-VC01,06.jpg,https://hisenseair.ru/image/cache/catalog/hisense/HYXE_VC01_HYXE-VC01-500x500.png,31117873405720d09d0eb819c1aee655f53395226c1a568296118a495e269d08,added
04,AVD-HJDH,AVD-30HJDH,controller,HYXE-VA01A,05.jpg,https://es.hisensehvac.com/upload/images/20203/20203281830361345420.png,3db71c402c4c651c2e543fda3459bb690258c0a4f8b74168bf2df084bf5acb53,added
04,AVD-HJDH,AVD-30HJDH,controller,HYXE-VC01,06.jpg,https://hisenseair.ru/image/cache/catalog/hisense/HYXE_VC01_HYXE-VC01-500x500.png,31117873405720d09d0eb819c1aee655f53395226c1a568296118a495e269d08,added
04,AVD-HJDH,AVD-48HJDH,controller,HYXE-VA01A,05.jpg,https://es.hisensehvac.com/upload/images/20203/20203281830361345420.png,3db71c402c4c651c2e543fda3459bb690258c0a4f8b74168bf2df084bf5acb53,added
04,AVD-HJDH,AVD-48HJDH,controller,HYXE-VC01,06.jpg,https://hisenseair.ru/image/cache/catalog/hisense/HYXE_VC01_HYXE-VC01-500x500.png,31117873405720d09d0eb819c1aee655f53395226c1a568296118a495e269d08,added
05,AVE-HJDDH,AVE-12HJDDH,controller,HYXE-VC01,11.jpg,https://hisenseair.ru/image/cache/catalog/hisense/HYXE_VC01_HYXE-VC01-500x500.png,31117873405720d09d0eb819c1aee655f53395226c1a568296118a495e269d08,added
05,AVE-HJDDH,AVE-07HJDDH,controller,HYXE-VC01,11.jpg,https://hisenseair.ru/image/cache/catalog/hisense/HYXE_VC01_HYXE-VC01-500x500.png,31117873405720d09d0eb819c1aee655f53395226c1a568296118a495e269d08,added
05,AVE-HJDDH,AVE-19HJDDH,controller,HYXE-VC01,11.jpg,https://hisenseair.ru/image/cache/catalog/hisense/HYXE_VC01_HYXE-VC01-500x500.png,31117873405720d09d0eb819c1aee655f53395226c1a568296118a495e269d08,added
05,AVE-HJDDH,AVE-09HJDDH,controller,HYXE-VC01,11.jpg,https://hisenseair.ru/image/cache/catalog/hisense/HYXE_VC01_HYXE-VC01-500x500.png,31117873405720d09d0eb819c1aee655f53395226c1a568296118a495e269d08,added
05,AVE-HJDDH,AVE-05HJDDH,controller,HYXE-VC01,11.jpg,https://hisenseair.ru/image/cache/catalog/hisense/HYXE_VC01_HYXE-VC01-500x500.png,31117873405720d09d0eb819c1aee655f53395226c1a568296118a495e269d08,added
05,AVE-HJDDH,AVE-24HJDDH,controller,HYXE-VC01,11.jpg,https://hisenseair.ru/image/cache/catalog/hisense/HYXE_VC01_HYXE-VC01-500x500.png,31117873405720d09d0eb819c1aee655f53395226c1a568296118a495e269d08,added
05,AVE-HJDDH,AVE-15HJDDH,controller,HYXE-VC01,11.jpg,https://hisenseair.ru/image/cache/catalog/hisense/HYXE_VC01_HYXE-VC01-500x500.png,31117873405720d09d0eb819c1aee655f53395226c1a568296118a495e269d08,added
