packet,model,series,folder,final_files,severity,reasons
01,AVC-05HJDBA,AVC-HJDBA,AVC-HJDBA/AVC-05HJDBA,10,limitation,German Kaut lists HPE-DNK1 separately; Russian target catalog treats panel as included
01,AVC-07HJDBA,AVC-HJDBA,AVC-HJDBA/AVC-07HJDBA,10,limitation,German Kaut lists HPE-DNK1 separately; Russian target catalog treats panel as included
01,AVC-09HJDBA,AVC-HJDBA,AVC-HJDBA/AVC-09HJDBA,10,limitation,German Kaut lists HPE-DNK1 separately; Russian target catalog treats panel as included
01,AVC-12HJDBA,AVC-HJDBA,AVC-HJDBA/AVC-12HJDBA,10,limitation,German Kaut lists HPE-DNK1 separately; Russian target catalog treats panel as included
01,AVC-15HJDBA,AVC-HJDBA,AVC-HJDBA/AVC-15HJDBA,10,limitation,German Kaut lists HPE-DNK1 separately; Russian target catalog treats panel as included
01,AVC-17HJDBA,AVC-HJDBA,AVC-HJDBA/AVC-17HJDBA,10,limitation,German Kaut lists HPE-DNK1 separately; Russian target catalog treats panel as included
01,AVC-19HJDBA,AVC-HJDBA,AVC-HJDBA/AVC-19HJDBA,10,limitation,German Kaut lists HPE-DNK1 separately; Russian target catalog treats panel as included
01,AVY-05HJDA,AVY-HJDA,AVY-HJDA/AVY-05HJDA,4,limitation,Only one clean exact-product-page indoor render found; dealer reuses the same family render across both chassis sizes; separate panel-only render not found. Panel model/size is specification-confirmed.
01,AVY-07HJDA,AVY-HJDA,AVY-HJDA/AVY-07HJDA,4,limitation,Only one clean exact-product-page indoor render found; dealer reuses the same family render across both chassis sizes; separate panel-only render not found. Panel model/size is specification-confirmed.
01,AVY-09HJDA,AVY-HJDA,AVY-HJDA/AVY-09HJDA,4,limitation,Only one clean exact-product-page indoor render found; dealer reuses the same family render across both chassis sizes; separate panel-only render not found. Panel model/size is specification-confirmed.
01,AVY-12HJDA,AVY-HJDA,AVY-HJDA/AVY-12HJDA,4,limitation,Only one clean exact-product-page indoor render found; dealer reuses the same family render across both chassis sizes; separate panel-only render not found. Panel model/size is specification-confirmed.
01,AVY-15HJDA,AVY-HJDA,AVY-HJDA/AVY-15HJDA,4,limitation,Only one clean exact-product-page indoor render found; dealer reuses the same family render across both chassis sizes; separate panel-only render not found. Panel model/size is specification-confirmed.
01,AVY-19HJDA,AVY-HJDA,AVY-HJDA/AVY-19HJDA,4,limitation,Only one clean exact-product-page indoor render found; dealer reuses the same family render across both chassis sizes; separate panel-only render not found. Panel model/size is specification-confirmed.
01,AVY-24HJDA,AVY-HJDA,AVY-HJDA/AVY-24HJDA,4,limitation,Only one clean exact-product-page indoor render found; dealer reuses the same family render across both chassis sizes; separate panel-only render not found. Panel model/size is specification-confirmed.
02,AVBC-19HJFKA,AVBC-HJFKA,AVBC-HJFKA/AVBC-19HJFKA,6,limitation,"removed: MirCli/Hisense authorized service certificate | removed: MirCli/Hisense official dealer certificate | added exact HP-G-NK panel; wireless remote exact model unspecified in source data | wireless remote is specified, but exact model is not specified; no guessed remote added | controller/remote exact model unresolved in source data"
02,AVBC-24HJFKA,AVBC-HJFKA,AVBC-HJFKA/AVBC-24HJFKA,6,limitation,"removed: MirCli/Hisense authorized service certificate | removed: MirCli/Hisense official dealer certificate | added exact HP-G-NK panel; wireless remote exact model unspecified in source data | wireless remote is specified, but exact model is not specified; no guessed remote added | controller/remote exact model unresolved in source data"
02,AVBC-30HJFKA,AVBC-HJFKA,AVBC-HJFKA/AVBC-30HJFKA,6,limitation,"removed: MirCli/Hisense authorized service certificate | removed: MirCli/Hisense official dealer certificate | added exact HP-G-NK panel; wireless remote exact model unspecified in source data | wireless remote is specified, but exact model is not specified; no guessed remote added | controller/remote exact model unresolved in source data"
02,AVBC-38HJFKA,AVBC-HJFKA,AVBC-HJFKA/AVBC-38HJFKA,6,limitation,"removed: MirCli/Hisense authorized service certificate | removed: MirCli/Hisense official dealer certificate | added exact HP-G-NK panel; wireless remote exact model unspecified in source data | wireless remote is specified, but exact model is not specified; no guessed remote added | controller/remote exact model unresolved in source data"
02,AVBC-48HJFKA,AVBC-HJFKA,AVBC-HJFKA/AVBC-48HJFKA,6,limitation,"removed: MirCli/Hisense authorized service certificate | removed: MirCli/Hisense official dealer certificate | added exact HP-G-NK panel; wireless remote exact model unspecified in source data | wireless remote is specified, but exact model is not specified; no guessed remote added | controller/remote exact model unresolved in source data"
02,AVBC-54HJFKA,AVBC-HJFKA,AVBC-HJFKA/AVBC-54HJFKA,6,limitation,"removed: MirCli/Hisense authorized service certificate | removed: MirCli/Hisense official dealer certificate | added exact HP-G-NK panel; wireless remote exact model unspecified in source data | wireless remote is specified, but exact model is not specified; no guessed remote added | controller/remote exact model unresolved in source data"
02,AVBC-09HJDBA,AVBC-HJDBA,AVBC-HJDBA/AVBC-09HJDBA,8,limitation,removed: Hisense HVAC promotional multi-product banner | removed: MirCli/Hisense authorized service certificate | removed: Hisense/Hitachi corporate/factory promotional image | removed: MirCli/Hisense official dealer certificate | added exact HPE-GNK1 panel and HYE-VD01 remote
02,AVBC-12HJDBA,AVBC-HJDBA,AVBC-HJDBA/AVBC-12HJDBA,8,limitation,removed: MirCli/Hisense authorized service certificate | removed: MirCli/Hisense official dealer certificate | added exact HPE-GNK1 panel and HYE-VD01 remote
02,AVBC-15HJDBA,AVBC-HJDBA,AVBC-HJDBA/AVBC-15HJDBA,8,limitation,removed: Hisense HVAC promotional multi-product banner | removed: MirCli/Hisense authorized service certificate | removed: Hisense/Hitachi corporate/factory promotional image | removed: MirCli/Hisense official dealer certificate | added exact HPE-GNK1 panel and HYE-VD01 remote
02,AVBC-19HJDBA,AVBC-HJDBA,AVBC-HJDBA/AVBC-19HJDBA,8,limitation,removed: Hisense HVAC promotional multi-product banner | removed: MirCli/Hisense authorized service certificate | removed: Hisense/Hitachi corporate/factory promotional image | removed: MirCli/Hisense official dealer certificate | added exact HPE-GNK1 panel and HYE-VD01 remote
02,AVBC-22HJDBA,AVBC-HJDBA,AVBC-HJDBA/AVBC-22HJDBA,8,limitation,removed: MirCli/Hisense authorized service certificate | removed: MirCli/Hisense official dealer certificate | added exact HPE-GNK1 panel and HYE-VD01 remote
02,AVBC-24HJDBA,AVBC-HJDBA,AVBC-HJDBA/AVBC-24HJDBA,8,limitation,removed: Hisense HVAC promotional multi-product banner | removed: MirCli/Hisense authorized service certificate | removed: Hisense/Hitachi corporate/factory promotional image | removed: MirCli/Hisense official dealer certificate | added exact HPE-GNK1 panel and HYE-VD01 remote
02,AVBC-27HJDBA,AVBC-HJDBA,AVBC-HJDBA/AVBC-27HJDBA,8,limitation,removed: MirCli/Hisense authorized service certificate | removed: MirCli/Hisense official dealer certificate | added exact HPE-GNK1 panel and HYE-VD01 remote
02,AVBC-30HJDBA,AVBC-HJDBA,AVBC-HJDBA/AVBC-30HJDBA,8,limitation,removed: Hisense HVAC promotional multi-product banner | removed: MirCli/Hisense authorized service certificate | removed: Hisense/Hitachi corporate/factory promotional image | removed: MirCli/Hisense official dealer certificate | added exact HPE-GNK1 panel and HYE-VD01 remote
02,AVBC-38HJDBA,AVBC-HJDBA,AVBC-HJDBA/AVBC-38HJDBA,8,limitation,removed: Hisense HVAC promotional multi-product banner | removed: MirCli/Hisense authorized service certificate | removed: Hisense/Hitachi corporate/factory promotional image | removed: MirCli/Hisense official dealer certificate | added exact HPE-GNK1 panel and HYE-VD01 remote
02,AVBC-48HJDBA,AVBC-HJDBA,AVBC-HJDBA/AVBC-48HJDBA,8,limitation,removed: Hisense HVAC promotional multi-product banner | removed: MirCli/Hisense authorized service certificate | removed: Hisense/Hitachi corporate/factory promotional image | removed: MirCli/Hisense official dealer certificate | added exact HPE-GNK1 panel and HYE-VD01 remote
02,AVBC-54HJDBA,AVBC-HJDBA,AVBC-HJDBA/AVBC-54HJDBA,8,limitation,removed: MirCli/Hisense authorized service certificate | removed: MirCli/Hisense official dealer certificate | added exact HPE-GNK1 panel and HYE-VD01 remote
03,AVF-36H2FDA,AVF-H2FDA,AVF-H2FDA/AVF-36H2FDA,7,limitation,added exact HYE-VD01 remote
03,AVF-48H2FDA,AVF-H2FDA,AVF-H2FDA/AVF-48H2FDA,7,limitation,added exact HYE-VD01 remote
03,AVF-56H2FDA,AVF-H2FDA,AVF-H2FDA/AVF-56H2FDA,7,limitation,added exact HYE-VD01 remote
03,AVF-96H2FDA,AVF-H2FDA,AVF-H2FDA/AVF-96H2FDA,7,limitation,added exact HYE-VD01 remote
03,AVS-05HJDTD,AVS-HJDTD,AVS-HJDTD/AVS-05HJDTD,6,limitation,removed: MirCli/Hisense authorized service certificate | removed: Hisense/Hitachi corporate/factory promotional image | removed: MirCli/Hisense official dealer certificate | removed: Hisense HVAC promotional multi-product banner | added exact HYE-VD01 remote
03,AVS-07HJDTD,AVS-HJDTD,AVS-HJDTD/AVS-07HJDTD,6,limitation,removed: MirCli/Hisense authorized service certificate | removed: Hisense/Hitachi corporate/factory promotional image | removed: MirCli/Hisense official dealer certificate | removed: Hisense HVAC promotional multi-product banner | added exact HYE-VD01 remote
03,AVS-09HJDTD,AVS-HJDTD,AVS-HJDTD/AVS-09HJDTD,6,limitation,removed: MirCli/Hisense authorized service certificate | removed: Hisense/Hitachi corporate/factory promotional image | removed: MirCli/Hisense official dealer certificate | removed: Hisense HVAC promotional multi-product banner | added exact HYE-VD01 remote
03,AVS-12HJDTD,AVS-HJDTD,AVS-HJDTD/AVS-12HJDTD,6,limitation,removed: MirCli/Hisense authorized service certificate | removed: Hisense/Hitachi corporate/factory promotional image | removed: MirCli/Hisense official dealer certificate | removed: Hisense HVAC promotional multi-product banner | added exact HYE-VD01 remote
03,AVS-15HJDTD,AVS-HJDTD,AVS-HJDTD/AVS-15HJDTD,6,limitation,removed: MirCli/Hisense authorized service certificate | removed: Hisense/Hitachi corporate/factory promotional image | removed: MirCli/Hisense official dealer certificate | removed: Hisense HVAC promotional multi-product banner | added exact HYE-VD01 remote
03,AVS-19HJDTD,AVS-HJDTD,AVS-HJDTD/AVS-19HJDTD,6,limitation,removed: MirCli/Hisense authorized service certificate | removed: Hisense/Hitachi corporate/factory promotional image | removed: MirCli/Hisense official dealer certificate | removed: Hisense HVAC promotional multi-product banner | added exact HYE-VD01 remote
03,AVS-24HJDTD,AVS-HJDTD,AVS-HJDTD/AVS-24HJDTD,6,limitation,removed: MirCli/Hisense authorized service certificate | removed: Hisense/Hitachi corporate/factory promotional image | removed: MirCli/Hisense official dealer certificate | removed: Hisense HVAC promotional multi-product banner | added exact HYE-VD01 remote
03,AVS-28HJDTD,AVS-HJDTD,AVS-HJDTD/AVS-28HJDTD,6,limitation,removed: MirCli/Hisense authorized service certificate | removed: MirCli/Hisense official dealer certificate | added exact HYE-VD01 remote
04,AVD-24HJDH,AVD-HJDH,AVD-HJDH/AVD-24HJDH,6,limitation,removed: MirCli/Hisense authorized service certificate | removed: MirCli/Hisense official dealer certificate | both workbook-listed controllers retained: HYXE-VA01A and HYXE-VC01
04,AVD-09HJDH,AVD-HJDH,AVD-HJDH/AVD-09HJDH,6,limitation,removed: MirCli/Hisense authorized service certificate | removed: MirCli/Hisense official dealer certificate | both workbook-listed controllers retained: HYXE-VA01A and HYXE-VC01
04,AVD-12HJDH,AVD-HJDH,AVD-HJDH/AVD-12HJDH,6,limitation,removed: MirCli/Hisense authorized service certificate | removed: MirCli/Hisense official dealer certificate | both workbook-listed controllers retained: HYXE-VA01A and HYXE-VC01
04,AVD-15HJDH,AVD-HJDH,AVD-HJDH/AVD-15HJDH,6,limitation,removed: MirCli/Hisense authorized service certificate | removed: MirCli/Hisense official dealer certificate | both workbook-listed controllers retained: HYXE-VA01A and HYXE-VC01
04,AVD-19HJDH,AVD-HJDH,AVD-HJDH/AVD-19HJDH,6,limitation,removed: MirCli/Hisense authorized service certificate | removed: MirCli/Hisense official dealer certificate | both workbook-listed controllers retained: HYXE-VA01A and HYXE-VC01
04,AVD-24HJDH1,AVD-HJDH,AVD-HJDH/AVD-24HJDH1,6,limitation,removed: MirCli/Hisense authorized service certificate | removed: MirCli/Hisense official dealer certificate | both workbook-listed controllers retained: HYXE-VA01A and HYXE-VC01
04,AVD-30HJDH,AVD-HJDH,AVD-HJDH/AVD-30HJDH,6,limitation,removed: MirCli/Hisense authorized service certificate | removed: MirCli/Hisense official dealer certificate | both workbook-listed controllers retained: HYXE-VA01A and HYXE-VC01
04,AVD-38HJDH,AVD-HJDH,AVD-HJDH/AVD-38HJDH,6,limitation,removed: MirCli/Hisense authorized service certificate | removed: MirCli/Hisense official dealer certificate | both workbook-listed controllers retained: HYXE-VA01A and HYXE-VC01
04,AVD-42HJDH,AVD-HJDH,AVD-HJDH/AVD-42HJDH,6,limitation,removed: MirCli/Hisense authorized service certificate | removed: MirCli/Hisense official dealer certificate | both workbook-listed controllers retained: HYXE-VA01A and HYXE-VC01
04,AVD-48HJDH,AVD-HJDH,AVD-HJDH/AVD-48HJDH,6,limitation,removed: MirCli/Hisense authorized service certificate | removed: MirCli/Hisense official dealer certificate | both workbook-listed controllers retained: HYXE-VA01A and HYXE-VC01
04,AVD-54HJDH,AVD-HJDH,AVD-HJDH/AVD-54HJDH,6,limitation,removed: MirCli/Hisense authorized service certificate | removed: MirCli/Hisense official dealer certificate | both workbook-listed controllers retained: HYXE-VA01A and HYXE-VC01
04,AVD-76HJDH,AVD-HJDH,AVD-HJDH/AVD-76HJDH,6,limitation,removed: MirCli/Hisense authorized service certificate | removed: MirCli/Hisense official dealer certificate | both workbook-listed controllers retained: HYXE-VA01A and HYXE-VC01
04,AVD-96HJDH,AVD-HJDH,AVD-HJDH/AVD-96HJDH,6,limitation,removed: MirCli/Hisense authorized service certificate | removed: MirCli/Hisense official dealer certificate | both workbook-listed controllers retained: HYXE-VA01A and HYXE-VC01
05,AVD-07HJFH,AVD-HJFH,AVD-HJFH/AVD-07HJFH,3,limitation,"removed: MirCli/Hisense official dealer certificate | removed: Hisense HVAC promotional multi-product banner | removed: Hisense/Hitachi corporate/factory promotional image | removed: MirCli/Hisense authorized service certificate | wired controller required, but exact controller model is not specified; no guessed controller added | controller/remote exact model unresolved in source data"
05,AVD-09HJFH,AVD-HJFH,AVD-HJFH/AVD-09HJFH,3,limitation,"removed: MirCli/Hisense official dealer certificate | removed: Hisense HVAC promotional multi-product banner | removed: Hisense/Hitachi corporate/factory promotional image | removed: MirCli/Hisense authorized service certificate | wired controller required, but exact controller model is not specified; no guessed controller added | controller/remote exact model unresolved in source data"
05,AVD-12HJFH,AVD-HJFH,AVD-HJFH/AVD-12HJFH,3,limitation,"removed: MirCli/Hisense official dealer certificate | removed: Hisense HVAC promotional multi-product banner | removed: Hisense/Hitachi corporate/factory promotional image | removed: MirCli/Hisense authorized service certificate | wired controller required, but exact controller model is not specified; no guessed controller added | controller/remote exact model unresolved in source data"
05,AVD-15HJFH,AVD-HJFH,AVD-HJFH/AVD-15HJFH,3,limitation,"removed: MirCli/Hisense official dealer certificate | removed: Hisense HVAC promotional multi-product banner | removed: Hisense/Hitachi corporate/factory promotional image | removed: MirCli/Hisense authorized service certificate | wired controller required, but exact controller model is not specified; no guessed controller added | controller/remote exact model unresolved in source data"
05,AVD-19HJFH,AVD-HJFH,AVD-HJFH/AVD-19HJFH,3,limitation,"removed: MirCli/Hisense official dealer certificate | removed: Hisense HVAC promotional multi-product banner | removed: Hisense/Hitachi corporate/factory promotional image | removed: MirCli/Hisense authorized service certificate | wired controller required, but exact controller model is not specified; no guessed controller added | controller/remote exact model unresolved in source data"
05,AVD-24HJFH1,AVD-HJFH,AVD-HJFH/AVD-24HJFH1,3,limitation,"removed: MirCli/Hisense official dealer certificate | removed: Hisense HVAC promotional multi-product banner | removed: Hisense/Hitachi corporate/factory promotional image | removed: MirCli/Hisense authorized service certificate | wired controller required, but exact controller model is not specified; no guessed controller added | controller/remote exact model unresolved in source data"
05,AVD-30HJFH,AVD-HJFH,AVD-HJFH/AVD-30HJFH,3,limitation,"removed: MirCli/Hisense official dealer certificate | removed: Hisense HVAC promotional multi-product banner | removed: Hisense/Hitachi corporate/factory promotional image | removed: MirCli/Hisense authorized service certificate | wired controller required, but exact controller model is not specified; no guessed controller added | controller/remote exact model unresolved in source data"
05,AVD-38HJFH,AVD-HJFH,AVD-HJFH/AVD-38HJFH,3,limitation,"removed: MirCli/Hisense official dealer certificate | removed: Hisense HVAC promotional multi-product banner | removed: Hisense/Hitachi corporate/factory promotional image | removed: MirCli/Hisense authorized service certificate | wired controller required, but exact controller model is not specified; no guessed controller added | controller/remote exact model unresolved in source data"
05,AVD-48HJFH,AVD-HJFH,AVD-HJFH/AVD-48HJFH,3,limitation,"removed: MirCli/Hisense official dealer certificate | removed: Hisense HVAC promotional multi-product banner | removed: Hisense/Hitachi corporate/factory promotional image | removed: MirCli/Hisense authorized service certificate | wired controller required, but exact controller model is not specified; no guessed controller added | controller/remote exact model unresolved in source data"
05,AVD-54HJFH,AVD-HJFH,AVD-HJFH/AVD-54HJFH,3,limitation,"removed: MirCli/Hisense official dealer certificate | removed: Hisense HVAC promotional multi-product banner | removed: Hisense/Hitachi corporate/factory promotional image | removed: MirCli/Hisense authorized service certificate | wired controller required, but exact controller model is not specified; no guessed controller added | controller/remote exact model unresolved in source data"
05,AVD-76HJFH,AVD-HJFH,AVD-HJFH/AVD-76HJFH,3,limitation,"removed: MirCli/Hisense official dealer certificate | removed: Hisense HVAC promotional multi-product banner | removed: Hisense/Hitachi corporate/factory promotional image | removed: MirCli/Hisense authorized service certificate | wired controller required, but exact controller model is not specified; no guessed controller added | controller/remote exact model unresolved in source data"
05,AVD-96HJFH,AVD-HJFH,AVD-HJFH/AVD-96HJFH,3,limitation,"removed: MirCli/Hisense official dealer certificate | removed: Hisense HVAC promotional multi-product banner | removed: Hisense/Hitachi corporate/factory promotional image | removed: MirCli/Hisense authorized service certificate | wired controller required, but exact controller model is not specified; no guessed controller added | controller/remote exact model unresolved in source data"
05,AVE-05HJDDH,AVE-HJDDH,AVE-HJDDH/AVE-05HJDDH,11,limitation,removed: MirCli/Hisense authorized service certificate | removed: MirCli/Hisense official dealer certificate | added exact HYXE-VC01 controller
05,AVE-07HJDDH,AVE-HJDDH,AVE-HJDDH/AVE-07HJDDH,11,limitation,removed: MirCli/Hisense authorized service certificate | removed: MirCli/Hisense official dealer certificate | added exact HYXE-VC01 controller
05,AVE-09HJDDH,AVE-HJDDH,AVE-HJDDH/AVE-09HJDDH,11,limitation,removed: MirCli/Hisense authorized service certificate | removed: MirCli/Hisense official dealer certificate | added exact HYXE-VC01 controller
05,AVE-12HJDDH,AVE-HJDDH,AVE-HJDDH/AVE-12HJDDH,11,limitation,removed: MirCli/Hisense authorized service certificate | removed: MirCli/Hisense official dealer certificate | added exact HYXE-VC01 controller
05,AVE-15HJDDH,AVE-HJDDH,AVE-HJDDH/AVE-15HJDDH,11,limitation,removed: MirCli/Hisense authorized service certificate | removed: MirCli/Hisense official dealer certificate | added exact HYXE-VC01 controller
05,AVE-19HJDDH,AVE-HJDDH,AVE-HJDDH/AVE-19HJDDH,11,limitation,removed: MirCli/Hisense authorized service certificate | removed: MirCli/Hisense official dealer certificate | added exact HYXE-VC01 controller
05,AVE-24HJDDH,AVE-HJDDH,AVE-HJDDH/AVE-24HJDDH,11,limitation,removed: MirCli/Hisense authorized service certificate | removed: MirCli/Hisense official dealer certificate | added exact HYXE-VC01 controller
06,AVWT-76HKF5,S5,S5/AVWT-76HKF5,8,limitation,removed: MirCli/Hisense authorized service certificate | removed: MirCli/Hisense official dealer certificate | 41 low-resolution images rejected
06,AVWT-96HKF5,S5,S5/AVWT-96HKF5,8,limitation,removed: MirCli/Hisense authorized service certificate | removed: MirCli/Hisense official dealer certificate | 22 low-resolution images rejected
06,AVWT-114HKF5,S5,S5/AVWT-114HKF5,8,limitation,removed: MirCli/Hisense authorized service certificate | removed: MirCli/Hisense official dealer certificate | 41 low-resolution images rejected
06,AVWT-136HKF5,S5,S5/AVWT-136HKF5,8,limitation,removed: MirCli/Hisense authorized service certificate | removed: MirCli/Hisense official dealer certificate | 37 low-resolution images rejected
06,AVWT-154HKF5,S5,S5/AVWT-154HKF5,8,limitation,removed: MirCli/Hisense authorized service certificate | removed: MirCli/Hisense official dealer certificate | 36 low-resolution images rejected
06,AVWT-170HKF5,S5,S5/AVWT-170HKF5,8,limitation,removed: MirCli/Hisense authorized service certificate | removed: MirCli/Hisense official dealer certificate | 44 low-resolution images rejected
06,AVWT-190HKF5,S5,S5/AVWT-190HKF5,8,limitation,removed: MirCli/Hisense authorized service certificate | removed: MirCli/Hisense official dealer certificate | 44 low-resolution images rejected
06,AVWT-212HKF5,S5,S5/AVWT-212HKF5,8,limitation,removed: MirCli/Hisense authorized service certificate | removed: MirCli/Hisense official dealer certificate | 49 low-resolution images rejected
06,AVWT-232HKF5,S5,S5/AVWT-232HKF5,8,limitation,removed: MirCli/Hisense authorized service certificate | removed: MirCli/Hisense official dealer certificate | 49 low-resolution images rejected
06,AVWT-250HKF5,S5,S5/AVWT-250HKF5,8,limitation,removed: MirCli/Hisense authorized service certificate | removed: MirCli/Hisense official dealer certificate | 49 low-resolution images rejected
06,AVWT-272HKF5,S5,S5/AVWT-272HKF5,8,limitation,removed: MirCli/Hisense authorized service certificate | removed: MirCli/Hisense official dealer certificate | 49 low-resolution images rejected
06,AVWT-290HKF5,S5,S5/AVWT-290HKF5,8,limitation,removed: MirCli/Hisense authorized service certificate | removed: MirCli/Hisense official dealer certificate | 49 low-resolution images rejected
06,AVWT-307HKF5,S5,S5/AVWT-307HKF5,8,limitation,removed: MirCli/Hisense authorized service certificate | removed: MirCli/Hisense official dealer certificate | 49 low-resolution images rejected
06,AVWT-324HKF5,S5,S5/AVWT-324HKF5,8,limitation,removed: MirCli/Hisense authorized service certificate | removed: MirCli/Hisense official dealer certificate | 49 low-resolution images rejected
06,AVWT-343HKF5,S5,S5/AVWT-343HKF5,8,limitation,removed: MirCli/Hisense authorized service certificate | removed: MirCli/Hisense official dealer certificate | 49 low-resolution images rejected
06,AVWT-365HKF5,S5,S5/AVWT-365HKF5,8,limitation,removed: MirCli/Hisense authorized service certificate | removed: MirCli/Hisense official dealer certificate | 49 low-resolution images rejected
06,AVWT-386HKF5,S5,S5/AVWT-386HKF5,8,limitation,removed: MirCli/Hisense authorized service certificate | removed: MirCli/Hisense official dealer certificate | 49 low-resolution images rejected
06,AVWT-404HKF5,S5,S5/AVWT-404HKF5,8,limitation,removed: MirCli/Hisense authorized service certificate | removed: MirCli/Hisense official dealer certificate | 49 low-resolution images rejected
07,AVW-27HJFAE1,A,A/AVW-27HJFAE1,9,limitation,removed: MirCli/Hisense official dealer certificate | removed: MirCli/Hisense authorized service certificate | 12 low-resolution images rejected
07,AVW-34HJFAE1,A,A/AVW-34HJFAE1,9,limitation,removed: MirCli/Hisense official dealer certificate | removed: MirCli/Hisense authorized service certificate | 26 low-resolution images rejected
07,AVW-42HJFAE1,A,A/AVW-42HJFAE1,9,limitation,removed: MirCli/Hisense official dealer certificate | removed: MirCli/Hisense authorized service certificate | 26 low-resolution images rejected
07,AVW-48HJFAE1,A,A/AVW-48HJFAE1,9,limitation,removed: MirCli/Hisense official dealer certificate | removed: MirCli/Hisense authorized service certificate | 14 low-resolution images rejected
07,AVW-54HJFAE1,A,A/AVW-54HJFAE1,9,limitation,removed: MirCli/Hisense official dealer certificate | removed: MirCli/Hisense authorized service certificate | 20 low-resolution images rejected
07,AVW-63HJFAE1,A,A/AVW-63HJFAE1,9,limitation,removed: MirCli/Hisense official dealer certificate | removed: MirCli/Hisense authorized service certificate | 19 low-resolution images rejected
07,AVW-68HJFAE1,A,A/AVW-68HJFAE1,9,limitation,removed: MirCli/Hisense official dealer certificate | removed: MirCli/Hisense authorized service certificate | 25 low-resolution images rejected
07,AVW-76HJFAE1,A,A/AVW-76HJFAE1,9,limitation,removed: MirCli/Hisense official dealer certificate | removed: MirCli/Hisense authorized service certificate | 25 low-resolution images rejected
07,AVW-41HJDH2H1,H5,H5/AVW-41HJDH2H1,12,limitation,removed: MirCli/Hisense authorized service certificate | removed: MirCli/Hisense official dealer certificate | 18 low-resolution images rejected
07,AVW-48HJDH2H1,H5,H5/AVW-48HJDH2H1,12,limitation,removed: MirCli/Hisense authorized service certificate | removed: MirCli/Hisense official dealer certificate | 18 low-resolution images rejected
07,AVW-54HJDH2H1,H5,H5/AVW-54HJDH2H1,12,limitation,removed: MirCli/Hisense authorized service certificate | removed: MirCli/Hisense official dealer certificate | 18 low-resolution images rejected
07,AVW-76HKDHE2,H5,H5/AVW-76HKDHE2,12,limitation,removed: MirCli/Hisense official dealer certificate | removed: MirCli/Hisense authorized service certificate | 24 low-resolution images rejected
07,AVW-96HKDHE2,H5,H5/AVW-96HKDHE2,12,limitation,removed: MirCli/Hisense official dealer certificate | removed: MirCli/Hisense authorized service certificate | 25 low-resolution images rejected
07,AVW-114HKDHE2,H5,H5/AVW-114HKDHE2,12,limitation,removed: MirCli/Hisense official dealer certificate | removed: MirCli/Hisense authorized service certificate | 44 low-resolution images rejected
07,AVW-136HKDHE2,H5,H5/AVW-136HKDHE2,12,limitation,removed: MirCli/Hisense official dealer certificate | removed: MirCli/Hisense authorized service certificate | 40 low-resolution images rejected
07,AVW-154HKDHE2,H5,H5/AVW-154HKDHE2,12,limitation,removed: MirCli/Hisense official dealer certificate | removed: MirCli/Hisense authorized service certificate | 39 low-resolution images rejected
07,AVWW-76FKFW1,W HEAT RECOVERY,W HEAT RECOVERY/AVWW-76FKFW1,3,limitation,removed: MirCli/Hisense official dealer certificate | removed: MirCli/Hisense authorized service certificate | 30 low-resolution images rejected
07,AVWW-96FKFW1,W HEAT RECOVERY,W HEAT RECOVERY/AVWW-96FKFW1,3,limitation,removed: MirCli/Hisense official dealer certificate | removed: MirCli/Hisense authorized service certificate | 23 low-resolution images rejected
07,AVWW-114FKFW1,W HEAT RECOVERY,W HEAT RECOVERY/AVWW-114FKFW1,3,limitation,removed: MirCli/Hisense official dealer certificate | removed: MirCli/Hisense authorized service certificate | 42 low-resolution images rejected
07,AVWW-136FKFW1,W HEAT RECOVERY,W HEAT RECOVERY/AVWW-136FKFW1,3,limitation,removed: MirCli/Hisense official dealer certificate | removed: MirCli/Hisense authorized service certificate | 38 low-resolution images rejected
07,AVWW-154FKFW1,W HEAT RECOVERY,W HEAT RECOVERY/AVWW-154FKFW1,3,limitation,removed: MirCli/Hisense official dealer certificate | removed: MirCli/Hisense authorized service certificate | 38 low-resolution images rejected
07,AVWW-170FKFW1,W HEAT RECOVERY,W HEAT RECOVERY/AVWW-170FKFW1,3,limitation,removed: MirCli/Hisense official dealer certificate | removed: MirCli/Hisense authorized service certificate | 46 low-resolution images rejected
07,AVWW-190FKFW1,W HEAT RECOVERY,W HEAT RECOVERY/AVWW-190FKFW1,3,limitation,removed: MirCli/Hisense official dealer certificate | removed: MirCli/Hisense authorized service certificate | 46 low-resolution images rejected
08,MACS-I-C35P2C/MACS-I-CSPС2,MACS,MACS/MACS-I-C35P2C-MACS-I-CSPС2,2,limitation,2 confirmed image(s) | separate panel-only render not found; panel is visibly present in exact-model render
08,MACS-I-C45P2С/MACS-I-CSPС2,MACS,MACS/MACS-I-C45P2С-MACS-I-CSPС2,2,limitation,2 confirmed image(s) | separate panel-only render not found; exact-model product render added after targeted second pass
08,MACS-I-C51P2С/MACS-I-CSPС2,MACS,MACS/MACS-I-C51P2С-MACS-I-CSPС2,2,limitation,2 confirmed image(s) | separate panel-only render not found; exact-model product render added after targeted second pass
08,MACS-I-C61P2/MACS-I-CSP2,MACS,MACS/MACS-I-C61P2-MACS-I-CSP2,2,limitation,2 confirmed image(s) | separate panel-only render not found; panel is visibly present in exact-model render
08,MACS-I-C81P2/MACS-I-CSP2,MACS,MACS/MACS-I-C81P2-MACS-I-CSP2,2,limitation,2 confirmed image(s) | separate panel-only render not found; panel is visibly present in exact-model render
08,MACS-I-C101P2/MACS-I-CSP2,MACS,MACS/MACS-I-C101P2-MACS-I-CSP2,2,limitation,2 confirmed image(s) | separate panel-only render not found; panel is visibly present in exact-model render
08,MACS-I-C121P2/MACS-I-CSP2,MACS,MACS/MACS-I-C121P2-MACS-I-CSP2,2,limitation,2 confirmed image(s) | separate panel-only render not found; panel is visibly present in exact-model render
08,MACS-I-C141P2/MACS-I-CSP2,MACS,MACS/MACS-I-C141P2-MACS-I-CSP2,2,limitation,2 confirmed image(s) | separate panel-only render not found; panel is visibly present in exact-model render
08,MACS-I-C20P2K,MACS,MACS/MACS-I-C20P2K,2,limitation,2 confirmed image(s) | exact model render added; no additional independent angle found
08,MACS-I-C28P2K,MACS,MACS/MACS-I-C28P2K,2,limitation,2 confirmed image(s) | exact model render added; no additional independent angle found
08,MACS-I-C35P2K,MACS,MACS/MACS-I-C35P2K,2,limitation,2 confirmed image(s) | exact model render added; no additional independent angle found
08,MACS-I-C50P2K,MACS,MACS/MACS-I-C50P2K,2,limitation,2 confirmed image(s) | exact model render added; no additional independent angle found
08,MACS-I-C60P2K,MACS,MACS/MACS-I-C60P2K,2,limitation,2 confirmed image(s) | exact model render added; no additional independent angle found
08,MACS-I-C75P2K,MACS,MACS/MACS-I-C75P2K,2,limitation,2 confirmed image(s) | exact model render added; no additional independent angle found
08,MACS-I-C95P2K,MACS,MACS/MACS-I-C95P2K,2,limitation,2 confirmed image(s) | exact model render added; no additional independent angle found
08,MACS-I-C115P2K,MACS,MACS/MACS-I-C115P2K,2,limitation,2 confirmed image(s) | exact model render added; no additional independent angle found
08,MACS-I-C130P2K,MACS,MACS/MACS-I-C130P2K,2,limitation,2 confirmed image(s) | exact model render added; no additional independent angle found
08,MACS-I-C25P4K,MACS,MACS/MACS-I-C25P4K,2,limitation,2 confirmed image(s) | exact model render added; no additional independent angle found
08,MACS-I-C30P4K,MACS,MACS/MACS-I-C30P4K,2,limitation,2 confirmed image(s) | exact model render added; no additional independent angle found
08,MACS-I-C40P4K,MACS,MACS/MACS-I-C40P4K,2,limitation,2 confirmed image(s) | exact model render added; no additional independent angle found
08,MACS-I-C50P4K,MACS,MACS/MACS-I-C50P4K,2,limitation,2 confirmed image(s) | exact model render added; no additional independent angle found
08,MACS-I-C60P4K,MACS,MACS/MACS-I-C60P4K,2,limitation,2 confirmed image(s) | exact model render added; no additional independent angle found
08,MACS-I-C80P4K,MACS,MACS/MACS-I-C80P4K,2,limitation,2 confirmed image(s) | exact model render added; no additional independent angle found
08,MACS-I-C90P4K,MACS,MACS/MACS-I-C90P4K,2,limitation,2 confirmed image(s) | exact model render added; no additional independent angle found
08,MACS-I-C110P4K,MACS,MACS/MACS-I-C110P4K,2,limitation,2 confirmed image(s) | exact model render added; no additional independent angle found
08,MACS-I-C20P21K,MACS,MACS/MACS-I-C20P21K,2,limitation,2 confirmed image(s) | exact model render added; no additional independent angle found
08,MACS-I-C25P21K,MACS,MACS/MACS-I-C25P21K,2,limitation,2 confirmed image(s) | exact model render added; no additional independent angle found
08,MACS-I-C35P21K,MACS,MACS/MACS-I-C35P21K,2,limitation,2 confirmed image(s) | exact model render added; no additional independent angle found
08,MACS-I-C45P21K,MACS,MACS/MACS-I-C45P21K,2,limitation,2 confirmed image(s) | exact model render added; no additional independent angle found
08,MACS-I-C55P21K,MACS,MACS/MACS-I-C55P21K,2,limitation,2 confirmed image(s) | exact model render added; no additional independent angle found
09,MACS-I-W27P2K,MACS,MACS/MACS-I-W27P2K,5,limitation,Targeted exact-model audit checked iClim and Royal Clima pages. Floor/ceiling models with different physical widths reuse the same dealer renders; unsafe generic duplicates were not added.
09,MACS-I-W29P2K,MACS,MACS/MACS-I-W29P2K,5,limitation,Targeted exact-model audit checked iClim and Royal Clima pages. Floor/ceiling models with different physical widths reuse the same dealer renders; unsafe generic duplicates were not added.
09,MACS-I-W38P2K,MACS,MACS/MACS-I-W38P2K,5,limitation,Targeted exact-model audit checked iClim and Royal Clima pages. Floor/ceiling models with different physical widths reuse the same dealer renders; unsafe generic duplicates were not added.
09,MACS-I-W45P2K,MACS,MACS/MACS-I-W45P2K,5,limitation,Targeted exact-model audit checked iClim and Royal Clima pages. Floor/ceiling models with different physical widths reuse the same dealer renders; unsafe generic duplicates were not added.
09,MACS-I-W54P2K,MACS,MACS/MACS-I-W54P2K,5,limitation,Targeted exact-model audit checked iClim and Royal Clima pages. Floor/ceiling models with different physical widths reuse the same dealer renders; unsafe generic duplicates were not added.
09,MACS-I-F20P2KU,MACS,MACS/MACS-I-F20P2KU,1,limitation,1 confirmed image(s) | Targeted exact-model audit checked iClim and Royal Clima pages. Floor/ceiling models with different physical widths reuse the same dealer renders; unsafe generic duplicates were not added. | only 1 usable source images; 1 low-resolution images rejected
09,MACS-I-F30P2KU,MACS,MACS/MACS-I-F30P2KU,1,limitation,1 confirmed image(s) | Targeted exact-model audit checked iClim and Royal Clima pages. Floor/ceiling models with different physical widths reuse the same dealer renders; unsafe generic duplicates were not added. | only 1 usable source images; 1 low-resolution images rejected
09,MACS-I-F40P2KU,MACS,MACS/MACS-I-F40P2KU,1,limitation,1 confirmed image(s) | Targeted exact-model audit checked iClim and Royal Clima pages. Floor/ceiling models with different physical widths reuse the same dealer renders; unsafe generic duplicates were not added. | only 1 usable source images; 1 low-resolution images rejected
09,MACS-I-F45P2KU,MACS,MACS/MACS-I-F45P2KU,1,limitation,1 confirmed image(s) | Targeted exact-model audit checked iClim and Royal Clima pages. Floor/ceiling models with different physical widths reuse the same dealer renders; unsafe generic duplicates were not added. | only 1 usable source images; 1 low-resolution images rejected
09,MACS-I-F56P2KU,MACS,MACS/MACS-I-F56P2KU,1,limitation,1 confirmed image(s) | Targeted exact-model audit checked iClim and Royal Clima pages. Floor/ceiling models with different physical widths reuse the same dealer renders; unsafe generic duplicates were not added. | only 1 usable source images; 1 low-resolution images rejected
09,MACS-I-F75P2KU,MACS,MACS/MACS-I-F75P2KU,1,limitation,1 confirmed image(s) | Targeted exact-model audit checked iClim and Royal Clima pages. Floor/ceiling models with different physical widths reuse the same dealer renders; unsafe generic duplicates were not added. | only 1 usable source images; 1 low-resolution images rejected
09,MACS-I-F90P2KU,MACS,MACS/MACS-I-F90P2KU,1,limitation,1 confirmed image(s) | Targeted exact-model audit checked iClim and Royal Clima pages. Floor/ceiling models with different physical widths reuse the same dealer renders; unsafe generic duplicates were not added. | only 1 usable source images; 1 low-resolution images rejected
09,MACS-I-F110P2KU,MACS,MACS/MACS-I-F110P2KU,1,limitation,1 confirmed image(s) | Targeted exact-model audit checked iClim and Royal Clima pages. Floor/ceiling models with different physical widths reuse the same dealer renders; unsafe generic duplicates were not added. | only 1 usable source images; 1 low-resolution images rejected
09,MACS-I-F130P2KU,MACS,MACS/MACS-I-F130P2KU,1,limitation,1 confirmed image(s) | Targeted exact-model audit checked iClim and Royal Clima pages. Floor/ceiling models with different physical widths reuse the same dealer renders; unsafe generic duplicates were not added. | only 1 usable source images; 1 low-resolution images rejected
10,MACS-I-D80P4K,MACS,MACS/MACS-I-D80P4K,1,limitation,1 confirmed image(s) | Targeted exact-model audit checked iClim and Royal Clima pages. Only one unique clean product candidate was found per exact duct/fan-coil model; reused generic family renders were not used as extra angles. | only 1 usable source images
10,MACS-I-D100P4K,MACS,MACS/MACS-I-D100P4K,1,limitation,1 confirmed image(s) | Targeted exact-model audit checked iClim and Royal Clima pages. Only one unique clean product candidate was found per exact duct/fan-coil model; reused generic family renders were not used as extra angles. | only 1 usable source images
10,MACS-I-D120P4K,MACS,MACS/MACS-I-D120P4K,1,limitation,1 confirmed image(s) | Targeted exact-model audit checked iClim and Royal Clima pages. Only one unique clean product candidate was found per exact duct/fan-coil model; reused generic family renders were not used as extra angles. | only 1 usable source images
10,MACS-I-D140P4K,MACS,MACS/MACS-I-D140P4K,1,limitation,1 confirmed image(s) | Targeted exact-model audit checked iClim and Royal Clima pages. Only one unique clean product candidate was found per exact duct/fan-coil model; reused generic family renders were not used as extra angles. | only 1 usable source images
10,MACS-I-VD20P2K,MACS,MACS/MACS-I-VD20P2K,1,limitation,1 confirmed image(s) | Targeted exact-model audit checked iClim and Royal Clima pages. Only one unique clean product candidate was found per exact duct/fan-coil model; reused generic family renders were not used as extra angles. | only 1 usable source images
10,MACS-I-VD30P2K,MACS,MACS/MACS-I-VD30P2K,1,limitation,1 confirmed image(s) | Targeted exact-model audit checked iClim and Royal Clima pages. Only one unique clean product candidate was found per exact duct/fan-coil model; reused generic family renders were not used as extra angles. | only 1 usable source images
10,MACS-I-VD40P2K,MACS,MACS/MACS-I-VD40P2K,1,limitation,1 confirmed image(s) | Targeted exact-model audit checked iClim and Royal Clima pages. Only one unique clean product candidate was found per exact duct/fan-coil model; reused generic family renders were not used as extra angles. | only 1 usable source images
10,MACS-I-VD45P2K,MACS,MACS/MACS-I-VD45P2K,1,limitation,1 confirmed image(s) | Targeted exact-model audit checked iClim and Royal Clima pages. Only one unique clean product candidate was found per exact duct/fan-coil model; reused generic family renders were not used as extra angles. | only 1 usable source images
10,MACS-I-VD56P2K,MACS,MACS/MACS-I-VD56P2K,1,limitation,1 confirmed image(s) | Targeted exact-model audit checked iClim and Royal Clima pages. Only one unique clean product candidate was found per exact duct/fan-coil model; reused generic family renders were not used as extra angles. | only 1 usable source images
10,MACS-I-VD80P2K,MACS,MACS/MACS-I-VD80P2K,1,limitation,1 confirmed image(s) | Targeted exact-model audit checked iClim and Royal Clima pages. Only one unique clean product candidate was found per exact duct/fan-coil model; reused generic family renders were not used as extra angles. | only 1 usable source images
10,MACS-I-VD100P2K,MACS,MACS/MACS-I-VD100P2K,1,limitation,1 confirmed image(s) | Targeted exact-model audit checked iClim and Royal Clima pages. Only one unique clean product candidate was found per exact duct/fan-coil model; reused generic family renders were not used as extra angles. | only 1 usable source images
10,MACS-I-VD120P2K,MACS,MACS/MACS-I-VD120P2K,1,limitation,1 confirmed image(s) | Targeted exact-model audit checked iClim and Royal Clima pages. Only one unique clean product candidate was found per exact duct/fan-coil model; reused generic family renders were not used as extra angles. | only 1 usable source images
10,MACS-I-VD140P2K,MACS,MACS/MACS-I-VD140P2K,1,limitation,1 confirmed image(s) | Targeted exact-model audit checked iClim and Royal Clima pages. Only one unique clean product candidate was found per exact duct/fan-coil model; reused generic family renders were not used as extra angles. | only 1 usable source images
10,MACS-I-VD20P4K,MACS,MACS/MACS-I-VD20P4K,1,limitation,1 confirmed image(s) | Targeted exact-model audit checked iClim and Royal Clima pages. Only one unique clean product candidate was found per exact duct/fan-coil model; reused generic family renders were not used as extra angles. | only 1 usable source images
10,MACS-I-VD30P4K,MACS,MACS/MACS-I-VD30P4K,1,limitation,1 confirmed image(s) | Targeted exact-model audit checked iClim and Royal Clima pages. Only one unique clean product candidate was found per exact duct/fan-coil model; reused generic family renders were not used as extra angles. | only 1 usable source images
10,MACS-I-VD40P4K,MACS,MACS/MACS-I-VD40P4K,1,limitation,1 confirmed image(s) | Targeted exact-model audit checked iClim and Royal Clima pages. Only one unique clean product candidate was found per exact duct/fan-coil model; reused generic family renders were not used as extra angles. | only 1 usable source images
10,MACS-I-VD45P4K,MACS,MACS/MACS-I-VD45P4K,1,limitation,1 confirmed image(s) | Targeted exact-model audit checked iClim and Royal Clima pages. Only one unique clean product candidate was found per exact duct/fan-coil model; reused generic family renders were not used as extra angles. | only 1 usable source images
10,MACS-I-VD56P4K,MACS,MACS/MACS-I-VD56P4K,1,limitation,1 confirmed image(s) | Targeted exact-model audit checked iClim and Royal Clima pages. Only one unique clean product candidate was found per exact duct/fan-coil model; reused generic family renders were not used as extra angles. | only 1 usable source images
10,MACS-I-VD80P4K,MACS,MACS/MACS-I-VD80P4K,1,limitation,1 confirmed image(s) | Targeted exact-model audit checked iClim and Royal Clima pages. Only one unique clean product candidate was found per exact duct/fan-coil model; reused generic family renders were not used as extra angles. | only 1 usable source images
10,MACS-I-VD100P4K,MACS,MACS/MACS-I-VD100P4K,1,limitation,1 confirmed image(s) | Targeted exact-model audit checked iClim and Royal Clima pages. Only one unique clean product candidate was found per exact duct/fan-coil model; reused generic family renders were not used as extra angles. | only 1 usable source images
10,MACS-I-VD120P4K,MACS,MACS/MACS-I-VD120P4K,1,limitation,1 confirmed image(s) | Targeted exact-model audit checked iClim and Royal Clima pages. Only one unique clean product candidate was found per exact duct/fan-coil model; reused generic family renders were not used as extra angles. | only 1 usable source images
10,MACS-I-VD140P4K,MACS,MACS/MACS-I-VD140P4K,1,limitation,1 confirmed image(s) | Targeted exact-model audit checked iClim and Royal Clima pages. Only one unique clean product candidate was found per exact duct/fan-coil model; reused generic family renders were not used as extra angles. | only 1 usable source images
10,MACS-I-D20P2KU,MACS,MACS/MACS-I-D20P2KU,1,limitation,1 confirmed image(s) | Targeted exact-model audit checked iClim and Royal Clima pages. Only one unique clean product candidate was found per exact duct/fan-coil model; reused generic family renders were not used as extra angles. | only 1 usable source images
11,MACS-I-D30P2KU,MACS,MACS/MACS-I-D30P2KU,1,limitation,1 confirmed image(s) | Targeted exact-model audit checked iClim and Royal Clima pages. Only one unique clean product candidate was found per exact duct/fan-coil model; reused generic family renders were not used as extra angles. | only 1 usable source images
11,MACS-I-D40P2KU,MACS,MACS/MACS-I-D40P2KU,1,limitation,1 confirmed image(s) | Targeted exact-model audit checked iClim and Royal Clima pages. Only one unique clean product candidate was found per exact duct/fan-coil model; reused generic family renders were not used as extra angles. | only 1 usable source images
11,MACS-I-D45P2KU,MACS,MACS/MACS-I-D45P2KU,1,limitation,1 confirmed image(s) | Targeted exact-model audit checked iClim and Royal Clima pages. Only one unique clean product candidate was found per exact duct/fan-coil model; reused generic family renders were not used as extra angles. | only 1 usable source images
11,MACS-I-D56P2KU,MACS,MACS/MACS-I-D56P2KU,1,limitation,1 confirmed image(s) | Targeted exact-model audit checked iClim and Royal Clima pages. Only one unique clean product candidate was found per exact duct/fan-coil model; reused generic family renders were not used as extra angles. | only 1 usable source images
11,MACS-I-D80P2KU,MACS,MACS/MACS-I-D80P2KU,1,limitation,1 confirmed image(s) | Targeted exact-model audit checked iClim and Royal Clima pages. Only one unique clean product candidate was found per exact duct/fan-coil model; reused generic family renders were not used as extra angles. | only 1 usable source images
11,MACS-I-D100P2KU,MACS,MACS/MACS-I-D100P2KU,1,limitation,1 confirmed image(s) | Targeted exact-model audit checked iClim and Royal Clima pages. Only one unique clean product candidate was found per exact duct/fan-coil model; reused generic family renders were not used as extra angles. | only 1 usable source images
11,MACS-I-D120P2KU,MACS,MACS/MACS-I-D120P2KU,1,limitation,1 confirmed image(s) | Targeted exact-model audit checked iClim and Royal Clima pages. Only one unique clean product candidate was found per exact duct/fan-coil model; reused generic family renders were not used as extra angles. | only 1 usable source images
11,MACS-I-D140P2KU,MACS,MACS/MACS-I-D140P2KU,1,limitation,1 confirmed image(s) | Targeted exact-model audit checked iClim and Royal Clima pages. Only one unique clean product candidate was found per exact duct/fan-coil model; reused generic family renders were not used as extra angles. | only 1 usable source images
11,MACS-I-ED21P2K,MACS,MACS/MACS-I-ED21P2K,1,limitation,1 confirmed image(s) | Targeted exact-model audit checked iClim and Royal Clima pages. Only one unique clean product candidate was found per exact duct/fan-coil model; reused generic family renders were not used as extra angles. | only 1 usable source images
11,MACS-I-ED31P2K,MACS,MACS/MACS-I-ED31P2K,1,limitation,1 confirmed image(s) | Targeted exact-model audit checked iClim and Royal Clima pages. Only one unique clean product candidate was found per exact duct/fan-coil model; reused generic family renders were not used as extra angles. | only 1 usable source images
11,MACS-I-ED41P2K,MACS,MACS/MACS-I-ED41P2K,1,limitation,1 confirmed image(s) | Targeted exact-model audit checked iClim and Royal Clima pages. Only one unique clean product candidate was found per exact duct/fan-coil model; reused generic family renders were not used as extra angles. | only 1 usable source images
11,MACS-I-ED46P2K,MACS,MACS/MACS-I-ED46P2K,1,limitation,1 confirmed image(s) | Targeted exact-model audit checked iClim and Royal Clima pages. Only one unique clean product candidate was found per exact duct/fan-coil model; reused generic family renders were not used as extra angles. | only 1 usable source images
11,MACS-I-ED56P2K,MACS,MACS/MACS-I-ED56P2K,1,limitation,1 confirmed image(s) | Targeted exact-model audit checked iClim and Royal Clima pages. Only one unique clean product candidate was found per exact duct/fan-coil model; reused generic family renders were not used as extra angles. | only 1 usable source images
11,MACS-I-ED81P2K,MACS,MACS/MACS-I-ED81P2K,1,limitation,1 confirmed image(s) | Targeted exact-model audit checked iClim and Royal Clima pages. Only one unique clean product candidate was found per exact duct/fan-coil model; reused generic family renders were not used as extra angles. | only 1 usable source images
11,MACS-I-ED96P2K,MACS,MACS/MACS-I-ED96P2K,1,limitation,1 confirmed image(s) | Targeted exact-model audit checked iClim and Royal Clima pages. Only one unique clean product candidate was found per exact duct/fan-coil model; reused generic family renders were not used as extra angles. | only 1 usable source images
11,MACS-I-ED111P2K,MACS,MACS/MACS-I-ED111P2K,1,limitation,1 confirmed image(s) | Targeted exact-model audit checked iClim and Royal Clima pages. Only one unique clean product candidate was found per exact duct/fan-coil model; reused generic family renders were not used as extra angles. | only 1 usable source images
11,MACS-I-ED131P2K,MACS,MACS/MACS-I-ED131P2K,1,limitation,1 confirmed image(s) | Targeted exact-model audit checked iClim and Royal Clima pages. Only one unique clean product candidate was found per exact duct/fan-coil model; reused generic family renders were not used as extra angles. | only 1 usable source images
11,MACS-I-PD61P2K,MACS,MACS/MACS-I-PD61P2K,1,limitation,1 confirmed image(s) | Targeted exact-model audit checked iClim and Royal Clima pages. Only one unique clean product candidate was found per exact duct/fan-coil model; reused generic family renders were not used as extra angles. | only 1 usable source images
11,MACS-I-PD76P2K,MACS,MACS/MACS-I-PD76P2K,1,limitation,1 confirmed image(s) | Targeted exact-model audit checked iClim and Royal Clima pages. Only one unique clean product candidate was found per exact duct/fan-coil model; reused generic family renders were not used as extra angles. | only 1 usable source images
11,MACS-I-PD91P2K,MACS,MACS/MACS-I-PD91P2K,1,limitation,1 confirmed image(s) | Targeted exact-model audit checked iClim and Royal Clima pages. Only one unique clean product candidate was found per exact duct/fan-coil model; reused generic family renders were not used as extra angles. | only 1 usable source images
11,MACS-I-PD116P2K,MACS,MACS/MACS-I-PD116P2K,1,limitation,1 confirmed image(s) | Targeted exact-model audit checked iClim and Royal Clima pages. Only one unique clean product candidate was found per exact duct/fan-coil model; reused generic family renders were not used as extra angles. | only 1 usable source images
11,MACS-I-PD136P2K,MACS,MACS/MACS-I-PD136P2K,1,limitation,1 confirmed image(s) | Targeted exact-model audit checked iClim and Royal Clima pages. Only one unique clean product candidate was found per exact duct/fan-coil model; reused generic family renders were not used as extra angles. | only 1 usable source images
11,MACS-I-PD220P2K,MACS,MACS/MACS-I-PD220P2K,1,limitation,1 confirmed image(s) | Targeted exact-model audit checked iClim and Royal Clima pages. Only one unique clean product candidate was found per exact duct/fan-coil model; reused generic family renders were not used as extra angles. | only 1 usable source images
12,MACS-I-PD280P2K,MACS,MACS/MACS-I-PD280P2K,1,limitation,1 confirmed image(s) | Targeted exact-model audit checked iClim and Royal Clima pages. Only one unique clean product candidate was found per exact duct/fan-coil model; reused generic family renders were not used as extra angles. | only 1 usable source images
12,MACS-I-PD330P2K,MACS,MACS/MACS-I-PD330P2K,1,limitation,1 confirmed image(s) | Targeted exact-model audit checked iClim and Royal Clima pages. Only one unique clean product candidate was found per exact duct/fan-coil model; reused generic family renders were not used as extra angles. | only 1 usable source images
12,MACS-I-PD270P2K,MACS,MACS/MACS-I-PD270P2K,1,limitation,1 confirmed image(s) | Targeted exact-model audit checked iClim and Royal Clima pages. Only one unique clean product candidate was found per exact duct/fan-coil model; reused generic family renders were not used as extra angles. | only 1 usable source images
12,MACS-I-PD380P2K,MACS,MACS/MACS-I-PD380P2K,1,limitation,1 confirmed image(s) | Targeted exact-model audit checked iClim and Royal Clima pages. Only one unique clean product candidate was found per exact duct/fan-coil model; reused generic family renders were not used as extra angles. | only 1 usable source images
12,MACS-I-PD420P2K,MACS,MACS/MACS-I-PD420P2K,1,limitation,1 confirmed image(s) | Targeted exact-model audit checked iClim and Royal Clima pages. Only one unique clean product candidate was found per exact duct/fan-coil model; reused generic family renders were not used as extra angles. | only 1 usable source images
12,MACS-I-PD60P4K,MACS,MACS/MACS-I-PD60P4K,1,limitation,1 confirmed image(s) | Targeted exact-model audit checked iClim and Royal Clima pages. Only one unique clean product candidate was found per exact duct/fan-coil model; reused generic family renders were not used as extra angles. | only 1 usable source images
12,MACS-I-PD75P4K,MACS,MACS/MACS-I-PD75P4K,1,limitation,1 confirmed image(s) | Targeted exact-model audit checked iClim and Royal Clima pages. Only one unique clean product candidate was found per exact duct/fan-coil model; reused generic family renders were not used as extra angles. | only 1 usable source images
12,MACS-I-PD90P4K,MACS,MACS/MACS-I-PD90P4K,1,limitation,1 confirmed image(s) | Targeted exact-model audit checked iClim and Royal Clima pages. Only one unique clean product candidate was found per exact duct/fan-coil model; reused generic family renders were not used as extra angles. | only 1 usable source images
12,MACS-I-PD115P4K,MACS,MACS/MACS-I-PD115P4K,1,limitation,1 confirmed image(s) | Targeted exact-model audit checked iClim and Royal Clima pages. Only one unique clean product candidate was found per exact duct/fan-coil model; reused generic family renders were not used as extra angles. | only 1 usable source images
12,MACS-I-PD135P4K,MACS,MACS/MACS-I-PD135P4K,1,limitation,1 confirmed image(s) | Targeted exact-model audit checked iClim and Royal Clima pages. Only one unique clean product candidate was found per exact duct/fan-coil model; reused generic family renders were not used as extra angles. | only 1 usable source images
12,MACS-I-PD160P4K,MACS,MACS/MACS-I-PD160P4K,1,limitation,1 confirmed image(s) | Targeted exact-model audit checked iClim and Royal Clima pages. Only one unique clean product candidate was found per exact duct/fan-coil model; reused generic family renders were not used as extra angles. | only 1 usable source images
12,MACS-I-PD210P4K,MACS,MACS/MACS-I-PD210P4K,1,limitation,1 confirmed image(s) | Targeted exact-model audit checked iClim and Royal Clima pages. Only one unique clean product candidate was found per exact duct/fan-coil model; reused generic family renders were not used as extra angles. | only 1 usable source images
12,MACS-I-PD270P4K,MACS,MACS/MACS-I-PD270P4K,1,limitation,1 confirmed image(s) | Targeted exact-model audit checked iClim and Royal Clima pages. Only one unique clean product candidate was found per exact duct/fan-coil model; reused generic family renders were not used as extra angles. | only 1 usable source images
12,MACS-I-PD315P4K,MACS,MACS/MACS-I-PD315P4K,1,limitation,1 confirmed image(s) | Targeted exact-model audit checked iClim and Royal Clima pages. Only one unique clean product candidate was found per exact duct/fan-coil model; reused generic family renders were not used as extra angles. | only 1 usable source images
12,MACS-I-PD51P4K,MACS,MACS/MACS-I-PD51P4K,1,limitation,1 confirmed image(s) | Targeted exact-model audit checked iClim and Royal Clima pages. Only one unique clean product candidate was found per exact duct/fan-coil model; reused generic family renders were not used as extra angles. | only 1 usable source images
12,MACS-I-PD66P4K,MACS,MACS/MACS-I-PD66P4K,1,limitation,1 confirmed image(s) | Targeted exact-model audit checked iClim and Royal Clima pages. Only one unique clean product candidate was found per exact duct/fan-coil model; reused generic family renders were not used as extra angles. | only 1 usable source images
12,MACS-I-PD76P4K,MACS,MACS/MACS-I-PD76P4K,1,limitation,1 confirmed image(s) | Targeted exact-model audit checked iClim and Royal Clima pages. Only one unique clean product candidate was found per exact duct/fan-coil model; reused generic family renders were not used as extra angles. | only 1 usable source images
12,MACS-I-PD96P4K,MACS,MACS/MACS-I-PD96P4K,1,limitation,1 confirmed image(s) | Targeted exact-model audit checked iClim and Royal Clima pages. Only one unique clean product candidate was found per exact duct/fan-coil model; reused generic family renders were not used as extra angles. | only 1 usable source images
12,MACS-I-PD116P4K,MACS,MACS/MACS-I-PD116P4K,1,limitation,1 confirmed image(s) | Targeted exact-model audit checked iClim and Royal Clima pages. Only one unique clean product candidate was found per exact duct/fan-coil model; reused generic family renders were not used as extra angles. | only 1 usable source images
12,MACS-I-PD136P4K,MACS,MACS/MACS-I-PD136P4K,1,limitation,1 confirmed image(s) | Targeted exact-model audit checked iClim and Royal Clima pages. Only one unique clean product candidate was found per exact duct/fan-coil model; reused generic family renders were not used as extra angles. | only 1 usable source images
12,MACS-I-PD176P4K,MACS,MACS/MACS-I-PD176P4K,1,limitation,1 confirmed image(s) | Targeted exact-model audit checked iClim and Royal Clima pages. Only one unique clean product candidate was found per exact duct/fan-coil model; reused generic family renders were not used as extra angles. | only 1 usable source images
12,MACS-I-PD226P4K,MACS,MACS/MACS-I-PD226P4K,1,limitation,1 confirmed image(s) | Targeted exact-model audit checked iClim and Royal Clima pages. Only one unique clean product candidate was found per exact duct/fan-coil model; reused generic family renders were not used as extra angles. | only 1 usable source images
12,MACS-I-PD266P4K,MACS,MACS/MACS-I-PD266P4K,1,limitation,1 confirmed image(s) | Targeted exact-model audit checked iClim and Royal Clima pages. Only one unique clean product candidate was found per exact duct/fan-coil model; reused generic family renders were not used as extra angles. | only 1 usable source images
13,ZKPU-maxi 2,ZKPU-maxi,ZKPU-maxi/ZKPU-maxi 2,1,limitation,"1 confirmed image(s) | Targeted exact-model audit checked Breez, Toplan and AirVentilation. Additional images are generic series components/marketing material shared across size variants; only safe product imagery retained. | only 1 usable source images"
13,ZKPU-maxi 4,ZKPU-maxi,ZKPU-maxi/ZKPU-maxi 4,1,limitation,"1 confirmed image(s) | Targeted exact-model audit checked Breez, Toplan and AirVentilation. Additional images are generic series components/marketing material shared across size variants; only safe product imagery retained. | only 1 usable source images"
13,ZKPU-maxi 6,ZKPU-maxi,ZKPU-maxi/ZKPU-maxi 6,1,limitation,"1 confirmed image(s) | Targeted exact-model audit checked Breez, Toplan and AirVentilation. Additional images are generic series components/marketing material shared across size variants; only safe product imagery retained. | only 1 usable source images"
13,ZKPU-maxi 8,ZKPU-maxi,ZKPU-maxi/ZKPU-maxi 8,1,limitation,"1 confirmed image(s) | Targeted exact-model audit checked Breez, Toplan and AirVentilation. Additional images are generic series components/marketing material shared across size variants; only safe product imagery retained. | only 1 usable source images"
13,ZKPU-maxi 10,ZKPU-maxi,ZKPU-maxi/ZKPU-maxi 10,1,limitation,"1 confirmed image(s) | Targeted exact-model audit checked Breez, Toplan and AirVentilation. Additional images are generic series components/marketing material shared across size variants; only safe product imagery retained. | only 1 usable source images"
13,ZKPU-maxi 12,ZKPU-maxi,ZKPU-maxi/ZKPU-maxi 12,1,limitation,"1 confirmed image(s) | Targeted exact-model audit checked Breez, Toplan and AirVentilation. Additional images are generic series components/marketing material shared across size variants; only safe product imagery retained. | only 1 usable source images"
13,ZKPU-maxi 14,ZKPU-maxi,ZKPU-maxi/ZKPU-maxi 14,1,limitation,"1 confirmed image(s) | Targeted exact-model audit checked Breez, Toplan and AirVentilation. Additional images are generic series components/marketing material shared across size variants; only safe product imagery retained. | only 1 usable source images"
13,ZKPU-maxi 16,ZKPU-maxi,ZKPU-maxi/ZKPU-maxi 16,1,limitation,"1 confirmed image(s) | Targeted exact-model audit checked Breez, Toplan and AirVentilation. Additional images are generic series components/marketing material shared across size variants; only safe product imagery retained. | only 1 usable source images"
13,ZKPU-maxi 18,ZKPU-maxi,ZKPU-maxi/ZKPU-maxi 18,1,limitation,"1 confirmed image(s) | Targeted exact-model audit checked Breez, Toplan and AirVentilation. Additional images are generic series components/marketing material shared across size variants; only safe product imagery retained. | only 1 usable source images"
13,ZKPU-maxi 20,ZKPU-maxi,ZKPU-maxi/ZKPU-maxi 20,1,limitation,"1 confirmed image(s) | Targeted exact-model audit checked Breez, Toplan and AirVentilation. Additional images are generic series components/marketing material shared across size variants; only safe product imagery retained. | only 1 usable source images"
13,ZKPU-mini 50-25,ZKPU-mini,ZKPU-mini/ZKPU-mini 50-25,1,limitation,"1 confirmed image(s) | Targeted exact-model audit checked Breez, Toplan and AirVentilation. Additional images are generic series components/marketing material shared across size variants; only safe product imagery retained. | only 1 usable source images"
13,ZKPU-mini 50-30,ZKPU-mini,ZKPU-mini/ZKPU-mini 50-30,1,limitation,"1 confirmed image(s) | Targeted exact-model audit checked Breez, Toplan and AirVentilation. Additional images are generic series components/marketing material shared across size variants; only safe product imagery retained. | only 1 usable source images"
13,ZKPU-mini 60-30,ZKPU-mini,ZKPU-mini/ZKPU-mini 60-30,1,limitation,"1 confirmed image(s) | Targeted exact-model audit checked Breez, Toplan and AirVentilation. Additional images are generic series components/marketing material shared across size variants; only safe product imagery retained. | only 1 usable source images"
13,ZKPU-mini 60-35,ZKPU-mini,ZKPU-mini/ZKPU-mini 60-35,1,limitation,"1 confirmed image(s) | Targeted exact-model audit checked Breez, Toplan and AirVentilation. Additional images are generic series components/marketing material shared across size variants; only safe product imagery retained. | only 1 usable source images"
13,ZKPU-mini 70-40,ZKPU-mini,ZKPU-mini/ZKPU-mini 70-40,1,limitation,"1 confirmed image(s) | Targeted exact-model audit checked Breez, Toplan and AirVentilation. Additional images are generic series components/marketing material shared across size variants; only safe product imagery retained. | only 1 usable source images"
13,ZKPU-mini 80-50,ZKPU-mini,ZKPU-mini/ZKPU-mini 80-50,1,limitation,"1 confirmed image(s) | Targeted exact-model audit checked Breez, Toplan and AirVentilation. Additional images are generic series components/marketing material shared across size variants; only safe product imagery retained. | only 1 usable source images"
13,ZKPU-mini 100-50,ZKPU-mini,ZKPU-mini/ZKPU-mini 100-50,1,limitation,"1 confirmed image(s) | Targeted exact-model audit checked Breez, Toplan and AirVentilation. Additional images are generic series components/marketing material shared across size variants; only safe product imagery retained. | only 1 usable source images"
14,AUW-09U4RS8,HEAVY EU DC INVERTER,HEAVY EU DC INVERTER/AUW-09U4RS8,6,limitation,removed: MirCli/Hisense authorized service certificate | removed: MirCli/Hisense official dealer certificate | 18 low-resolution images rejected
14,AUW-12U4RS8,HEAVY EU DC INVERTER,HEAVY EU DC INVERTER/AUW-12U4RS8,6,limitation,removed: MirCli/Hisense authorized service certificate | removed: MirCli/Hisense official dealer certificate | 18 low-resolution images rejected
14,AUW-18U4RS7,HEAVY EU DC INVERTER,HEAVY EU DC INVERTER/AUW-18U4RS7,6,limitation,removed: MirCli/Hisense authorized service certificate | removed: MirCli/Hisense official dealer certificate | 18 low-resolution images rejected
14,AUW-24U4RJ7,HEAVY EU DC INVERTER,HEAVY EU DC INVERTER/AUW-24U4RJ7,6,limitation,removed: MirCli/Hisense authorized service certificate | removed: MirCli/Hisense official dealer certificate | 10 low-resolution images rejected
14,AUW-36U4RK7,HEAVY EU DC INVERTER,HEAVY EU DC INVERTER/AUW-36U4RK7,6,limitation,removed: MirCli/Hisense authorized service certificate | removed: MirCli/Hisense official dealer certificate | 9 low-resolution images rejected
14,AUW-48U6RN8,HEAVY EU DC INVERTER,HEAVY EU DC INVERTER/AUW-48U6RN8,6,limitation,removed: MirCli/Hisense authorized service certificate | removed: MirCli/Hisense official dealer certificate | 14 low-resolution images rejected
14,AUW-60U6RW8,HEAVY EU DC INVERTER,HEAVY EU DC INVERTER/AUW-60U6RW8,6,limitation,removed: MirCli/Hisense authorized service certificate | removed: MirCli/Hisense official dealer certificate | 8 low-resolution images rejected
14,AUW-85U6RZ8,HEAVY EU DC INVERTER,HEAVY EU DC INVERTER/AUW-85U6RZ8,10,limitation,removed: MirCli/Hisense authorized service certificate | removed: MirCli/Hisense official dealer certificate | 41 low-resolution images rejected
14,MCU-23K,UNIVERSO,UNIVERSO/MCU-23K,1,limitation,"1 confirmed image(s) | Targeted exact-model audit checked Royal Clima, iClim and dealer pages. Exact model pages reuse the same render across different outdoor dimensions; no unsafe extra model-specific images were invented. | only 1 usable source images; 1 low-resolution images rejected"
14,MCU-29K,UNIVERSO,UNIVERSO/MCU-29K,1,limitation,"1 confirmed image(s) | Targeted exact-model audit checked Royal Clima, iClim and dealer pages. Exact model pages reuse the same render across different outdoor dimensions; no unsafe extra model-specific images were invented. | only 1 usable source images; 1 low-resolution images rejected"
14,MCU-35K,UNIVERSO,UNIVERSO/MCU-35K,1,limitation,"1 confirmed image(s) | Targeted exact-model audit checked Royal Clima, iClim and dealer pages. Exact model pages reuse the same render across different outdoor dimensions; no unsafe extra model-specific images were invented. | only 1 usable source images; 1 low-resolution images rejected"
14,MCU-43K,UNIVERSO,UNIVERSO/MCU-43K,1,limitation,"1 confirmed image(s) | Targeted exact-model audit checked Royal Clima, iClim and dealer pages. Exact model pages reuse the same render across different outdoor dimensions; no unsafe extra model-specific images were invented. | only 1 usable source images; 1 low-resolution images rejected"
14,MCU-63K,UNIVERSO,UNIVERSO/MCU-63K,1,limitation,"1 confirmed image(s) | Targeted exact-model audit checked Royal Clima, iClim and dealer pages. Exact model pages reuse the same render across different outdoor dimensions; no unsafe extra model-specific images were invented. | only 1 usable source images; 1 low-resolution images rejected"
14,MCU-75K,UNIVERSO,UNIVERSO/MCU-75K,1,limitation,"1 confirmed image(s) | Targeted exact-model audit checked Royal Clima, iClim and dealer pages. Exact model pages reuse the same render across different outdoor dimensions; no unsafe extra model-specific images were invented. | only 1 usable source images; 1 low-resolution images rejected"
14,MCU-93K,UNIVERSO,UNIVERSO/MCU-93K,1,limitation,"1 confirmed image(s) | Targeted exact-model audit checked Royal Clima, iClim and dealer pages. Exact model pages reuse the same render across different outdoor dimensions; no unsafe extra model-specific images were invented. | only 1 usable source images; 1 low-resolution images rejected"
14,MCU-117K,UNIVERSO,UNIVERSO/MCU-117K,1,limitation,"1 confirmed image(s) | Targeted exact-model audit checked Royal Clima, iClim and dealer pages. Exact model pages reuse the same render across different outdoor dimensions; no unsafe extra model-specific images were invented. | only 1 usable source images; 1 low-resolution images rejected"
15,TWC22HN/OUT с модулем RC-KA02,Triumph,Triumph/TWC22HN-OUT с модулем RC-KA02,1,limitation,1 confirmed image(s) | Targeted exact-model audit found dealer renders reused across models with different outdoor dimensions; only safe confirmed imagery retained. | only 1 usable source images; 1 low-resolution images rejected
15,TWC28HN/OUT с модулем RC-KA02,Triumph,Triumph/TWC28HN-OUT с модулем RC-KA02,1,limitation,1 confirmed image(s) | Targeted exact-model audit found dealer renders reused across models with different outdoor dimensions; only safe confirmed imagery retained. | only 1 usable source images; 1 low-resolution images rejected
15,TWC35HN/OUT с модулем RC-KA02,Triumph,Triumph/TWC35HN-OUT с модулем RC-KA02,1,limitation,1 confirmed image(s) | Targeted exact-model audit found dealer renders reused across models with different outdoor dimensions; only safe confirmed imagery retained. | only 1 usable source images; 1 low-resolution images rejected
15,TWC55HN/OUT с модулем RC-KA02,Triumph,Triumph/TWC55HN-OUT с модулем RC-KA02,1,limitation,1 confirmed image(s) | Targeted exact-model audit found dealer renders reused across models with different outdoor dimensions; only safe confirmed imagery retained. | only 1 usable source images; 1 low-resolution images rejected
15,TWC75HN/OUT с модулем RC-KA02,Triumph,Triumph/TWC75HN-OUT с модулем RC-KA02,1,limitation,1 confirmed image(s) | Targeted exact-model audit found dealer renders reused across models with different outdoor dimensions; only safe confirmed imagery retained. | only 1 usable source images; 1 low-resolution images rejected
15,HFRWE-65DGF/SYS,HiMod AE2,HiMod AE2/HFRWE-65DGF-SYS,1,limitation,1 confirmed image(s) | HiMod exact-model second pass completed. HFRWE-65DGF/SYS has one independently confirmed exact-model render; HFRWE-130DGF/SYS has three exact-model renders. | Only one independently confirmed exact-model render; conflicting/reused dealer family renders excluded
15,HFRWE-130DGF/SYS,HiMod AE2,HiMod AE2/HFRWE-130DGF-SYS,3,limitation,HiMod exact-model second pass completed. HFRWE-65DGF/SYS has one independently confirmed exact-model render; HFRWE-130DGF/SYS has three exact-model renders.
15,AR08U/F/D,AR,AR/AR08U-F-D,1,limitation,1 confirmed image(s) | Targeted second pass found one clean series product image per exact model; banner/video thumbnails were excluded. | only 1 usable source images
15,AR13U/F/D,AR,AR/AR13U-F-D,1,limitation,1 confirmed image(s) | Targeted second pass found one clean series product image per exact model; banner/video thumbnails were excluded. | only 1 usable source images
15,AR17U/F/D,AR,AR/AR17U-F-D,1,limitation,1 confirmed image(s) | Targeted second pass found one clean series product image per exact model; banner/video thumbnails were excluded. | only 1 usable source images
15,AR20U/F/D,AR,AR/AR20U-F-D,1,limitation,1 confirmed image(s) | Targeted second pass found one clean series product image per exact model; banner/video thumbnails were excluded. | only 1 usable source images
15,IR40F,IR,IR/IR40F,2,limitation,2 confirmed image(s) | Targeted second pass confirmed the available clean IR product gallery; unrelated banner/video thumbnails were excluded. | only 2 usable source images
15,IR50F,IR,IR/IR50F,2,limitation,2 confirmed image(s) | Targeted second pass confirmed the available clean IR product gallery; unrelated banner/video thumbnails were excluded. | only 2 usable source images
15,IR60F,IR,IR/IR60F,3,limitation,Targeted second pass confirmed the available clean IR product gallery; unrelated banner/video thumbnails were excluded. | 1 low-resolution images rejected
