packet,series,model_folder,file,sha256,reason,relative_path
02,AVBC-HJDBA,AVBC-12HJDBA,03.jpg,833e8140e3d3f9f38a79a5a42f3746185144b4584be1911863268887000347e1,MirCli/Hisense authorized service certificate,AVBC-HJDBA/AVBC-12HJDBA/03.jpg
02,AVBC-HJDBA,AVBC-12HJDBA,04.jpg,047f09f590a8859329d2f6ee45d98b33439c679d6531065d9b59e365ee218712,MirCli/Hisense official dealer certificate,AVBC-HJDBA/AVBC-12HJDBA/04.jpg
02,AVBC-HJDBA,AVBC-24HJDBA,08.jpg,130da847ad4fa3319d6c3bd4f17f64f7e22e5d423451a06ec2e2d1170d7efc60,Hisense HVAC promotional multi-product banner,AVBC-HJDBA/AVBC-24HJDBA/08.jpg
02,AVBC-HJDBA,AVBC-24HJDBA,03.jpg,833e8140e3d3f9f38a79a5a42f3746185144b4584be1911863268887000347e1,MirCli/Hisense authorized service certificate,AVBC-HJDBA/AVBC-24HJDBA/03.jpg
02,AVBC-HJDBA,AVBC-24HJDBA,09.jpg,747f32a8d9b91ab0e3729446cd2269a3608511e990b9cf2112d01e16a7717f83,Hisense/Hitachi corporate/factory promotional image,AVBC-HJDBA/AVBC-24HJDBA/09.jpg
02,AVBC-HJDBA,AVBC-24HJDBA,04.jpg,047f09f590a8859329d2f6ee45d98b33439c679d6531065d9b59e365ee218712,MirCli/Hisense official dealer certificate,AVBC-HJDBA/AVBC-24HJDBA/04.jpg
02,AVBC-HJDBA,AVBC-19HJDBA,08.jpg,130da847ad4fa3319d6c3bd4f17f64f7e22e5d423451a06ec2e2d1170d7efc60,Hisense HVAC promotional multi-product banner,AVBC-HJDBA/AVBC-19HJDBA/08.jpg
02,AVBC-HJDBA,AVBC-19HJDBA,03.jpg,833e8140e3d3f9f38a79a5a42f3746185144b4584be1911863268887000347e1,MirCli/Hisense authorized service certificate,AVBC-HJDBA/AVBC-19HJDBA/03.jpg
02,AVBC-HJDBA,AVBC-19HJDBA,09.jpg,747f32a8d9b91ab0e3729446cd2269a3608511e990b9cf2112d01e16a7717f83,Hisense/Hitachi corporate/factory promotional image,AVBC-HJDBA/AVBC-19HJDBA/09.jpg
02,AVBC-HJDBA,AVBC-19HJDBA,04.jpg,047f09f590a8859329d2f6ee45d98b33439c679d6531065d9b59e365ee218712,MirCli/Hisense official dealer certificate,AVBC-HJDBA/AVBC-19HJDBA/04.jpg
02,AVBC-HJDBA,AVBC-30HJDBA,08.jpg,130da847ad4fa3319d6c3bd4f17f64f7e22e5d423451a06ec2e2d1170d7efc60,Hisense HVAC promotional multi-product banner,AVBC-HJDBA/AVBC-30HJDBA/08.jpg
02,AVBC-HJDBA,AVBC-30HJDBA,03.jpg,833e8140e3d3f9f38a79a5a42f3746185144b4584be1911863268887000347e1,MirCli/Hisense authorized service certificate,AVBC-HJDBA/AVBC-30HJDBA/03.jpg
02,AVBC-HJDBA,AVBC-30HJDBA,09.jpg,747f32a8d9b91ab0e3729446cd2269a3608511e990b9cf2112d01e16a7717f83,Hisense/Hitachi corporate/factory promotional image,AVBC-HJDBA/AVBC-30HJDBA/09.jpg
02,AVBC-HJDBA,AVBC-30HJDBA,04.jpg,047f09f590a8859329d2f6ee45d98b33439c679d6531065d9b59e365ee218712,MirCli/Hisense official dealer certificate,AVBC-HJDBA/AVBC-30HJDBA/04.jpg
02,AVBC-HJDBA,AVBC-27HJDBA,03.jpg,833e8140e3d3f9f38a79a5a42f3746185144b4584be1911863268887000347e1,MirCli/Hisense authorized service certificate,AVBC-HJDBA/AVBC-27HJDBA/03.jpg
02,AVBC-HJDBA,AVBC-27HJDBA,04.jpg,047f09f590a8859329d2f6ee45d98b33439c679d6531065d9b59e365ee218712,MirCli/Hisense official dealer certificate,AVBC-HJDBA/AVBC-27HJDBA/04.jpg
02,AVBC-HJDBA,AVBC-15HJDBA,08.jpg,130da847ad4fa3319d6c3bd4f17f64f7e22e5d423451a06ec2e2d1170d7efc60,Hisense HVAC promotional multi-product banner,AVBC-HJDBA/AVBC-15HJDBA/08.jpg
02,AVBC-HJDBA,AVBC-15HJDBA,03.jpg,833e8140e3d3f9f38a79a5a42f3746185144b4584be1911863268887000347e1,MirCli/Hisense authorized service certificate,AVBC-HJDBA/AVBC-15HJDBA/03.jpg
02,AVBC-HJDBA,AVBC-15HJDBA,09.jpg,747f32a8d9b91ab0e3729446cd2269a3608511e990b9cf2112d01e16a7717f83,Hisense/Hitachi corporate/factory promotional image,AVBC-HJDBA/AVBC-15HJDBA/09.jpg
02,AVBC-HJDBA,AVBC-15HJDBA,04.jpg,047f09f590a8859329d2f6ee45d98b33439c679d6531065d9b59e365ee218712,MirCli/Hisense official dealer certificate,AVBC-HJDBA/AVBC-15HJDBA/04.jpg
02,AVBC-HJDBA,AVBC-54HJDBA,03.jpg,833e8140e3d3f9f38a79a5a42f3746185144b4584be1911863268887000347e1,MirCli/Hisense authorized service certificate,AVBC-HJDBA/AVBC-54HJDBA/03.jpg
02,AVBC-HJDBA,AVBC-54HJDBA,04.jpg,047f09f590a8859329d2f6ee45d98b33439c679d6531065d9b59e365ee218712,MirCli/Hisense official dealer certificate,AVBC-HJDBA/AVBC-54HJDBA/04.jpg
02,AVBC-HJDBA,AVBC-48HJDBA,08.jpg,130da847ad4fa3319d6c3bd4f17f64f7e22e5d423451a06ec2e2d1170d7efc60,Hisense HVAC promotional multi-product banner,AVBC-HJDBA/AVBC-48HJDBA/08.jpg
02,AVBC-HJDBA,AVBC-48HJDBA,03.jpg,833e8140e3d3f9f38a79a5a42f3746185144b4584be1911863268887000347e1,MirCli/Hisense authorized service certificate,AVBC-HJDBA/AVBC-48HJDBA/03.jpg
02,AVBC-HJDBA,AVBC-48HJDBA,09.jpg,747f32a8d9b91ab0e3729446cd2269a3608511e990b9cf2112d01e16a7717f83,Hisense/Hitachi corporate/factory promotional image,AVBC-HJDBA/AVBC-48HJDBA/09.jpg
02,AVBC-HJDBA,AVBC-48HJDBA,04.jpg,047f09f590a8859329d2f6ee45d98b33439c679d6531065d9b59e365ee218712,MirCli/Hisense official dealer certificate,AVBC-HJDBA/AVBC-48HJDBA/04.jpg
02,AVBC-HJDBA,AVBC-22HJDBA,03.jpg,833e8140e3d3f9f38a79a5a42f3746185144b4584be1911863268887000347e1,MirCli/Hisense authorized service certificate,AVBC-HJDBA/AVBC-22HJDBA/03.jpg
02,AVBC-HJDBA,AVBC-22HJDBA,04.jpg,047f09f590a8859329d2f6ee45d98b33439c679d6531065d9b59e365ee218712,MirCli/Hisense official dealer certificate,AVBC-HJDBA/AVBC-22HJDBA/04.jpg
02,AVBC-HJDBA,AVBC-38HJDBA,08.jpg,130da847ad4fa3319d6c3bd4f17f64f7e22e5d423451a06ec2e2d1170d7efc60,Hisense HVAC promotional multi-product banner,AVBC-HJDBA/AVBC-38HJDBA/08.jpg
02,AVBC-HJDBA,AVBC-38HJDBA,03.jpg,833e8140e3d3f9f38a79a5a42f3746185144b4584be1911863268887000347e1,MirCli/Hisense authorized service certificate,AVBC-HJDBA/AVBC-38HJDBA/03.jpg
02,AVBC-HJDBA,AVBC-38HJDBA,09.jpg,747f32a8d9b91ab0e3729446cd2269a3608511e990b9cf2112d01e16a7717f83,Hisense/Hitachi corporate/factory promotional image,AVBC-HJDBA/AVBC-38HJDBA/09.jpg
02,AVBC-HJDBA,AVBC-38HJDBA,04.jpg,047f09f590a8859329d2f6ee45d98b33439c679d6531065d9b59e365ee218712,MirCli/Hisense official dealer certificate,AVBC-HJDBA/AVBC-38HJDBA/04.jpg
02,AVBC-HJDBA,AVBC-09HJDBA,08.jpg,130da847ad4fa3319d6c3bd4f17f64f7e22e5d423451a06ec2e2d1170d7efc60,Hisense HVAC promotional multi-product banner,AVBC-HJDBA/AVBC-09HJDBA/08.jpg
02,AVBC-HJDBA,AVBC-09HJDBA,03.jpg,833e8140e3d3f9f38a79a5a42f3746185144b4584be1911863268887000347e1,MirCli/Hisense authorized service certificate,AVBC-HJDBA/AVBC-09HJDBA/03.jpg
02,AVBC-HJDBA,AVBC-09HJDBA,09.jpg,747f32a8d9b91ab0e3729446cd2269a3608511e990b9cf2112d01e16a7717f83,Hisense/Hitachi corporate/factory promotional image,AVBC-HJDBA/AVBC-09HJDBA/09.jpg
02,AVBC-HJDBA,AVBC-09HJDBA,04.jpg,047f09f590a8859329d2f6ee45d98b33439c679d6531065d9b59e365ee218712,MirCli/Hisense official dealer certificate,AVBC-HJDBA/AVBC-09HJDBA/04.jpg
02,AVBC-HJFKA,AVBC-48HJFKA,02.jpg,833e8140e3d3f9f38a79a5a42f3746185144b4584be1911863268887000347e1,MirCli/Hisense authorized service certificate,AVBC-HJFKA/AVBC-48HJFKA/02.jpg
02,AVBC-HJFKA,AVBC-48HJFKA,03.jpg,047f09f590a8859329d2f6ee45d98b33439c679d6531065d9b59e365ee218712,MirCli/Hisense official dealer certificate,AVBC-HJFKA/AVBC-48HJFKA/03.jpg
02,AVBC-HJFKA,AVBC-19HJFKA,02.jpg,833e8140e3d3f9f38a79a5a42f3746185144b4584be1911863268887000347e1,MirCli/Hisense authorized service certificate,AVBC-HJFKA/AVBC-19HJFKA/02.jpg
02,AVBC-HJFKA,AVBC-19HJFKA,03.jpg,047f09f590a8859329d2f6ee45d98b33439c679d6531065d9b59e365ee218712,MirCli/Hisense official dealer certificate,AVBC-HJFKA/AVBC-19HJFKA/03.jpg
02,AVBC-HJFKA,AVBC-24HJFKA,02.jpg,833e8140e3d3f9f38a79a5a42f3746185144b4584be1911863268887000347e1,MirCli/Hisense authorized service certificate,AVBC-HJFKA/AVBC-24HJFKA/02.jpg
02,AVBC-HJFKA,AVBC-24HJFKA,03.jpg,047f09f590a8859329d2f6ee45d98b33439c679d6531065d9b59e365ee218712,MirCli/Hisense official dealer certificate,AVBC-HJFKA/AVBC-24HJFKA/03.jpg
02,AVBC-HJFKA,AVBC-38HJFKA,02.jpg,833e8140e3d3f9f38a79a5a42f3746185144b4584be1911863268887000347e1,MirCli/Hisense authorized service certificate,AVBC-HJFKA/AVBC-38HJFKA/02.jpg
02,AVBC-HJFKA,AVBC-38HJFKA,03.jpg,047f09f590a8859329d2f6ee45d98b33439c679d6531065d9b59e365ee218712,MirCli/Hisense official dealer certificate,AVBC-HJFKA/AVBC-38HJFKA/03.jpg
02,AVBC-HJFKA,AVBC-30HJFKA,02.jpg,833e8140e3d3f9f38a79a5a42f3746185144b4584be1911863268887000347e1,MirCli/Hisense authorized service certificate,AVBC-HJFKA/AVBC-30HJFKA/02.jpg
02,AVBC-HJFKA,AVBC-30HJFKA,03.jpg,047f09f590a8859329d2f6ee45d98b33439c679d6531065d9b59e365ee218712,MirCli/Hisense official dealer certificate,AVBC-HJFKA/AVBC-30HJFKA/03.jpg
02,AVBC-HJFKA,AVBC-54HJFKA,02.jpg,833e8140e3d3f9f38a79a5a42f3746185144b4584be1911863268887000347e1,MirCli/Hisense authorized service certificate,AVBC-HJFKA/AVBC-54HJFKA/02.jpg
02,AVBC-HJFKA,AVBC-54HJFKA,03.jpg,047f09f590a8859329d2f6ee45d98b33439c679d6531065d9b59e365ee218712,MirCli/Hisense official dealer certificate,AVBC-HJFKA/AVBC-54HJFKA/03.jpg
03,AVS-HJDTD,AVS-09HJDTD,02.jpg,833e8140e3d3f9f38a79a5a42f3746185144b4584be1911863268887000347e1,MirCli/Hisense authorized service certificate,AVS-HJDTD/AVS-09HJDTD/02.jpg
03,AVS-HJDTD,AVS-09HJDTD,08.jpg,747f32a8d9b91ab0e3729446cd2269a3608511e990b9cf2112d01e16a7717f83,Hisense/Hitachi corporate/factory promotional image,AVS-HJDTD/AVS-09HJDTD/08.jpg
03,AVS-HJDTD,AVS-09HJDTD,03.jpg,047f09f590a8859329d2f6ee45d98b33439c679d6531065d9b59e365ee218712,MirCli/Hisense official dealer certificate,AVS-HJDTD/AVS-09HJDTD/03.jpg
03,AVS-HJDTD,AVS-09HJDTD,07.jpg,130da847ad4fa3319d6c3bd4f17f64f7e22e5d423451a06ec2e2d1170d7efc60,Hisense HVAC promotional multi-product banner,AVS-HJDTD/AVS-09HJDTD/07.jpg
03,AVS-HJDTD,AVS-12HJDTD,02.jpg,833e8140e3d3f9f38a79a5a42f3746185144b4584be1911863268887000347e1,MirCli/Hisense authorized service certificate,AVS-HJDTD/AVS-12HJDTD/02.jpg
03,AVS-HJDTD,AVS-12HJDTD,08.jpg,747f32a8d9b91ab0e3729446cd2269a3608511e990b9cf2112d01e16a7717f83,Hisense/Hitachi corporate/factory promotional image,AVS-HJDTD/AVS-12HJDTD/08.jpg
03,AVS-HJDTD,AVS-12HJDTD,03.jpg,047f09f590a8859329d2f6ee45d98b33439c679d6531065d9b59e365ee218712,MirCli/Hisense official dealer certificate,AVS-HJDTD/AVS-12HJDTD/03.jpg
03,AVS-HJDTD,AVS-12HJDTD,07.jpg,130da847ad4fa3319d6c3bd4f17f64f7e22e5d423451a06ec2e2d1170d7efc60,Hisense HVAC promotional multi-product banner,AVS-HJDTD/AVS-12HJDTD/07.jpg
03,AVS-HJDTD,AVS-07HJDTD,02.jpg,833e8140e3d3f9f38a79a5a42f3746185144b4584be1911863268887000347e1,MirCli/Hisense authorized service certificate,AVS-HJDTD/AVS-07HJDTD/02.jpg
03,AVS-HJDTD,AVS-07HJDTD,08.jpg,747f32a8d9b91ab0e3729446cd2269a3608511e990b9cf2112d01e16a7717f83,Hisense/Hitachi corporate/factory promotional image,AVS-HJDTD/AVS-07HJDTD/08.jpg
03,AVS-HJDTD,AVS-07HJDTD,03.jpg,047f09f590a8859329d2f6ee45d98b33439c679d6531065d9b59e365ee218712,MirCli/Hisense official dealer certificate,AVS-HJDTD/AVS-07HJDTD/03.jpg
03,AVS-HJDTD,AVS-07HJDTD,07.jpg,130da847ad4fa3319d6c3bd4f17f64f7e22e5d423451a06ec2e2d1170d7efc60,Hisense HVAC promotional multi-product banner,AVS-HJDTD/AVS-07HJDTD/07.jpg
03,AVS-HJDTD,AVS-05HJDTD,02.jpg,833e8140e3d3f9f38a79a5a42f3746185144b4584be1911863268887000347e1,MirCli/Hisense authorized service certificate,AVS-HJDTD/AVS-05HJDTD/02.jpg
03,AVS-HJDTD,AVS-05HJDTD,08.jpg,747f32a8d9b91ab0e3729446cd2269a3608511e990b9cf2112d01e16a7717f83,Hisense/Hitachi corporate/factory promotional image,AVS-HJDTD/AVS-05HJDTD/08.jpg
03,AVS-HJDTD,AVS-05HJDTD,03.jpg,047f09f590a8859329d2f6ee45d98b33439c679d6531065d9b59e365ee218712,MirCli/Hisense official dealer certificate,AVS-HJDTD/AVS-05HJDTD/03.jpg
03,AVS-HJDTD,AVS-05HJDTD,07.jpg,130da847ad4fa3319d6c3bd4f17f64f7e22e5d423451a06ec2e2d1170d7efc60,Hisense HVAC promotional multi-product banner,AVS-HJDTD/AVS-05HJDTD/07.jpg
03,AVS-HJDTD,AVS-28HJDTD,02.jpg,833e8140e3d3f9f38a79a5a42f3746185144b4584be1911863268887000347e1,MirCli/Hisense authorized service certificate,AVS-HJDTD/AVS-28HJDTD/02.jpg
03,AVS-HJDTD,AVS-28HJDTD,03.jpg,047f09f590a8859329d2f6ee45d98b33439c679d6531065d9b59e365ee218712,MirCli/Hisense official dealer certificate,AVS-HJDTD/AVS-28HJDTD/03.jpg
03,AVS-HJDTD,AVS-19HJDTD,02.jpg,833e8140e3d3f9f38a79a5a42f3746185144b4584be1911863268887000347e1,MirCli/Hisense authorized service certificate,AVS-HJDTD/AVS-19HJDTD/02.jpg
03,AVS-HJDTD,AVS-19HJDTD,08.jpg,747f32a8d9b91ab0e3729446cd2269a3608511e990b9cf2112d01e16a7717f83,Hisense/Hitachi corporate/factory promotional image,AVS-HJDTD/AVS-19HJDTD/08.jpg
03,AVS-HJDTD,AVS-19HJDTD,03.jpg,047f09f590a8859329d2f6ee45d98b33439c679d6531065d9b59e365ee218712,MirCli/Hisense official dealer certificate,AVS-HJDTD/AVS-19HJDTD/03.jpg
03,AVS-HJDTD,AVS-19HJDTD,07.jpg,130da847ad4fa3319d6c3bd4f17f64f7e22e5d423451a06ec2e2d1170d7efc60,Hisense HVAC promotional multi-product banner,AVS-HJDTD/AVS-19HJDTD/07.jpg
03,AVS-HJDTD,AVS-24HJDTD,02.jpg,833e8140e3d3f9f38a79a5a42f3746185144b4584be1911863268887000347e1,MirCli/Hisense authorized service certificate,AVS-HJDTD/AVS-24HJDTD/02.jpg
03,AVS-HJDTD,AVS-24HJDTD,08.jpg,747f32a8d9b91ab0e3729446cd2269a3608511e990b9cf2112d01e16a7717f83,Hisense/Hitachi corporate/factory promotional image,AVS-HJDTD/AVS-24HJDTD/08.jpg
03,AVS-HJDTD,AVS-24HJDTD,03.jpg,047f09f590a8859329d2f6ee45d98b33439c679d6531065d9b59e365ee218712,MirCli/Hisense official dealer certificate,AVS-HJDTD/AVS-24HJDTD/03.jpg
03,AVS-HJDTD,AVS-24HJDTD,07.jpg,130da847ad4fa3319d6c3bd4f17f64f7e22e5d423451a06ec2e2d1170d7efc60,Hisense HVAC promotional multi-product banner,AVS-HJDTD/AVS-24HJDTD/07.jpg
03,AVS-HJDTD,AVS-15HJDTD,02.jpg,833e8140e3d3f9f38a79a5a42f3746185144b4584be1911863268887000347e1,MirCli/Hisense authorized service certificate,AVS-HJDTD/AVS-15HJDTD/02.jpg
03,AVS-HJDTD,AVS-15HJDTD,08.jpg,747f32a8d9b91ab0e3729446cd2269a3608511e990b9cf2112d01e16a7717f83,Hisense/Hitachi corporate/factory promotional image,AVS-HJDTD/AVS-15HJDTD/08.jpg
03,AVS-HJDTD,AVS-15HJDTD,03.jpg,047f09f590a8859329d2f6ee45d98b33439c679d6531065d9b59e365ee218712,MirCli/Hisense official dealer certificate,AVS-HJDTD/AVS-15HJDTD/03.jpg
03,AVS-HJDTD,AVS-15HJDTD,07.jpg,130da847ad4fa3319d6c3bd4f17f64f7e22e5d423451a06ec2e2d1170d7efc60,Hisense HVAC promotional multi-product banner,AVS-HJDTD/AVS-15HJDTD/07.jpg
04,AVD-HJDH,AVD-24HJDH1,02.jpg,833e8140e3d3f9f38a79a5a42f3746185144b4584be1911863268887000347e1,MirCli/Hisense authorized service certificate,AVD-HJDH/AVD-24HJDH1/02.jpg
04,AVD-HJDH,AVD-24HJDH1,03.jpg,047f09f590a8859329d2f6ee45d98b33439c679d6531065d9b59e365ee218712,MirCli/Hisense official dealer certificate,AVD-HJDH/AVD-24HJDH1/03.jpg
04,AVD-HJDH,AVD-54HJDH,02.jpg,833e8140e3d3f9f38a79a5a42f3746185144b4584be1911863268887000347e1,MirCli/Hisense authorized service certificate,AVD-HJDH/AVD-54HJDH/02.jpg
04,AVD-HJDH,AVD-54HJDH,03.jpg,047f09f590a8859329d2f6ee45d98b33439c679d6531065d9b59e365ee218712,MirCli/Hisense official dealer certificate,AVD-HJDH/AVD-54HJDH/03.jpg
04,AVD-HJDH,AVD-09HJDH,02.jpg,833e8140e3d3f9f38a79a5a42f3746185144b4584be1911863268887000347e1,MirCli/Hisense authorized service certificate,AVD-HJDH/AVD-09HJDH/02.jpg
04,AVD-HJDH,AVD-09HJDH,03.jpg,047f09f590a8859329d2f6ee45d98b33439c679d6531065d9b59e365ee218712,MirCli/Hisense official dealer certificate,AVD-HJDH/AVD-09HJDH/03.jpg
04,AVD-HJDH,AVD-76HJDH,02.jpg,833e8140e3d3f9f38a79a5a42f3746185144b4584be1911863268887000347e1,MirCli/Hisense authorized service certificate,AVD-HJDH/AVD-76HJDH/02.jpg
04,AVD-HJDH,AVD-76HJDH,03.jpg,047f09f590a8859329d2f6ee45d98b33439c679d6531065d9b59e365ee218712,MirCli/Hisense official dealer certificate,AVD-HJDH/AVD-76HJDH/03.jpg
04,AVD-HJDH,AVD-24HJDH,02.jpg,833e8140e3d3f9f38a79a5a42f3746185144b4584be1911863268887000347e1,MirCli/Hisense authorized service certificate,AVD-HJDH/AVD-24HJDH/02.jpg
04,AVD-HJDH,AVD-24HJDH,03.jpg,047f09f590a8859329d2f6ee45d98b33439c679d6531065d9b59e365ee218712,MirCli/Hisense official dealer certificate,AVD-HJDH/AVD-24HJDH/03.jpg
04,AVD-HJDH,AVD-19HJDH,02.jpg,833e8140e3d3f9f38a79a5a42f3746185144b4584be1911863268887000347e1,MirCli/Hisense authorized service certificate,AVD-HJDH/AVD-19HJDH/02.jpg
04,AVD-HJDH,AVD-19HJDH,03.jpg,047f09f590a8859329d2f6ee45d98b33439c679d6531065d9b59e365ee218712,MirCli/Hisense official dealer certificate,AVD-HJDH/AVD-19HJDH/03.jpg
04,AVD-HJDH,AVD-42HJDH,02.jpg,833e8140e3d3f9f38a79a5a42f3746185144b4584be1911863268887000347e1,MirCli/Hisense authorized service certificate,AVD-HJDH/AVD-42HJDH/02.jpg
04,AVD-HJDH,AVD-42HJDH,03.jpg,047f09f590a8859329d2f6ee45d98b33439c679d6531065d9b59e365ee218712,MirCli/Hisense official dealer certificate,AVD-HJDH/AVD-42HJDH/03.jpg
04,AVD-HJDH,AVD-12HJDH,02.jpg,833e8140e3d3f9f38a79a5a42f3746185144b4584be1911863268887000347e1,MirCli/Hisense authorized service certificate,AVD-HJDH/AVD-12HJDH/02.jpg
04,AVD-HJDH,AVD-12HJDH,03.jpg,047f09f590a8859329d2f6ee45d98b33439c679d6531065d9b59e365ee218712,MirCli/Hisense official dealer certificate,AVD-HJDH/AVD-12HJDH/03.jpg
04,AVD-HJDH,AVD-96HJDH,02.jpg,833e8140e3d3f9f38a79a5a42f3746185144b4584be1911863268887000347e1,MirCli/Hisense authorized service certificate,AVD-HJDH/AVD-96HJDH/02.jpg
04,AVD-HJDH,AVD-96HJDH,03.jpg,047f09f590a8859329d2f6ee45d98b33439c679d6531065d9b59e365ee218712,MirCli/Hisense official dealer certificate,AVD-HJDH/AVD-96HJDH/03.jpg
04,AVD-HJDH,AVD-15HJDH,02.jpg,833e8140e3d3f9f38a79a5a42f3746185144b4584be1911863268887000347e1,MirCli/Hisense authorized service certificate,AVD-HJDH/AVD-15HJDH/02.jpg
04,AVD-HJDH,AVD-15HJDH,03.jpg,047f09f590a8859329d2f6ee45d98b33439c679d6531065d9b59e365ee218712,MirCli/Hisense official dealer certificate,AVD-HJDH/AVD-15HJDH/03.jpg
04,AVD-HJDH,AVD-38HJDH,02.jpg,833e8140e3d3f9f38a79a5a42f3746185144b4584be1911863268887000347e1,MirCli/Hisense authorized service certificate,AVD-HJDH/AVD-38HJDH/02.jpg
04,AVD-HJDH,AVD-38HJDH,03.jpg,047f09f590a8859329d2f6ee45d98b33439c679d6531065d9b59e365ee218712,MirCli/Hisense official dealer certificate,AVD-HJDH/AVD-38HJDH/03.jpg
04,AVD-HJDH,AVD-30HJDH,02.jpg,833e8140e3d3f9f38a79a5a42f3746185144b4584be1911863268887000347e1,MirCli/Hisense authorized service certificate,AVD-HJDH/AVD-30HJDH/02.jpg
04,AVD-HJDH,AVD-30HJDH,03.jpg,047f09f590a8859329d2f6ee45d98b33439c679d6531065d9b59e365ee218712,MirCli/Hisense official dealer certificate,AVD-HJDH/AVD-30HJDH/03.jpg
04,AVD-HJDH,AVD-48HJDH,02.jpg,833e8140e3d3f9f38a79a5a42f3746185144b4584be1911863268887000347e1,MirCli/Hisense authorized service certificate,AVD-HJDH/AVD-48HJDH/02.jpg
04,AVD-HJDH,AVD-48HJDH,03.jpg,047f09f590a8859329d2f6ee45d98b33439c679d6531065d9b59e365ee218712,MirCli/Hisense official dealer certificate,AVD-HJDH/AVD-48HJDH/03.jpg
05,AVE-HJDDH,AVE-12HJDDH,02.jpg,833e8140e3d3f9f38a79a5a42f3746185144b4584be1911863268887000347e1,MirCli/Hisense authorized service certificate,AVE-HJDDH/AVE-12HJDDH/02.jpg
05,AVE-HJDDH,AVE-12HJDDH,03.jpg,047f09f590a8859329d2f6ee45d98b33439c679d6531065d9b59e365ee218712,MirCli/Hisense official dealer certificate,AVE-HJDDH/AVE-12HJDDH/03.jpg
05,AVE-HJDDH,AVE-07HJDDH,02.jpg,833e8140e3d3f9f38a79a5a42f3746185144b4584be1911863268887000347e1,MirCli/Hisense authorized service certificate,AVE-HJDDH/AVE-07HJDDH/02.jpg
05,AVE-HJDDH,AVE-07HJDDH,03.jpg,047f09f590a8859329d2f6ee45d98b33439c679d6531065d9b59e365ee218712,MirCli/Hisense official dealer certificate,AVE-HJDDH/AVE-07HJDDH/03.jpg
05,AVE-HJDDH,AVE-19HJDDH,02.jpg,833e8140e3d3f9f38a79a5a42f3746185144b4584be1911863268887000347e1,MirCli/Hisense authorized service certificate,AVE-HJDDH/AVE-19HJDDH/02.jpg
05,AVE-HJDDH,AVE-19HJDDH,03.jpg,047f09f590a8859329d2f6ee45d98b33439c679d6531065d9b59e365ee218712,MirCli/Hisense official dealer certificate,AVE-HJDDH/AVE-19HJDDH/03.jpg
05,AVE-HJDDH,AVE-09HJDDH,02.jpg,833e8140e3d3f9f38a79a5a42f3746185144b4584be1911863268887000347e1,MirCli/Hisense authorized service certificate,AVE-HJDDH/AVE-09HJDDH/02.jpg
05,AVE-HJDDH,AVE-09HJDDH,03.jpg,047f09f590a8859329d2f6ee45d98b33439c679d6531065d9b59e365ee218712,MirCli/Hisense official dealer certificate,AVE-HJDDH/AVE-09HJDDH/03.jpg
05,AVE-HJDDH,AVE-05HJDDH,02.jpg,833e8140e3d3f9f38a79a5a42f3746185144b4584be1911863268887000347e1,MirCli/Hisense authorized service certificate,AVE-HJDDH/AVE-05HJDDH/02.jpg
05,AVE-HJDDH,AVE-05HJDDH,03.jpg,047f09f590a8859329d2f6ee45d98b33439c679d6531065d9b59e365ee218712,MirCli/Hisense official dealer certificate,AVE-HJDDH/AVE-05HJDDH/03.jpg
05,AVE-HJDDH,AVE-24HJDDH,02.jpg,833e8140e3d3f9f38a79a5a42f3746185144b4584be1911863268887000347e1,MirCli/Hisense authorized service certificate,AVE-HJDDH/AVE-24HJDDH/02.jpg
05,AVE-HJDDH,AVE-24HJDDH,03.jpg,047f09f590a8859329d2f6ee45d98b33439c679d6531065d9b59e365ee218712,MirCli/Hisense official dealer certificate,AVE-HJDDH/AVE-24HJDDH/03.jpg
05,AVE-HJDDH,AVE-15HJDDH,02.jpg,833e8140e3d3f9f38a79a5a42f3746185144b4584be1911863268887000347e1,MirCli/Hisense authorized service certificate,AVE-HJDDH/AVE-15HJDDH/02.jpg
05,AVE-HJDDH,AVE-15HJDDH,03.jpg,047f09f590a8859329d2f6ee45d98b33439c679d6531065d9b59e365ee218712,MirCli/Hisense official dealer certificate,AVE-HJDDH/AVE-15HJDDH/03.jpg
05,AVD-HJFH,AVD-12HJFH,02.jpg,047f09f590a8859329d2f6ee45d98b33439c679d6531065d9b59e365ee218712,MirCli/Hisense official dealer certificate,AVD-HJFH/AVD-12HJFH/02.jpg
05,AVD-HJFH,AVD-12HJFH,06.jpg,130da847ad4fa3319d6c3bd4f17f64f7e22e5d423451a06ec2e2d1170d7efc60,Hisense HVAC promotional multi-product banner,AVD-HJFH/AVD-12HJFH/06.jpg
05,AVD-HJFH,AVD-12HJFH,07.jpg,747f32a8d9b91ab0e3729446cd2269a3608511e990b9cf2112d01e16a7717f83,Hisense/Hitachi corporate/factory promotional image,AVD-HJFH/AVD-12HJFH/07.jpg
05,AVD-HJFH,AVD-12HJFH,01.jpg,833e8140e3d3f9f38a79a5a42f3746185144b4584be1911863268887000347e1,MirCli/Hisense authorized service certificate,AVD-HJFH/AVD-12HJFH/01.jpg
05,AVD-HJFH,AVD-15HJFH,02.jpg,047f09f590a8859329d2f6ee45d98b33439c679d6531065d9b59e365ee218712,MirCli/Hisense official dealer certificate,AVD-HJFH/AVD-15HJFH/02.jpg
05,AVD-HJFH,AVD-15HJFH,06.jpg,130da847ad4fa3319d6c3bd4f17f64f7e22e5d423451a06ec2e2d1170d7efc60,Hisense HVAC promotional multi-product banner,AVD-HJFH/AVD-15HJFH/06.jpg
05,AVD-HJFH,AVD-15HJFH,07.jpg,747f32a8d9b91ab0e3729446cd2269a3608511e990b9cf2112d01e16a7717f83,Hisense/Hitachi corporate/factory promotional image,AVD-HJFH/AVD-15HJFH/07.jpg
05,AVD-HJFH,AVD-15HJFH,01.jpg,833e8140e3d3f9f38a79a5a42f3746185144b4584be1911863268887000347e1,MirCli/Hisense authorized service certificate,AVD-HJFH/AVD-15HJFH/01.jpg
05,AVD-HJFH,AVD-07HJFH,02.jpg,047f09f590a8859329d2f6ee45d98b33439c679d6531065d9b59e365ee218712,MirCli/Hisense official dealer certificate,AVD-HJFH/AVD-07HJFH/02.jpg
05,AVD-HJFH,AVD-07HJFH,06.jpg,130da847ad4fa3319d6c3bd4f17f64f7e22e5d423451a06ec2e2d1170d7efc60,Hisense HVAC promotional multi-product banner,AVD-HJFH/AVD-07HJFH/06.jpg
05,AVD-HJFH,AVD-07HJFH,07.jpg,747f32a8d9b91ab0e3729446cd2269a3608511e990b9cf2112d01e16a7717f83,Hisense/Hitachi corporate/factory promotional image,AVD-HJFH/AVD-07HJFH/07.jpg
05,AVD-HJFH,AVD-07HJFH,01.jpg,833e8140e3d3f9f38a79a5a42f3746185144b4584be1911863268887000347e1,MirCli/Hisense authorized service certificate,AVD-HJFH/AVD-07HJFH/01.jpg
05,AVD-HJFH,AVD-09HJFH,02.jpg,047f09f590a8859329d2f6ee45d98b33439c679d6531065d9b59e365ee218712,MirCli/Hisense official dealer certificate,AVD-HJFH/AVD-09HJFH/02.jpg
05,AVD-HJFH,AVD-09HJFH,06.jpg,130da847ad4fa3319d6c3bd4f17f64f7e22e5d423451a06ec2e2d1170d7efc60,Hisense HVAC promotional multi-product banner,AVD-HJFH/AVD-09HJFH/06.jpg
05,AVD-HJFH,AVD-09HJFH,07.jpg,747f32a8d9b91ab0e3729446cd2269a3608511e990b9cf2112d01e16a7717f83,Hisense/Hitachi corporate/factory promotional image,AVD-HJFH/AVD-09HJFH/07.jpg
05,AVD-HJFH,AVD-09HJFH,01.jpg,833e8140e3d3f9f38a79a5a42f3746185144b4584be1911863268887000347e1,MirCli/Hisense authorized service certificate,AVD-HJFH/AVD-09HJFH/01.jpg
05,AVD-HJFH,AVD-48HJFH,02.jpg,047f09f590a8859329d2f6ee45d98b33439c679d6531065d9b59e365ee218712,MirCli/Hisense official dealer certificate,AVD-HJFH/AVD-48HJFH/02.jpg
05,AVD-HJFH,AVD-48HJFH,06.jpg,130da847ad4fa3319d6c3bd4f17f64f7e22e5d423451a06ec2e2d1170d7efc60,Hisense HVAC promotional multi-product banner,AVD-HJFH/AVD-48HJFH/06.jpg
05,AVD-HJFH,AVD-48HJFH,07.jpg,747f32a8d9b91ab0e3729446cd2269a3608511e990b9cf2112d01e16a7717f83,Hisense/Hitachi corporate/factory promotional image,AVD-HJFH/AVD-48HJFH/07.jpg
05,AVD-HJFH,AVD-48HJFH,01.jpg,833e8140e3d3f9f38a79a5a42f3746185144b4584be1911863268887000347e1,MirCli/Hisense authorized service certificate,AVD-HJFH/AVD-48HJFH/01.jpg
05,AVD-HJFH,AVD-76HJFH,02.jpg,047f09f590a8859329d2f6ee45d98b33439c679d6531065d9b59e365ee218712,MirCli/Hisense official dealer certificate,AVD-HJFH/AVD-76HJFH/02.jpg
05,AVD-HJFH,AVD-76HJFH,06.jpg,130da847ad4fa3319d6c3bd4f17f64f7e22e5d423451a06ec2e2d1170d7efc60,Hisense HVAC promotional multi-product banner,AVD-HJFH/AVD-76HJFH/06.jpg
05,AVD-HJFH,AVD-76HJFH,07.jpg,747f32a8d9b91ab0e3729446cd2269a3608511e990b9cf2112d01e16a7717f83,Hisense/Hitachi corporate/factory promotional image,AVD-HJFH/AVD-76HJFH/07.jpg
05,AVD-HJFH,AVD-76HJFH,01.jpg,833e8140e3d3f9f38a79a5a42f3746185144b4584be1911863268887000347e1,MirCli/Hisense authorized service certificate,AVD-HJFH/AVD-76HJFH/01.jpg
05,AVD-HJFH,AVD-96HJFH,02.jpg,047f09f590a8859329d2f6ee45d98b33439c679d6531065d9b59e365ee218712,MirCli/Hisense official dealer certificate,AVD-HJFH/AVD-96HJFH/02.jpg
05,AVD-HJFH,AVD-96HJFH,06.jpg,130da847ad4fa3319d6c3bd4f17f64f7e22e5d423451a06ec2e2d1170d7efc60,Hisense HVAC promotional multi-product banner,AVD-HJFH/AVD-96HJFH/06.jpg
05,AVD-HJFH,AVD-96HJFH,07.jpg,747f32a8d9b91ab0e3729446cd2269a3608511e990b9cf2112d01e16a7717f83,Hisense/Hitachi corporate/factory promotional image,AVD-HJFH/AVD-96HJFH/07.jpg
05,AVD-HJFH,AVD-96HJFH,01.jpg,833e8140e3d3f9f38a79a5a42f3746185144b4584be1911863268887000347e1,MirCli/Hisense authorized service certificate,AVD-HJFH/AVD-96HJFH/01.jpg
05,AVD-HJFH,AVD-54HJFH,02.jpg,047f09f590a8859329d2f6ee45d98b33439c679d6531065d9b59e365ee218712,MirCli/Hisense official dealer certificate,AVD-HJFH/AVD-54HJFH/02.jpg
05,AVD-HJFH,AVD-54HJFH,06.jpg,130da847ad4fa3319d6c3bd4f17f64f7e22e5d423451a06ec2e2d1170d7efc60,Hisense HVAC promotional multi-product banner,AVD-HJFH/AVD-54HJFH/06.jpg
05,AVD-HJFH,AVD-54HJFH,07.jpg,747f32a8d9b91ab0e3729446cd2269a3608511e990b9cf2112d01e16a7717f83,Hisense/Hitachi corporate/factory promotional image,AVD-HJFH/AVD-54HJFH/07.jpg
05,AVD-HJFH,AVD-54HJFH,01.jpg,833e8140e3d3f9f38a79a5a42f3746185144b4584be1911863268887000347e1,MirCli/Hisense authorized service certificate,AVD-HJFH/AVD-54HJFH/01.jpg
05,AVD-HJFH,AVD-19HJFH,02.jpg,047f09f590a8859329d2f6ee45d98b33439c679d6531065d9b59e365ee218712,MirCli/Hisense official dealer certificate,AVD-HJFH/AVD-19HJFH/02.jpg
05,AVD-HJFH,AVD-19HJFH,06.jpg,130da847ad4fa3319d6c3bd4f17f64f7e22e5d423451a06ec2e2d1170d7efc60,Hisense HVAC promotional multi-product banner,AVD-HJFH/AVD-19HJFH/06.jpg
05,AVD-HJFH,AVD-19HJFH,07.jpg,747f32a8d9b91ab0e3729446cd2269a3608511e990b9cf2112d01e16a7717f83,Hisense/Hitachi corporate/factory promotional image,AVD-HJFH/AVD-19HJFH/07.jpg
05,AVD-HJFH,AVD-19HJFH,01.jpg,833e8140e3d3f9f38a79a5a42f3746185144b4584be1911863268887000347e1,MirCli/Hisense authorized service certificate,AVD-HJFH/AVD-19HJFH/01.jpg
05,AVD-HJFH,AVD-24HJFH1,02.jpg,047f09f590a8859329d2f6ee45d98b33439c679d6531065d9b59e365ee218712,MirCli/Hisense official dealer certificate,AVD-HJFH/AVD-24HJFH1/02.jpg
05,AVD-HJFH,AVD-24HJFH1,06.jpg,130da847ad4fa3319d6c3bd4f17f64f7e22e5d423451a06ec2e2d1170d7efc60,Hisense HVAC promotional multi-product banner,AVD-HJFH/AVD-24HJFH1/06.jpg
05,AVD-HJFH,AVD-24HJFH1,07.jpg,747f32a8d9b91ab0e3729446cd2269a3608511e990b9cf2112d01e16a7717f83,Hisense/Hitachi corporate/factory promotional image,AVD-HJFH/AVD-24HJFH1/07.jpg
05,AVD-HJFH,AVD-24HJFH1,01.jpg,833e8140e3d3f9f38a79a5a42f3746185144b4584be1911863268887000347e1,MirCli/Hisense authorized service certificate,AVD-HJFH/AVD-24HJFH1/01.jpg
05,AVD-HJFH,AVD-38HJFH,02.jpg,047f09f590a8859329d2f6ee45d98b33439c679d6531065d9b59e365ee218712,MirCli/Hisense official dealer certificate,AVD-HJFH/AVD-38HJFH/02.jpg
05,AVD-HJFH,AVD-38HJFH,06.jpg,130da847ad4fa3319d6c3bd4f17f64f7e22e5d423451a06ec2e2d1170d7efc60,Hisense HVAC promotional multi-product banner,AVD-HJFH/AVD-38HJFH/06.jpg
05,AVD-HJFH,AVD-38HJFH,07.jpg,747f32a8d9b91ab0e3729446cd2269a3608511e990b9cf2112d01e16a7717f83,Hisense/Hitachi corporate/factory promotional image,AVD-HJFH/AVD-38HJFH/07.jpg
05,AVD-HJFH,AVD-38HJFH,01.jpg,833e8140e3d3f9f38a79a5a42f3746185144b4584be1911863268887000347e1,MirCli/Hisense authorized service certificate,AVD-HJFH/AVD-38HJFH/01.jpg
05,AVD-HJFH,AVD-30HJFH,02.jpg,047f09f590a8859329d2f6ee45d98b33439c679d6531065d9b59e365ee218712,MirCli/Hisense official dealer certificate,AVD-HJFH/AVD-30HJFH/02.jpg
05,AVD-HJFH,AVD-30HJFH,06.jpg,130da847ad4fa3319d6c3bd4f17f64f7e22e5d423451a06ec2e2d1170d7efc60,Hisense HVAC promotional multi-product banner,AVD-HJFH/AVD-30HJFH/06.jpg
05,AVD-HJFH,AVD-30HJFH,07.jpg,747f32a8d9b91ab0e3729446cd2269a3608511e990b9cf2112d01e16a7717f83,Hisense/Hitachi corporate/factory promotional image,AVD-HJFH/AVD-30HJFH/07.jpg
05,AVD-HJFH,AVD-30HJFH,01.jpg,833e8140e3d3f9f38a79a5a42f3746185144b4584be1911863268887000347e1,MirCli/Hisense authorized service certificate,AVD-HJFH/AVD-30HJFH/01.jpg
06,S5,AVWT-307HKF5,06.jpg,833e8140e3d3f9f38a79a5a42f3746185144b4584be1911863268887000347e1,MirCli/Hisense authorized service certificate,S5/AVWT-307HKF5/06.jpg
06,S5,AVWT-307HKF5,07.jpg,047f09f590a8859329d2f6ee45d98b33439c679d6531065d9b59e365ee218712,MirCli/Hisense official dealer certificate,S5/AVWT-307HKF5/07.jpg
06,S5,AVWT-386HKF5,06.jpg,833e8140e3d3f9f38a79a5a42f3746185144b4584be1911863268887000347e1,MirCli/Hisense authorized service certificate,S5/AVWT-386HKF5/06.jpg
06,S5,AVWT-386HKF5,07.jpg,047f09f590a8859329d2f6ee45d98b33439c679d6531065d9b59e365ee218712,MirCli/Hisense official dealer certificate,S5/AVWT-386HKF5/07.jpg
06,S5,AVWT-343HKF5,06.jpg,833e8140e3d3f9f38a79a5a42f3746185144b4584be1911863268887000347e1,MirCli/Hisense authorized service certificate,S5/AVWT-343HKF5/06.jpg
06,S5,AVWT-343HKF5,07.jpg,047f09f590a8859329d2f6ee45d98b33439c679d6531065d9b59e365ee218712,MirCli/Hisense official dealer certificate,S5/AVWT-343HKF5/07.jpg
06,S5,AVWT-365HKF5,06.jpg,833e8140e3d3f9f38a79a5a42f3746185144b4584be1911863268887000347e1,MirCli/Hisense authorized service certificate,S5/AVWT-365HKF5/06.jpg
06,S5,AVWT-365HKF5,07.jpg,047f09f590a8859329d2f6ee45d98b33439c679d6531065d9b59e365ee218712,MirCli/Hisense official dealer certificate,S5/AVWT-365HKF5/07.jpg
06,S5,AVWT-324HKF5,06.jpg,833e8140e3d3f9f38a79a5a42f3746185144b4584be1911863268887000347e1,MirCli/Hisense authorized service certificate,S5/AVWT-324HKF5/06.jpg
06,S5,AVWT-324HKF5,07.jpg,047f09f590a8859329d2f6ee45d98b33439c679d6531065d9b59e365ee218712,MirCli/Hisense official dealer certificate,S5/AVWT-324HKF5/07.jpg
06,S5,AVWT-136HKF5,06.jpg,833e8140e3d3f9f38a79a5a42f3746185144b4584be1911863268887000347e1,MirCli/Hisense authorized service certificate,S5/AVWT-136HKF5/06.jpg
06,S5,AVWT-136HKF5,07.jpg,047f09f590a8859329d2f6ee45d98b33439c679d6531065d9b59e365ee218712,MirCli/Hisense official dealer certificate,S5/AVWT-136HKF5/07.jpg
06,S5,AVWT-290HKF5,06.jpg,833e8140e3d3f9f38a79a5a42f3746185144b4584be1911863268887000347e1,MirCli/Hisense authorized service certificate,S5/AVWT-290HKF5/06.jpg
06,S5,AVWT-290HKF5,07.jpg,047f09f590a8859329d2f6ee45d98b33439c679d6531065d9b59e365ee218712,MirCli/Hisense official dealer certificate,S5/AVWT-290HKF5/07.jpg
06,S5,AVWT-154HKF5,06.jpg,833e8140e3d3f9f38a79a5a42f3746185144b4584be1911863268887000347e1,MirCli/Hisense authorized service certificate,S5/AVWT-154HKF5/06.jpg
06,S5,AVWT-154HKF5,07.jpg,047f09f590a8859329d2f6ee45d98b33439c679d6531065d9b59e365ee218712,MirCli/Hisense official dealer certificate,S5/AVWT-154HKF5/07.jpg
06,S5,AVWT-190HKF5,06.jpg,833e8140e3d3f9f38a79a5a42f3746185144b4584be1911863268887000347e1,MirCli/Hisense authorized service certificate,S5/AVWT-190HKF5/06.jpg
06,S5,AVWT-190HKF5,07.jpg,047f09f590a8859329d2f6ee45d98b33439c679d6531065d9b59e365ee218712,MirCli/Hisense official dealer certificate,S5/AVWT-190HKF5/07.jpg
06,S5,AVWT-212HKF5,06.jpg,833e8140e3d3f9f38a79a5a42f3746185144b4584be1911863268887000347e1,MirCli/Hisense authorized service certificate,S5/AVWT-212HKF5/06.jpg
06,S5,AVWT-212HKF5,07.jpg,047f09f590a8859329d2f6ee45d98b33439c679d6531065d9b59e365ee218712,MirCli/Hisense official dealer certificate,S5/AVWT-212HKF5/07.jpg
06,S5,AVWT-114HKF5,06.jpg,833e8140e3d3f9f38a79a5a42f3746185144b4584be1911863268887000347e1,MirCli/Hisense authorized service certificate,S5/AVWT-114HKF5/06.jpg
06,S5,AVWT-114HKF5,07.jpg,047f09f590a8859329d2f6ee45d98b33439c679d6531065d9b59e365ee218712,MirCli/Hisense official dealer certificate,S5/AVWT-114HKF5/07.jpg
06,S5,AVWT-272HKF5,06.jpg,833e8140e3d3f9f38a79a5a42f3746185144b4584be1911863268887000347e1,MirCli/Hisense authorized service certificate,S5/AVWT-272HKF5/06.jpg
06,S5,AVWT-272HKF5,07.jpg,047f09f590a8859329d2f6ee45d98b33439c679d6531065d9b59e365ee218712,MirCli/Hisense official dealer certificate,S5/AVWT-272HKF5/07.jpg
06,S5,AVWT-170HKF5,06.jpg,833e8140e3d3f9f38a79a5a42f3746185144b4584be1911863268887000347e1,MirCli/Hisense authorized service certificate,S5/AVWT-170HKF5/06.jpg
06,S5,AVWT-170HKF5,07.jpg,047f09f590a8859329d2f6ee45d98b33439c679d6531065d9b59e365ee218712,MirCli/Hisense official dealer certificate,S5/AVWT-170HKF5/07.jpg
06,S5,AVWT-232HKF5,06.jpg,833e8140e3d3f9f38a79a5a42f3746185144b4584be1911863268887000347e1,MirCli/Hisense authorized service certificate,S5/AVWT-232HKF5/06.jpg
06,S5,AVWT-232HKF5,07.jpg,047f09f590a8859329d2f6ee45d98b33439c679d6531065d9b59e365ee218712,MirCli/Hisense official dealer certificate,S5/AVWT-232HKF5/07.jpg
06,S5,AVWT-76HKF5,06.jpg,833e8140e3d3f9f38a79a5a42f3746185144b4584be1911863268887000347e1,MirCli/Hisense authorized service certificate,S5/AVWT-76HKF5/06.jpg
06,S5,AVWT-76HKF5,07.jpg,047f09f590a8859329d2f6ee45d98b33439c679d6531065d9b59e365ee218712,MirCli/Hisense official dealer certificate,S5/AVWT-76HKF5/07.jpg
06,S5,AVWT-250HKF5,06.jpg,833e8140e3d3f9f38a79a5a42f3746185144b4584be1911863268887000347e1,MirCli/Hisense authorized service certificate,S5/AVWT-250HKF5/06.jpg
06,S5,AVWT-250HKF5,07.jpg,047f09f590a8859329d2f6ee45d98b33439c679d6531065d9b59e365ee218712,MirCli/Hisense official dealer certificate,S5/AVWT-250HKF5/07.jpg
06,S5,AVWT-404HKF5,06.jpg,833e8140e3d3f9f38a79a5a42f3746185144b4584be1911863268887000347e1,MirCli/Hisense authorized service certificate,S5/AVWT-404HKF5/06.jpg
06,S5,AVWT-404HKF5,07.jpg,047f09f590a8859329d2f6ee45d98b33439c679d6531065d9b59e365ee218712,MirCli/Hisense official dealer certificate,S5/AVWT-404HKF5/07.jpg
06,S5,AVWT-96HKF5,06.jpg,833e8140e3d3f9f38a79a5a42f3746185144b4584be1911863268887000347e1,MirCli/Hisense authorized service certificate,S5/AVWT-96HKF5/06.jpg
06,S5,AVWT-96HKF5,07.jpg,047f09f590a8859329d2f6ee45d98b33439c679d6531065d9b59e365ee218712,MirCli/Hisense official dealer certificate,S5/AVWT-96HKF5/07.jpg
07,H5,AVW-154HKDHE2,08.jpg,047f09f590a8859329d2f6ee45d98b33439c679d6531065d9b59e365ee218712,MirCli/Hisense official dealer certificate,H5/AVW-154HKDHE2/08.jpg
07,H5,AVW-154HKDHE2,07.jpg,833e8140e3d3f9f38a79a5a42f3746185144b4584be1911863268887000347e1,MirCli/Hisense authorized service certificate,H5/AVW-154HKDHE2/07.jpg
07,H5,AVW-114HKDHE2,08.jpg,047f09f590a8859329d2f6ee45d98b33439c679d6531065d9b59e365ee218712,MirCli/Hisense official dealer certificate,H5/AVW-114HKDHE2/08.jpg
07,H5,AVW-114HKDHE2,07.jpg,833e8140e3d3f9f38a79a5a42f3746185144b4584be1911863268887000347e1,MirCli/Hisense authorized service certificate,H5/AVW-114HKDHE2/07.jpg
07,H5,AVW-136HKDHE2,08.jpg,047f09f590a8859329d2f6ee45d98b33439c679d6531065d9b59e365ee218712,MirCli/Hisense official dealer certificate,H5/AVW-136HKDHE2/08.jpg
07,H5,AVW-136HKDHE2,07.jpg,833e8140e3d3f9f38a79a5a42f3746185144b4584be1911863268887000347e1,MirCli/Hisense authorized service certificate,H5/AVW-136HKDHE2/07.jpg
07,H5,AVW-54HJDH2H1,08.jpg,833e8140e3d3f9f38a79a5a42f3746185144b4584be1911863268887000347e1,MirCli/Hisense authorized service certificate,H5/AVW-54HJDH2H1/08.jpg
07,H5,AVW-54HJDH2H1,09.jpg,047f09f590a8859329d2f6ee45d98b33439c679d6531065d9b59e365ee218712,MirCli/Hisense official dealer certificate,H5/AVW-54HJDH2H1/09.jpg
07,H5,AVW-76HKDHE2,08.jpg,047f09f590a8859329d2f6ee45d98b33439c679d6531065d9b59e365ee218712,MirCli/Hisense official dealer certificate,H5/AVW-76HKDHE2/08.jpg
07,H5,AVW-76HKDHE2,07.jpg,833e8140e3d3f9f38a79a5a42f3746185144b4584be1911863268887000347e1,MirCli/Hisense authorized service certificate,H5/AVW-76HKDHE2/07.jpg
07,H5,AVW-96HKDHE2,08.jpg,047f09f590a8859329d2f6ee45d98b33439c679d6531065d9b59e365ee218712,MirCli/Hisense official dealer certificate,H5/AVW-96HKDHE2/08.jpg
07,H5,AVW-96HKDHE2,07.jpg,833e8140e3d3f9f38a79a5a42f3746185144b4584be1911863268887000347e1,MirCli/Hisense authorized service certificate,H5/AVW-96HKDHE2/07.jpg
07,H5,AVW-41HJDH2H1,08.jpg,833e8140e3d3f9f38a79a5a42f3746185144b4584be1911863268887000347e1,MirCli/Hisense authorized service certificate,H5/AVW-41HJDH2H1/08.jpg
07,H5,AVW-41HJDH2H1,09.jpg,047f09f590a8859329d2f6ee45d98b33439c679d6531065d9b59e365ee218712,MirCli/Hisense official dealer certificate,H5/AVW-41HJDH2H1/09.jpg
07,H5,AVW-48HJDH2H1,08.jpg,833e8140e3d3f9f38a79a5a42f3746185144b4584be1911863268887000347e1,MirCli/Hisense authorized service certificate,H5/AVW-48HJDH2H1/08.jpg
07,H5,AVW-48HJDH2H1,09.jpg,047f09f590a8859329d2f6ee45d98b33439c679d6531065d9b59e365ee218712,MirCli/Hisense official dealer certificate,H5/AVW-48HJDH2H1/09.jpg
07,A,AVW-76HJFAE1,05.jpg,047f09f590a8859329d2f6ee45d98b33439c679d6531065d9b59e365ee218712,MirCli/Hisense official dealer certificate,A/AVW-76HJFAE1/05.jpg
07,A,AVW-76HJFAE1,04.jpg,833e8140e3d3f9f38a79a5a42f3746185144b4584be1911863268887000347e1,MirCli/Hisense authorized service certificate,A/AVW-76HJFAE1/04.jpg
07,A,AVW-48HJFAE1,06.jpg,047f09f590a8859329d2f6ee45d98b33439c679d6531065d9b59e365ee218712,MirCli/Hisense official dealer certificate,A/AVW-48HJFAE1/06.jpg
07,A,AVW-48HJFAE1,05.jpg,833e8140e3d3f9f38a79a5a42f3746185144b4584be1911863268887000347e1,MirCli/Hisense authorized service certificate,A/AVW-48HJFAE1/05.jpg
07,A,AVW-34HJFAE1,06.jpg,047f09f590a8859329d2f6ee45d98b33439c679d6531065d9b59e365ee218712,MirCli/Hisense official dealer certificate,A/AVW-34HJFAE1/06.jpg
07,A,AVW-34HJFAE1,05.jpg,833e8140e3d3f9f38a79a5a42f3746185144b4584be1911863268887000347e1,MirCli/Hisense authorized service certificate,A/AVW-34HJFAE1/05.jpg
07,A,AVW-63HJFAE1,05.jpg,047f09f590a8859329d2f6ee45d98b33439c679d6531065d9b59e365ee218712,MirCli/Hisense official dealer certificate,A/AVW-63HJFAE1/05.jpg
07,A,AVW-63HJFAE1,04.jpg,833e8140e3d3f9f38a79a5a42f3746185144b4584be1911863268887000347e1,MirCli/Hisense authorized service certificate,A/AVW-63HJFAE1/04.jpg
07,A,AVW-27HJFAE1,06.jpg,047f09f590a8859329d2f6ee45d98b33439c679d6531065d9b59e365ee218712,MirCli/Hisense official dealer certificate,A/AVW-27HJFAE1/06.jpg
07,A,AVW-27HJFAE1,05.jpg,833e8140e3d3f9f38a79a5a42f3746185144b4584be1911863268887000347e1,MirCli/Hisense authorized service certificate,A/AVW-27HJFAE1/05.jpg
07,A,AVW-68HJFAE1,05.jpg,047f09f590a8859329d2f6ee45d98b33439c679d6531065d9b59e365ee218712,MirCli/Hisense official dealer certificate,A/AVW-68HJFAE1/05.jpg
07,A,AVW-68HJFAE1,04.jpg,833e8140e3d3f9f38a79a5a42f3746185144b4584be1911863268887000347e1,MirCli/Hisense authorized service certificate,A/AVW-68HJFAE1/04.jpg
07,A,AVW-54HJFAE1,06.jpg,047f09f590a8859329d2f6ee45d98b33439c679d6531065d9b59e365ee218712,MirCli/Hisense official dealer certificate,A/AVW-54HJFAE1/06.jpg
07,A,AVW-54HJFAE1,05.jpg,833e8140e3d3f9f38a79a5a42f3746185144b4584be1911863268887000347e1,MirCli/Hisense authorized service certificate,A/AVW-54HJFAE1/05.jpg
07,A,AVW-42HJFAE1,06.jpg,047f09f590a8859329d2f6ee45d98b33439c679d6531065d9b59e365ee218712,MirCli/Hisense official dealer certificate,A/AVW-42HJFAE1/06.jpg
07,A,AVW-42HJFAE1,05.jpg,833e8140e3d3f9f38a79a5a42f3746185144b4584be1911863268887000347e1,MirCli/Hisense authorized service certificate,A/AVW-42HJFAE1/05.jpg
07,W HEAT RECOVERY,AVWW-96FKFW1,02.jpg,047f09f590a8859329d2f6ee45d98b33439c679d6531065d9b59e365ee218712,MirCli/Hisense official dealer certificate,W HEAT RECOVERY/AVWW-96FKFW1/02.jpg
07,W HEAT RECOVERY,AVWW-96FKFW1,01.jpg,833e8140e3d3f9f38a79a5a42f3746185144b4584be1911863268887000347e1,MirCli/Hisense authorized service certificate,W HEAT RECOVERY/AVWW-96FKFW1/01.jpg
07,W HEAT RECOVERY,AVWW-76FKFW1,02.jpg,047f09f590a8859329d2f6ee45d98b33439c679d6531065d9b59e365ee218712,MirCli/Hisense official dealer certificate,W HEAT RECOVERY/AVWW-76FKFW1/02.jpg
07,W HEAT RECOVERY,AVWW-76FKFW1,01.jpg,833e8140e3d3f9f38a79a5a42f3746185144b4584be1911863268887000347e1,MirCli/Hisense authorized service certificate,W HEAT RECOVERY/AVWW-76FKFW1/01.jpg
07,W HEAT RECOVERY,AVWW-154FKFW1,02.jpg,047f09f590a8859329d2f6ee45d98b33439c679d6531065d9b59e365ee218712,MirCli/Hisense official dealer certificate,W HEAT RECOVERY/AVWW-154FKFW1/02.jpg
07,W HEAT RECOVERY,AVWW-154FKFW1,01.jpg,833e8140e3d3f9f38a79a5a42f3746185144b4584be1911863268887000347e1,MirCli/Hisense authorized service certificate,W HEAT RECOVERY/AVWW-154FKFW1/01.jpg
07,W HEAT RECOVERY,AVWW-170FKFW1,02.jpg,047f09f590a8859329d2f6ee45d98b33439c679d6531065d9b59e365ee218712,MirCli/Hisense official dealer certificate,W HEAT RECOVERY/AVWW-170FKFW1/02.jpg
07,W HEAT RECOVERY,AVWW-170FKFW1,01.jpg,833e8140e3d3f9f38a79a5a42f3746185144b4584be1911863268887000347e1,MirCli/Hisense authorized service certificate,W HEAT RECOVERY/AVWW-170FKFW1/01.jpg
07,W HEAT RECOVERY,AVWW-136FKFW1,02.jpg,047f09f590a8859329d2f6ee45d98b33439c679d6531065d9b59e365ee218712,MirCli/Hisense official dealer certificate,W HEAT RECOVERY/AVWW-136FKFW1/02.jpg
07,W HEAT RECOVERY,AVWW-136FKFW1,01.jpg,833e8140e3d3f9f38a79a5a42f3746185144b4584be1911863268887000347e1,MirCli/Hisense authorized service certificate,W HEAT RECOVERY/AVWW-136FKFW1/01.jpg
07,W HEAT RECOVERY,AVWW-114FKFW1,02.jpg,047f09f590a8859329d2f6ee45d98b33439c679d6531065d9b59e365ee218712,MirCli/Hisense official dealer certificate,W HEAT RECOVERY/AVWW-114FKFW1/02.jpg
07,W HEAT RECOVERY,AVWW-114FKFW1,01.jpg,833e8140e3d3f9f38a79a5a42f3746185144b4584be1911863268887000347e1,MirCli/Hisense authorized service certificate,W HEAT RECOVERY/AVWW-114FKFW1/01.jpg
07,W HEAT RECOVERY,AVWW-190FKFW1,02.jpg,047f09f590a8859329d2f6ee45d98b33439c679d6531065d9b59e365ee218712,MirCli/Hisense official dealer certificate,W HEAT RECOVERY/AVWW-190FKFW1/02.jpg
07,W HEAT RECOVERY,AVWW-190FKFW1,01.jpg,833e8140e3d3f9f38a79a5a42f3746185144b4584be1911863268887000347e1,MirCli/Hisense authorized service certificate,W HEAT RECOVERY/AVWW-190FKFW1/01.jpg
14,HEAVY EU DC INVERTER,AUW-12U4RS8,02.jpg,833e8140e3d3f9f38a79a5a42f3746185144b4584be1911863268887000347e1,MirCli/Hisense authorized service certificate,HEAVY EU DC INVERTER/AUW-12U4RS8/02.jpg
14,HEAVY EU DC INVERTER,AUW-12U4RS8,03.jpg,047f09f590a8859329d2f6ee45d98b33439c679d6531065d9b59e365ee218712,MirCli/Hisense official dealer certificate,HEAVY EU DC INVERTER/AUW-12U4RS8/03.jpg
14,HEAVY EU DC INVERTER,AUW-09U4RS8,02.jpg,833e8140e3d3f9f38a79a5a42f3746185144b4584be1911863268887000347e1,MirCli/Hisense authorized service certificate,HEAVY EU DC INVERTER/AUW-09U4RS8/02.jpg
14,HEAVY EU DC INVERTER,AUW-09U4RS8,03.jpg,047f09f590a8859329d2f6ee45d98b33439c679d6531065d9b59e365ee218712,MirCli/Hisense official dealer certificate,HEAVY EU DC INVERTER/AUW-09U4RS8/03.jpg
14,HEAVY EU DC INVERTER,AUW-85U6RZ8,02.jpg,833e8140e3d3f9f38a79a5a42f3746185144b4584be1911863268887000347e1,MirCli/Hisense authorized service certificate,HEAVY EU DC INVERTER/AUW-85U6RZ8/02.jpg
14,HEAVY EU DC INVERTER,AUW-85U6RZ8,03.jpg,047f09f590a8859329d2f6ee45d98b33439c679d6531065d9b59e365ee218712,MirCli/Hisense official dealer certificate,HEAVY EU DC INVERTER/AUW-85U6RZ8/03.jpg
14,HEAVY EU DC INVERTER,AUW-36U4RK7,02.jpg,833e8140e3d3f9f38a79a5a42f3746185144b4584be1911863268887000347e1,MirCli/Hisense authorized service certificate,HEAVY EU DC INVERTER/AUW-36U4RK7/02.jpg
14,HEAVY EU DC INVERTER,AUW-36U4RK7,03.jpg,047f09f590a8859329d2f6ee45d98b33439c679d6531065d9b59e365ee218712,MirCli/Hisense official dealer certificate,HEAVY EU DC INVERTER/AUW-36U4RK7/03.jpg
14,HEAVY EU DC INVERTER,AUW-48U6RN8,02.jpg,833e8140e3d3f9f38a79a5a42f3746185144b4584be1911863268887000347e1,MirCli/Hisense authorized service certificate,HEAVY EU DC INVERTER/AUW-48U6RN8/02.jpg
14,HEAVY EU DC INVERTER,AUW-48U6RN8,03.jpg,047f09f590a8859329d2f6ee45d98b33439c679d6531065d9b59e365ee218712,MirCli/Hisense official dealer certificate,HEAVY EU DC INVERTER/AUW-48U6RN8/03.jpg
14,HEAVY EU DC INVERTER,AUW-18U4RS7,02.jpg,833e8140e3d3f9f38a79a5a42f3746185144b4584be1911863268887000347e1,MirCli/Hisense authorized service certificate,HEAVY EU DC INVERTER/AUW-18U4RS7/02.jpg
14,HEAVY EU DC INVERTER,AUW-18U4RS7,03.jpg,047f09f590a8859329d2f6ee45d98b33439c679d6531065d9b59e365ee218712,MirCli/Hisense official dealer certificate,HEAVY EU DC INVERTER/AUW-18U4RS7/03.jpg
14,HEAVY EU DC INVERTER,AUW-24U4RJ7,02.jpg,833e8140e3d3f9f38a79a5a42f3746185144b4584be1911863268887000347e1,MirCli/Hisense authorized service certificate,HEAVY EU DC INVERTER/AUW-24U4RJ7/02.jpg
14,HEAVY EU DC INVERTER,AUW-24U4RJ7,03.jpg,047f09f590a8859329d2f6ee45d98b33439c679d6531065d9b59e365ee218712,MirCli/Hisense official dealer certificate,HEAVY EU DC INVERTER/AUW-24U4RJ7/03.jpg
14,HEAVY EU DC INVERTER,AUW-60U6RW8,02.jpg,833e8140e3d3f9f38a79a5a42f3746185144b4584be1911863268887000347e1,MirCli/Hisense authorized service certificate,HEAVY EU DC INVERTER/AUW-60U6RW8/02.jpg
14,HEAVY EU DC INVERTER,AUW-60U6RW8,03.jpg,047f09f590a8859329d2f6ee45d98b33439c679d6531065d9b59e365ee218712,MirCli/Hisense official dealer certificate,HEAVY EU DC INVERTER/AUW-60U6RW8/03.jpg
