model,series,folder,found_product_images,final_files,indoor_found,outdoor_found,remote_found,remote_model,panel_found,preview_created,additional_product_angles,quality,warnings,visual_configuration,body_dimensions,panel_model
AVC-05HJDBA,AVC-HJDBA,AVC-HJDBA/AVC-05HJDBA,5,10,да,не требуется,да,HYE-VD01,да,да,4,OK,German Kaut lists HPE-DNK1 separately; Russian target catalog treats panel as included,AVC-HJDBA_CFG_A,215x570x570,HPE-DNK1
AVC-07HJDBA,AVC-HJDBA,AVC-HJDBA/AVC-07HJDBA,5,10,да,не требуется,да,HYE-VD01,да,да,4,OK,German Kaut lists HPE-DNK1 separately; Russian target catalog treats panel as included,AVC-HJDBA_CFG_A,215x570x570,HPE-DNK1
AVC-09HJDBA,AVC-HJDBA,AVC-HJDBA/AVC-09HJDBA,5,10,да,не требуется,да,HYE-VD01,да,да,4,OK,German Kaut lists HPE-DNK1 separately; Russian target catalog treats panel as included,AVC-HJDBA_CFG_A,215x570x570,HPE-DNK1
AVC-12HJDBA,AVC-HJDBA,AVC-HJDBA/AVC-12HJDBA,5,10,да,не требуется,да,HYE-VD01,да,да,4,OK,German Kaut lists HPE-DNK1 separately; Russian target catalog treats panel as included,AVC-HJDBA_CFG_A,215x570x570,HPE-DNK1
AVC-15HJDBA,AVC-HJDBA,AVC-HJDBA/AVC-15HJDBA,5,10,да,не требуется,да,HYE-VD01,да,да,4,OK,German Kaut lists HPE-DNK1 separately; Russian target catalog treats panel as included,AVC-HJDBA_CFG_A,215x570x570,HPE-DNK1
AVC-17HJDBA,AVC-HJDBA,AVC-HJDBA/AVC-17HJDBA,5,10,да,не требуется,да,HYE-VD01,да,да,4,OK,German Kaut lists HPE-DNK1 separately; Russian target catalog treats panel as included,AVC-HJDBA_CFG_A,215x570x570,HPE-DNK1
AVC-19HJDBA,AVC-HJDBA,AVC-HJDBA/AVC-19HJDBA,5,10,да,не требуется,да,HYE-VD01,да,да,4,OK,German Kaut lists HPE-DNK1 separately; Russian target catalog treats panel as included,AVC-HJDBA_CFG_A,215x570x570,HPE-DNK1
AVY-05HJDA,AVY-HJDA,AVY-HJDA/AVY-05HJDA,1,4,да,не требуется,да,HYE-VD01,да (в составе блока),да,0,OK; limited gallery,Only one clean exact-product-page indoor render found; dealer reuses the same family render across both chassis sizes; separate panel-only render not found. Panel model/size is specification-confirmed.,AVY-HJDA_CFG_SMALL,129x910x470,HP-D-NA1
AVY-07HJDA,AVY-HJDA,AVY-HJDA/AVY-07HJDA,1,4,да,не требуется,да,HYE-VD01,да (в составе блока),да,0,OK; limited gallery,Only one clean exact-product-page indoor render found; dealer reuses the same family render across both chassis sizes; separate panel-only render not found. Panel model/size is specification-confirmed.,AVY-HJDA_CFG_SMALL,129x910x470,HP-D-NA1
AVY-09HJDA,AVY-HJDA,AVY-HJDA/AVY-09HJDA,1,4,да,не требуется,да,HYE-VD01,да (в составе блока),да,0,OK; limited gallery,Only one clean exact-product-page indoor render found; dealer reuses the same family render across both chassis sizes; separate panel-only render not found. Panel model/size is specification-confirmed.,AVY-HJDA_CFG_SMALL,129x910x470,HP-D-NA1
AVY-12HJDA,AVY-HJDA,AVY-HJDA/AVY-12HJDA,1,4,да,не требуется,да,HYE-VD01,да (в составе блока),да,0,OK; limited gallery,Only one clean exact-product-page indoor render found; dealer reuses the same family render across both chassis sizes; separate panel-only render not found. Panel model/size is specification-confirmed.,AVY-HJDA_CFG_SMALL,129x910x470,HP-D-NA1
AVY-15HJDA,AVY-HJDA,AVY-HJDA/AVY-15HJDA,1,4,да,не требуется,да,HYE-VD01,да (в составе блока),да,0,OK; limited gallery,Only one clean exact-product-page indoor render found; dealer reuses the same family render across both chassis sizes; separate panel-only render not found. Panel model/size is specification-confirmed.,AVY-HJDA_CFG_SMALL,129x910x470,HP-D-NA1
AVY-19HJDA,AVY-HJDA,AVY-HJDA/AVY-19HJDA,1,4,да,не требуется,да,HYE-VD01,да (в составе блока),да,0,OK; limited gallery,Only one clean exact-product-page indoor render found; dealer reuses the same family render across both chassis sizes; separate panel-only render not found. Panel model/size is specification-confirmed.,AVY-HJDA_CFG_LARGE,129x1180x470,HP-E-NA1
AVY-24HJDA,AVY-HJDA,AVY-HJDA/AVY-24HJDA,1,4,да,не требуется,да,HYE-VD01,да (в составе блока),да,0,OK; limited gallery,Only one clean exact-product-page indoor render found; dealer reuses the same family render across both chassis sizes; separate panel-only render not found. Panel model/size is specification-confirmed.,AVY-HJDA_CFG_LARGE,129x1180x470,HP-E-NA1
