model,file,component,url_or_basis,source
AVC-05HJDBA,01.jpg,preview,composite of confirmed indoor + HYE-VD01,curated
AVC-05HJDBA,02.jpg,indoor,https://images.breez.ru/catalog/hisense/compact-vnutr-blocki-casset-tipa-r32-r410a/compact-vnutr-blocki-casset-tipa-r32-r410a-01.png,Breez confirmed AVC-HJDBA family gallery
AVC-05HJDBA,03.jpg,indoor,https://images.breez.ru/catalog/hisense/compact-vnutr-blocki-casset-tipa-r32-r410a/compact-vnutr-blocki-casset-tipa-r32-r410a-02.png,Breez confirmed AVC-HJDBA family gallery
AVC-05HJDBA,04.jpg,indoor,https://cdn2.mircli.ru/_next/img/media/429302/Hisense_AVC_05HJDBA(2).jpg?w=520&h=520&fit=fit&q=92&f=webp&dpr=2,MirCli exact AVC-05HJDBA gallery
AVC-05HJDBA,05.jpg,indoor,https://cdn2.mircli.ru/_next/img/media/429275/Hisense_AVC_05HJDBA.jpg?w=520&h=520&fit=fit&q=92&f=webp&dpr=2,MirCli exact AVC-05HJDBA gallery
AVC-05HJDBA,06.jpg,indoor,https://cdn2.mircli.ru/_next/img/media/429292/Hisense_AVC_05HJDBA(1).jpg?w=520&h=520&fit=fit&q=92&f=webp&dpr=2,MirCli exact AVC-05HJDBA gallery
AVC-05HJDBA,07.jpg,panel-front,https://www.kaut-hisense.de/media/3c/87/29/1709628365/1268300111bild02bild_hpe_dnk1_web.jpg?ts=1709628365,Kaut exact HPE-DNK1
AVC-05HJDBA,08.jpg,panel-angle,https://www.kaut-hisense.de/media/d2/bc/83/1709628364/1268300111bild01bild_hpe_dnk1_side_web.jpg?ts=1709628364,Kaut exact HPE-DNK1
AVC-05HJDBA,09.jpg,remote-angle,https://www.kaut-hisense.de/media/d5/c5/52/1681722516/1268304201_bild02_bild-hye-vd01_side_web.png?ts=1692274122,Kaut exact HYE-VD01
AVC-05HJDBA,10.jpg,remote,https://www.kaut-hisense.de/media/f6/0c/81/1681722580/1268304201_bild01_bild-hye-vd01_web.png?ts=1692274121,Kaut exact HYE-VD01
AVC-07HJDBA,01.jpg,preview,composite of confirmed indoor + HYE-VD01,curated
AVC-07HJDBA,02.jpg,indoor,https://images.breez.ru/catalog/hisense/compact-vnutr-blocki-casset-tipa-r32-r410a/compact-vnutr-blocki-casset-tipa-r32-r410a-01.png,Breez confirmed AVC-HJDBA family gallery
AVC-07HJDBA,03.jpg,indoor,https://images.breez.ru/catalog/hisense/compact-vnutr-blocki-casset-tipa-r32-r410a/compact-vnutr-blocki-casset-tipa-r32-r410a-02.png,Breez confirmed AVC-HJDBA family gallery
AVC-07HJDBA,04.jpg,indoor,https://cdn2.mircli.ru/_next/img/media/429277/Hisense_AVC_07HJDBA(2).jpg?w=520&h=520&fit=fit&q=92&f=webp&dpr=2,MirCli exact AVC-07HJDBA gallery
AVC-07HJDBA,05.jpg,indoor,https://cdn2.mircli.ru/_next/img/media/429248/Hisense_AVC_07HJDBA.jpg?w=520&h=520&fit=fit&q=92&f=webp&dpr=2,MirCli exact AVC-07HJDBA gallery
AVC-07HJDBA,06.jpg,indoor,https://cdn2.mircli.ru/_next/img/media/429264/Hisense_AVC_07HJDBA(1).jpg?w=520&h=520&fit=fit&q=92&f=webp&dpr=2,MirCli exact AVC-07HJDBA gallery
AVC-07HJDBA,07.jpg,panel-front,https://www.kaut-hisense.de/media/3c/87/29/1709628365/1268300111bild02bild_hpe_dnk1_web.jpg?ts=1709628365,Kaut exact HPE-DNK1
AVC-07HJDBA,08.jpg,panel-angle,https://www.kaut-hisense.de/media/d2/bc/83/1709628364/1268300111bild01bild_hpe_dnk1_side_web.jpg?ts=1709628364,Kaut exact HPE-DNK1
AVC-07HJDBA,09.jpg,remote-angle,https://www.kaut-hisense.de/media/d5/c5/52/1681722516/1268304201_bild02_bild-hye-vd01_side_web.png?ts=1692274122,Kaut exact HYE-VD01
AVC-07HJDBA,10.jpg,remote,https://www.kaut-hisense.de/media/f6/0c/81/1681722580/1268304201_bild01_bild-hye-vd01_web.png?ts=1692274121,Kaut exact HYE-VD01
AVC-09HJDBA,01.jpg,preview,composite of confirmed indoor + HYE-VD01,curated
AVC-09HJDBA,02.jpg,indoor,https://images.breez.ru/catalog/hisense/compact-vnutr-blocki-casset-tipa-r32-r410a/compact-vnutr-blocki-casset-tipa-r32-r410a-01.png,Breez confirmed AVC-HJDBA family gallery
AVC-09HJDBA,03.jpg,indoor,https://images.breez.ru/catalog/hisense/compact-vnutr-blocki-casset-tipa-r32-r410a/compact-vnutr-blocki-casset-tipa-r32-r410a-02.png,Breez confirmed AVC-HJDBA family gallery
AVC-09HJDBA,04.jpg,indoor,https://cdn2.mircli.ru/_next/img/media/429276/Hisense_AVC_09HJDBA(2).jpg?w=520&h=520&fit=fit&q=92&f=webp&dpr=2,MirCli exact AVC-09HJDBA gallery
AVC-09HJDBA,05.jpg,indoor,https://cdn2.mircli.ru/_next/img/media/429237/Hisense_AVC_09HJDBA.jpg?w=520&h=520&fit=fit&q=92&f=webp&dpr=2,MirCli exact AVC-09HJDBA gallery
AVC-09HJDBA,06.jpg,indoor,https://cdn2.mircli.ru/_next/img/media/429257/Hisense_AVC_09HJDBA(1).jpg?w=520&h=520&fit=fit&q=92&f=webp&dpr=2,MirCli exact AVC-09HJDBA gallery
AVC-09HJDBA,07.jpg,panel-front,https://www.kaut-hisense.de/media/3c/87/29/1709628365/1268300111bild02bild_hpe_dnk1_web.jpg?ts=1709628365,Kaut exact HPE-DNK1
AVC-09HJDBA,08.jpg,panel-angle,https://www.kaut-hisense.de/media/d2/bc/83/1709628364/1268300111bild01bild_hpe_dnk1_side_web.jpg?ts=1709628364,Kaut exact HPE-DNK1
AVC-09HJDBA,09.jpg,remote-angle,https://www.kaut-hisense.de/media/d5/c5/52/1681722516/1268304201_bild02_bild-hye-vd01_side_web.png?ts=1692274122,Kaut exact HYE-VD01
AVC-09HJDBA,10.jpg,remote,https://www.kaut-hisense.de/media/f6/0c/81/1681722580/1268304201_bild01_bild-hye-vd01_web.png?ts=1692274121,Kaut exact HYE-VD01
AVC-12HJDBA,01.jpg,preview,composite of confirmed indoor + HYE-VD01,curated
AVC-12HJDBA,02.jpg,indoor,https://images.breez.ru/catalog/hisense/compact-vnutr-blocki-casset-tipa-r32-r410a/compact-vnutr-blocki-casset-tipa-r32-r410a-01.png,Breez confirmed AVC-HJDBA family gallery
AVC-12HJDBA,03.jpg,indoor,https://images.breez.ru/catalog/hisense/compact-vnutr-blocki-casset-tipa-r32-r410a/compact-vnutr-blocki-casset-tipa-r32-r410a-02.png,Breez confirmed AVC-HJDBA family gallery
AVC-12HJDBA,04.jpg,indoor,https://cdn2.mircli.ru/_next/img/media/429280/Hisense_AVC_12HJDBA(2).jpg?w=520&h=520&fit=fit&q=92&f=webp&dpr=2,MirCli exact AVC-12HJDBA gallery
AVC-12HJDBA,05.jpg,indoor,https://cdn2.mircli.ru/_next/img/media/429259/Hisense_AVC_12HJDBA.jpg?w=520&h=520&fit=fit&q=92&f=webp&dpr=2,MirCli exact AVC-12HJDBA gallery
AVC-12HJDBA,06.jpg,indoor,https://cdn2.mircli.ru/_next/img/media/429266/Hisense_AVC_12HJDBA(1).jpg?w=520&h=520&fit=fit&q=92&f=webp&dpr=2,MirCli exact AVC-12HJDBA gallery
AVC-12HJDBA,07.jpg,panel-front,https://www.kaut-hisense.de/media/3c/87/29/1709628365/1268300111bild02bild_hpe_dnk1_web.jpg?ts=1709628365,Kaut exact HPE-DNK1
AVC-12HJDBA,08.jpg,panel-angle,https://www.kaut-hisense.de/media/d2/bc/83/1709628364/1268300111bild01bild_hpe_dnk1_side_web.jpg?ts=1709628364,Kaut exact HPE-DNK1
AVC-12HJDBA,09.jpg,remote-angle,https://www.kaut-hisense.de/media/d5/c5/52/1681722516/1268304201_bild02_bild-hye-vd01_side_web.png?ts=1692274122,Kaut exact HYE-VD01
AVC-12HJDBA,10.jpg,remote,https://www.kaut-hisense.de/media/f6/0c/81/1681722580/1268304201_bild01_bild-hye-vd01_web.png?ts=1692274121,Kaut exact HYE-VD01
AVC-15HJDBA,01.jpg,preview,composite of confirmed indoor + HYE-VD01,curated
AVC-15HJDBA,02.jpg,indoor,https://images.breez.ru/catalog/hisense/compact-vnutr-blocki-casset-tipa-r32-r410a/compact-vnutr-blocki-casset-tipa-r32-r410a-01.png,Breez confirmed AVC-HJDBA family gallery
AVC-15HJDBA,03.jpg,indoor,https://images.breez.ru/catalog/hisense/compact-vnutr-blocki-casset-tipa-r32-r410a/compact-vnutr-blocki-casset-tipa-r32-r410a-02.png,Breez confirmed AVC-HJDBA family gallery
AVC-15HJDBA,04.jpg,indoor,https://cdn2.mircli.ru/_next/img/media/429300/Hisense_AVC_15HJDBA(2).jpg?w=520&h=520&fit=fit&q=92&f=webp&dpr=2,MirCli exact AVC-15HJDBA gallery
AVC-15HJDBA,05.jpg,indoor,https://cdn2.mircli.ru/_next/img/media/429271/Hisense_AVC_15HJDBA.jpg?w=520&h=520&fit=fit&q=92&f=webp&dpr=2,MirCli exact AVC-15HJDBA gallery
AVC-15HJDBA,06.jpg,indoor,https://cdn2.mircli.ru/_next/img/media/429284/Hisense_AVC_15HJDBA(1).jpg?w=520&h=520&fit=fit&q=92&f=webp&dpr=2,MirCli exact AVC-15HJDBA gallery
AVC-15HJDBA,07.jpg,panel-front,https://www.kaut-hisense.de/media/3c/87/29/1709628365/1268300111bild02bild_hpe_dnk1_web.jpg?ts=1709628365,Kaut exact HPE-DNK1
AVC-15HJDBA,08.jpg,panel-angle,https://www.kaut-hisense.de/media/d2/bc/83/1709628364/1268300111bild01bild_hpe_dnk1_side_web.jpg?ts=1709628364,Kaut exact HPE-DNK1
AVC-15HJDBA,09.jpg,remote-angle,https://www.kaut-hisense.de/media/d5/c5/52/1681722516/1268304201_bild02_bild-hye-vd01_side_web.png?ts=1692274122,Kaut exact HYE-VD01
AVC-15HJDBA,10.jpg,remote,https://www.kaut-hisense.de/media/f6/0c/81/1681722580/1268304201_bild01_bild-hye-vd01_web.png?ts=1692274121,Kaut exact HYE-VD01
AVC-17HJDBA,01.jpg,preview,composite of confirmed indoor + HYE-VD01,curated
AVC-17HJDBA,02.jpg,indoor,https://images.breez.ru/catalog/hisense/compact-vnutr-blocki-casset-tipa-r32-r410a/compact-vnutr-blocki-casset-tipa-r32-r410a-01.png,Breez confirmed AVC-HJDBA family gallery
AVC-17HJDBA,03.jpg,indoor,https://images.breez.ru/catalog/hisense/compact-vnutr-blocki-casset-tipa-r32-r410a/compact-vnutr-blocki-casset-tipa-r32-r410a-02.png,Breez confirmed AVC-HJDBA family gallery
AVC-17HJDBA,04.jpg,indoor,https://cdn2.mircli.ru/_next/img/media/429305/Hisense_AVC_17HJDBA(2).jpg?w=520&h=520&fit=fit&q=92&f=webp&dpr=2,MirCli exact AVC-17HJDBA gallery
AVC-17HJDBA,05.jpg,indoor,https://cdn2.mircli.ru/_next/img/media/429270/Hisense_AVC_17HJDBA.jpg?w=520&h=520&fit=fit&q=92&f=webp&dpr=2,MirCli exact AVC-17HJDBA gallery
AVC-17HJDBA,06.jpg,indoor,https://cdn2.mircli.ru/_next/img/media/429286/Hisense_AVC_17HJDBA(1).jpg?w=520&h=520&fit=fit&q=92&f=webp&dpr=2,MirCli exact AVC-17HJDBA gallery
AVC-17HJDBA,07.jpg,panel-front,https://www.kaut-hisense.de/media/3c/87/29/1709628365/1268300111bild02bild_hpe_dnk1_web.jpg?ts=1709628365,Kaut exact HPE-DNK1
AVC-17HJDBA,08.jpg,panel-angle,https://www.kaut-hisense.de/media/d2/bc/83/1709628364/1268300111bild01bild_hpe_dnk1_side_web.jpg?ts=1709628364,Kaut exact HPE-DNK1
AVC-17HJDBA,09.jpg,remote-angle,https://www.kaut-hisense.de/media/d5/c5/52/1681722516/1268304201_bild02_bild-hye-vd01_side_web.png?ts=1692274122,Kaut exact HYE-VD01
AVC-17HJDBA,10.jpg,remote,https://www.kaut-hisense.de/media/f6/0c/81/1681722580/1268304201_bild01_bild-hye-vd01_web.png?ts=1692274121,Kaut exact HYE-VD01
AVC-19HJDBA,01.jpg,preview,composite of confirmed indoor + HYE-VD01,curated
AVC-19HJDBA,02.jpg,indoor,https://images.breez.ru/catalog/hisense/compact-vnutr-blocki-casset-tipa-r32-r410a/compact-vnutr-blocki-casset-tipa-r32-r410a-01.png,Breez confirmed AVC-HJDBA family gallery
AVC-19HJDBA,03.jpg,indoor,https://images.breez.ru/catalog/hisense/compact-vnutr-blocki-casset-tipa-r32-r410a/compact-vnutr-blocki-casset-tipa-r32-r410a-02.png,Breez confirmed AVC-HJDBA family gallery
AVC-19HJDBA,04.jpg,indoor,https://cdn2.mircli.ru/_next/img/media/429304/Hisense_AVC_19HJDBA(2).jpg?w=520&h=520&fit=fit&q=92&f=webp&dpr=2,MirCli exact AVC-19HJDBA gallery
AVC-19HJDBA,05.jpg,indoor,https://cdn2.mircli.ru/_next/img/media/429269/Hisense_AVC_19HJDBA.jpg?w=520&h=520&fit=fit&q=92&f=webp&dpr=2,MirCli exact AVC-19HJDBA gallery
AVC-19HJDBA,06.jpg,indoor,https://cdn2.mircli.ru/_next/img/media/429287/Hisense_AVC_19HJDBA(1).jpg?w=520&h=520&fit=fit&q=92&f=webp&dpr=2,MirCli exact AVC-19HJDBA gallery
AVC-19HJDBA,07.jpg,panel-front,https://www.kaut-hisense.de/media/3c/87/29/1709628365/1268300111bild02bild_hpe_dnk1_web.jpg?ts=1709628365,Kaut exact HPE-DNK1
AVC-19HJDBA,08.jpg,panel-angle,https://www.kaut-hisense.de/media/d2/bc/83/1709628364/1268300111bild01bild_hpe_dnk1_side_web.jpg?ts=1709628364,Kaut exact HPE-DNK1
AVC-19HJDBA,09.jpg,remote-angle,https://www.kaut-hisense.de/media/d5/c5/52/1681722516/1268304201_bild02_bild-hye-vd01_side_web.png?ts=1692274122,Kaut exact HYE-VD01
AVC-19HJDBA,10.jpg,remote,https://www.kaut-hisense.de/media/f6/0c/81/1681722580/1268304201_bild01_bild-hye-vd01_web.png?ts=1692274121,Kaut exact HYE-VD01
AVY-05HJDA,01.jpg,preview,composite of exact-page indoor + HYE-VD01,curated
AVY-05HJDA,02.jpg,indoor,https://iclim.ru/upload/iblock/512/7zwc8vtyev562cec4bip9yhzb31ezf0f.jpg,https://iclim.ru/catalog/promyshlennye_konditsionery/multizonalnye_sistemy/vnutrennie_bloki/hisense_avy_05hjda/
AVY-05HJDA,03.jpg,remote-angle,https://www.kaut-hisense.de/media/d5/c5/52/1681722516/1268304201_bild02_bild-hye-vd01_side_web.png?ts=1692274122,Kaut exact HYE-VD01
AVY-05HJDA,04.jpg,remote,https://www.kaut-hisense.de/media/f6/0c/81/1681722580/1268304201_bild01_bild-hye-vd01_web.png?ts=1692274121,Kaut exact HYE-VD01
AVY-07HJDA,01.jpg,preview,composite of exact-page indoor + HYE-VD01,curated
AVY-07HJDA,02.jpg,indoor,https://iclim.ru/upload/iblock/cb8/fo6zs0sssse5dh4xy98ywdieqoy9dun6.jpg,https://iclim.ru/catalog/promyshlennye_konditsionery/multizonalnye_sistemy/vnutrennie_bloki/hisense_avy_07hjda/
AVY-07HJDA,03.jpg,remote-angle,https://www.kaut-hisense.de/media/d5/c5/52/1681722516/1268304201_bild02_bild-hye-vd01_side_web.png?ts=1692274122,Kaut exact HYE-VD01
AVY-07HJDA,04.jpg,remote,https://www.kaut-hisense.de/media/f6/0c/81/1681722580/1268304201_bild01_bild-hye-vd01_web.png?ts=1692274121,Kaut exact HYE-VD01
AVY-09HJDA,01.jpg,preview,composite of exact-page indoor + HYE-VD01,curated
AVY-09HJDA,02.jpg,indoor,https://iclim.ru/upload/iblock/11e/poodbkf9mp4z1jgtcgfampcz7eqzjmva.jpg,https://iclim.ru/catalog/promyshlennye_konditsionery/multizonalnye_sistemy/vnutrennie_bloki/hisense_avy_09hjda/
AVY-09HJDA,03.jpg,remote-angle,https://www.kaut-hisense.de/media/d5/c5/52/1681722516/1268304201_bild02_bild-hye-vd01_side_web.png?ts=1692274122,Kaut exact HYE-VD01
AVY-09HJDA,04.jpg,remote,https://www.kaut-hisense.de/media/f6/0c/81/1681722580/1268304201_bild01_bild-hye-vd01_web.png?ts=1692274121,Kaut exact HYE-VD01
AVY-12HJDA,01.jpg,preview,composite of exact-page indoor + HYE-VD01,curated
AVY-12HJDA,02.jpg,indoor,https://iclim.ru/upload/iblock/0ea/q58ly781t3fg59q0wailcj3cq6q73wbc.jpg,https://iclim.ru/catalog/promyshlennye_konditsionery/multizonalnye_sistemy/vnutrennie_bloki/hisense_avy_12hjda/
AVY-12HJDA,03.jpg,remote-angle,https://www.kaut-hisense.de/media/d5/c5/52/1681722516/1268304201_bild02_bild-hye-vd01_side_web.png?ts=1692274122,Kaut exact HYE-VD01
AVY-12HJDA,04.jpg,remote,https://www.kaut-hisense.de/media/f6/0c/81/1681722580/1268304201_bild01_bild-hye-vd01_web.png?ts=1692274121,Kaut exact HYE-VD01
AVY-15HJDA,01.jpg,preview,composite of exact-page indoor + HYE-VD01,curated
AVY-15HJDA,02.jpg,indoor,https://iclim.ru/upload/iblock/ffe/fknv0f37t3hkl2m84jxrndjsje0l9ua3.jpg,https://iclim.ru/catalog/promyshlennye_konditsionery/multizonalnye_sistemy/vnutrennie_bloki/hisense_avy_15hjda/
AVY-15HJDA,03.jpg,remote-angle,https://www.kaut-hisense.de/media/d5/c5/52/1681722516/1268304201_bild02_bild-hye-vd01_side_web.png?ts=1692274122,Kaut exact HYE-VD01
AVY-15HJDA,04.jpg,remote,https://www.kaut-hisense.de/media/f6/0c/81/1681722580/1268304201_bild01_bild-hye-vd01_web.png?ts=1692274121,Kaut exact HYE-VD01
AVY-19HJDA,01.jpg,preview,composite of exact-page indoor + HYE-VD01,curated
AVY-19HJDA,02.jpg,indoor,https://iclim.ru/upload/iblock/906/02b3mrlpsq19qqa7jduvdnmh8b5yrzd0.jpg,https://iclim.ru/catalog/promyshlennye_konditsionery/multizonalnye_sistemy/vnutrennie_bloki/hisense_avy_19hjda/
AVY-19HJDA,03.jpg,remote-angle,https://www.kaut-hisense.de/media/d5/c5/52/1681722516/1268304201_bild02_bild-hye-vd01_side_web.png?ts=1692274122,Kaut exact HYE-VD01
AVY-19HJDA,04.jpg,remote,https://www.kaut-hisense.de/media/f6/0c/81/1681722580/1268304201_bild01_bild-hye-vd01_web.png?ts=1692274121,Kaut exact HYE-VD01
AVY-24HJDA,01.jpg,preview,composite of exact-page indoor + HYE-VD01,curated
AVY-24HJDA,02.jpg,indoor,https://iclim.ru/upload/iblock/6e1/9xme4uewb42xbj3kr0v3hlyt3ohld68w.jpg,https://iclim.ru/catalog/promyshlennye_konditsionery/multizonalnye_sistemy/vnutrennie_bloki/hisense_avy_24hjda/
AVY-24HJDA,03.jpg,remote-angle,https://www.kaut-hisense.de/media/d5/c5/52/1681722516/1268304201_bild02_bild-hye-vd01_side_web.png?ts=1692274122,Kaut exact HYE-VD01
AVY-24HJDA,04.jpg,remote,https://www.kaut-hisense.de/media/f6/0c/81/1681722580/1268304201_bild01_bild-hye-vd01_web.png?ts=1692274121,Kaut exact HYE-VD01
