model,series,folder,reasons,warnings
AVWT-76HKF5,S5,S5/AVWT-76HKF5,OK; low-res alternatives rejected,41 low-resolution images rejected
AVWT-96HKF5,S5,S5/AVWT-96HKF5,OK; low-res alternatives rejected,22 low-resolution images rejected
AVWT-114HKF5,S5,S5/AVWT-114HKF5,OK; low-res alternatives rejected,41 low-resolution images rejected
AVWT-136HKF5,S5,S5/AVWT-136HKF5,OK; low-res alternatives rejected,37 low-resolution images rejected
AVWT-154HKF5,S5,S5/AVWT-154HKF5,OK; low-res alternatives rejected,36 low-resolution images rejected
AVWT-170HKF5,S5,S5/AVWT-170HKF5,OK; low-res alternatives rejected,44 low-resolution images rejected
AVWT-190HKF5,S5,S5/AVWT-190HKF5,OK; low-res alternatives rejected,44 low-resolution images rejected
AVWT-212HKF5,S5,S5/AVWT-212HKF5,OK; low-res alternatives rejected,49 low-resolution images rejected
AVWT-232HKF5,S5,S5/AVWT-232HKF5,OK; low-res alternatives rejected,49 low-resolution images rejected
AVWT-250HKF5,S5,S5/AVWT-250HKF5,OK; low-res alternatives rejected,49 low-resolution images rejected
AVWT-272HKF5,S5,S5/AVWT-272HKF5,OK; low-res alternatives rejected,49 low-resolution images rejected
AVWT-290HKF5,S5,S5/AVWT-290HKF5,OK; low-res alternatives rejected,49 low-resolution images rejected
AVWT-307HKF5,S5,S5/AVWT-307HKF5,OK; low-res alternatives rejected,49 low-resolution images rejected
AVWT-324HKF5,S5,S5/AVWT-324HKF5,OK; low-res alternatives rejected,49 low-resolution images rejected
AVWT-343HKF5,S5,S5/AVWT-343HKF5,OK; low-res alternatives rejected,49 low-resolution images rejected
AVWT-365HKF5,S5,S5/AVWT-365HKF5,OK; low-res alternatives rejected,49 low-resolution images rejected
AVWT-386HKF5,S5,S5/AVWT-386HKF5,OK; low-res alternatives rejected,49 low-resolution images rejected
AVWT-404HKF5,S5,S5/AVWT-404HKF5,OK; low-res alternatives rejected,49 low-resolution images rejected
