model,page,image_url,width,height,bytes,sha256,content_type
HFRWE-65DGF-SYS,https://iclim.ru/catalog/promyshlennye_konditsionery/chillery/hisense_hfrwe_65dgf_sys/,https://iclim.ru/upload/dev2fun.imagecompress/webp/iblock/3a4/3a408c26b007e37d8290c647c7a10513.webp,710,1000,93232,f0a6e7f8bb70b485df0b2c311c8d22f858814de35db55a951905f5f56a16c7e4,image/webp
HFRWE-65DGF-SYS,https://iclim.ru/catalog/promyshlennye_konditsionery/chillery/hisense_hfrwe_65dgf_sys/,https://iclim.ru/upload/iblock/104/ed9p2uch8w12blbm45mtpkqte1u8qq8k.jpg,707,1000,212545,c052a7848fa0a379fb55ea5fb5ad8474394636e70429c8428f6f2af0866147de,image/jpeg
HFRWE-65DGF-SYS,https://iclim.ru/catalog/promyshlennye_konditsionery/chillery/hisense_hfrwe_65dgf_sys/,https://iclim.ru/upload/iblock/6c9/cx8ffmke15cogdpp0ifm1bmg6ga7ao02.jpg,500,500,56517,e44f2cc9b143358f28b7b26d2a19669a8c36c96ba8b01a533b91da64c90fd621,image/jpeg
HFRWE-65DGF-SYS,https://iclim.ru/catalog/promyshlennye_konditsionery/chillery/hisense_hfrwe_65dgf_sys/,https://iclim.ru/upload/iblock/90f/2rrpdkh1yq585wmy0vgp7v2wiqknfdfi.jpg,500,500,50422,1d56dbb53dcc40a4af5f0c82366d0430004ddf0ac53457ff91ddcc7c3add55e9,image/jpeg
HFRWE-65DGF-SYS,https://iclim.ru/catalog/promyshlennye_konditsionery/chillery/hisense_hfrwe_65dgf_sys/,https://iclim.ru/upload/iblock/c71/4m1f8dvl06c2t94lme8qz9sl6it6jx87.jpg,500,500,64550,4a2f9aa1129f3f4c76e2dbc5e2ac05001a3595867fddd15aff235a3c6212d878,image/jpeg
HFRWE-65DGF-SYS,https://iclim.ru/catalog/promyshlennye_konditsionery/chillery/hisense_hfrwe_65dgf_sys/,https://iclim.ru/upload/resize_cache/iblock/510/480_220_0/1200x450_obj_elpro.jpg,480,180,75732,f3ce592e66322f9279159ac4c3791b11d9683f8dfb1a243c5345812c2796e601,image/jpeg
HFRWE-65DGF-SYS,https://iclim.ru/catalog/promyshlennye_konditsionery/chillery/hisense_hfrwe_65dgf_sys/,https://iclim.ru/upload/resize_cache/iblock/afc/480_220_0/1200x450_obj_elteh.jpg,480,180,44701,951e18c6ced2840ea07ff15e6d485ba1d3d182d8f4152aac4649b9b5856945d9,image/jpeg
HFRWE-65DGF-SYS,https://hi.1clim.ru/catalog/chillery/hisense_hfrwe_65dgf_sys/,https://hi.1clim.ru/upload/iblock/447/qy2bza8k5i6mph4a0uu19z2eiuo6go7v.jpg,800,800,119904,7b71a4f6ecfe6091ad7cb7faf181732eaa8e5d71a3fe3240b1837e1bbb45cb93,image/jpeg
HFRWE-65DGF-SYS,https://hi.1clim.ru/catalog/chillery/hisense_hfrwe_65dgf_sys/,https://hi.1clim.ru/upload/resize_cache/iblock/447/500_500_1/qy2bza8k5i6mph4a0uu19z2eiuo6go7v.jpg,500,500,88510,9642e95af4fcc9d7d311ecb41e105fae7703e96065df2c2024d1219ad9d0600b,image/jpeg
HFRWE-65DGF-SYS,https://breez.ru/products/hi-mod-ae2/,https://breez.ru/img/banners/2024_Breez_Portal_new_338x596_6724c95c36b56.jpg,340,600,158932,29df5451e64626f678796dd707d5b2ccfca7c453120ffc11ffe7f468e1a23419,image/jpeg
HFRWE-65DGF-SYS,https://breez.ru/products/hi-mod-ae2/,https://images.breez.ru/catalog/hisense/hi-mod-ae2/hi-mod-ae2-01.png,400,389,265414,22335f3168b95e46e4a357e9a260d03a0233282dbf741a4cac1b7a385c453127,image/png
HFRWE-65DGF-SYS,https://breez.ru/products/hi-mod-ae2/,https://images.breez.ru/catalog/hisense/hi-mod-ae2/hi-mod-ae2-02.png,400,419,295830,bf1ce3704f4f9aa2030ceb27cb0afa3593bda70ca906656bed9961fd4b488382,image/png
HFRWE-65DGF-SYS,https://breez.ru/products/hi-mod-ae2/,https://images.breez.ru/catalog/hisense/hi-mod-ae2/hi-mod-ae2-03.png,372,400,259976,4f8c5eb14195c127c61cbd33ddddcc14287b5d43bd1a616f408fc8d9eb4bc65c,image/png
HFRWE-65DGF-SYS,https://breez.ru/products/hi-mod-ae2/,https://images.breez.ru/catalog/xigma/classic-split-system-extraforce/classic-split-system-extraforce-01.png,1200,453,55625,165410c1fed9af0143052d90c6a742a10864d331b309fc953132586f4c2692d5,image/png
HFRWE-65DGF-SYS,https://toplan.ru/hisense-hfrwe-65dgf-sys.html,https://toplan.ru/images/goods/hisense-hfrwe-65dgf-sys-1.jpg,443,432,41746,bd5283e083000f94049c0c679eebe87331fa720f47a0bd5872e0acde5ad643ef,image/jpeg
HFRWE-65DGF-SYS,https://toplan.ru/hisense-hfrwe-65dgf-sys.html,https://toplan.ru/images/goods/hisense-hfrwe-65dgf-sys-2.jpg,430,426,42582,398f90b1bf1dbcb0dce6555f2c195b4423b532ea1e2298c010ff0ccbf4ce50ac,image/jpeg
HFRWE-65DGF-SYS,https://toplan.ru/hisense-hfrwe-65dgf-sys.html,https://toplan.ru/images/goods/hisense-hfrwe-65dgf-sys-3.jpg,425,429,39312,feda1f4c4277756a383ce31f8855c0ec3ebb2db9b91bf6ff46a2c475973172b4,image/jpeg
HFRWE-130DGF-SYS,https://iclim.ru/catalog/promyshlennye_konditsionery/chillery/hisense_hfrwe_130dgf_sys/,https://iclim.ru/upload/dev2fun.imagecompress/webp/iblock/3a4/3a408c26b007e37d8290c647c7a10513.webp,710,1000,93232,f0a6e7f8bb70b485df0b2c311c8d22f858814de35db55a951905f5f56a16c7e4,image/webp
HFRWE-130DGF-SYS,https://iclim.ru/catalog/promyshlennye_konditsionery/chillery/hisense_hfrwe_130dgf_sys/,https://iclim.ru/upload/iblock/104/ed9p2uch8w12blbm45mtpkqte1u8qq8k.jpg,707,1000,212545,c052a7848fa0a379fb55ea5fb5ad8474394636e70429c8428f6f2af0866147de,image/jpeg
HFRWE-130DGF-SYS,https://iclim.ru/catalog/promyshlennye_konditsionery/chillery/hisense_hfrwe_130dgf_sys/,https://iclim.ru/upload/iblock/1c8/061bljkg47xjc381plvmz2w9pxc8baae.jpg,500,500,64550,4a2f9aa1129f3f4c76e2dbc5e2ac05001a3595867fddd15aff235a3c6212d878,image/jpeg
HFRWE-130DGF-SYS,https://iclim.ru/catalog/promyshlennye_konditsionery/chillery/hisense_hfrwe_130dgf_sys/,https://iclim.ru/upload/iblock/6ad/3d0btgrn0vittfgrmpftd68e83xcftj6.jpg,500,500,56517,e44f2cc9b143358f28b7b26d2a19669a8c36c96ba8b01a533b91da64c90fd621,image/jpeg
HFRWE-130DGF-SYS,https://iclim.ru/catalog/promyshlennye_konditsionery/chillery/hisense_hfrwe_130dgf_sys/,https://iclim.ru/upload/iblock/91c/75007ur6rduz0oar3l29muppo6204pv7.jpg,500,500,50422,1d56dbb53dcc40a4af5f0c82366d0430004ddf0ac53457ff91ddcc7c3add55e9,image/jpeg
HFRWE-130DGF-SYS,https://iclim.ru/catalog/promyshlennye_konditsionery/chillery/hisense_hfrwe_130dgf_sys/,https://iclim.ru/upload/resize_cache/iblock/510/480_220_0/1200x450_obj_elpro.jpg,480,180,75732,f3ce592e66322f9279159ac4c3791b11d9683f8dfb1a243c5345812c2796e601,image/jpeg
HFRWE-130DGF-SYS,https://iclim.ru/catalog/promyshlennye_konditsionery/chillery/hisense_hfrwe_130dgf_sys/,https://iclim.ru/upload/resize_cache/iblock/afc/480_220_0/1200x450_obj_elteh.jpg,480,180,44701,951e18c6ced2840ea07ff15e6d485ba1d3d182d8f4152aac4649b9b5856945d9,image/jpeg
HFRWE-130DGF-SYS,https://hi.1clim.ru/catalog/chillery/hisense_hfrwe_130dgf_sys/,https://hi.1clim.ru/upload/iblock/7ac/ia7f6ow8q76zurl08x4f1ojxj5lr8uf8.jpg,900,900,69689,954501467eb49ad6ac140a8fa987c0668c30c0d452c07ffcfd3c85cec6b80afb,image/jpeg
HFRWE-130DGF-SYS,https://hi.1clim.ru/catalog/chillery/hisense_hfrwe_130dgf_sys/,https://hi.1clim.ru/upload/resize_cache/iblock/7ac/500_500_1/ia7f6ow8q76zurl08x4f1ojxj5lr8uf8.jpg,500,500,43397,ee827e4b197a5783ec0ff596c6582180a8c93af4903dce495f0b2480cf4fc9d1,image/jpeg
HFRWE-130DGF-SYS,https://breez.ru/products/hi-mod-ae2/,https://breez.ru/img/banners/2024_Breez_Portal_new_338x596_6724c95c36b56.jpg,340,600,158932,29df5451e64626f678796dd707d5b2ccfca7c453120ffc11ffe7f468e1a23419,image/jpeg
HFRWE-130DGF-SYS,https://breez.ru/products/hi-mod-ae2/,https://images.breez.ru/catalog/hisense/hi-mod-ae2/hi-mod-ae2-01.png,400,389,265414,22335f3168b95e46e4a357e9a260d03a0233282dbf741a4cac1b7a385c453127,image/png
HFRWE-130DGF-SYS,https://breez.ru/products/hi-mod-ae2/,https://images.breez.ru/catalog/hisense/hi-mod-ae2/hi-mod-ae2-02.png,400,419,295830,bf1ce3704f4f9aa2030ceb27cb0afa3593bda70ca906656bed9961fd4b488382,image/png
HFRWE-130DGF-SYS,https://breez.ru/products/hi-mod-ae2/,https://images.breez.ru/catalog/hisense/hi-mod-ae2/hi-mod-ae2-03.png,372,400,259976,4f8c5eb14195c127c61cbd33ddddcc14287b5d43bd1a616f408fc8d9eb4bc65c,image/png
HFRWE-130DGF-SYS,https://breez.ru/products/hi-mod-ae2/,https://images.breez.ru/catalog/xigma/classic-split-system-extraforce/classic-split-system-extraforce-01.png,1200,453,55625,165410c1fed9af0143052d90c6a742a10864d331b309fc953132586f4c2692d5,image/png
