group,image_count,model_count,models,paths
1,38,25,AVD-HJDH/AVD-09HJDH | AVD-HJDH/AVD-12HJDH | AVD-HJDH/AVD-15HJDH | AVD-HJDH/AVD-19HJDH | AVD-HJDH/AVD-24HJDH | AVD-HJDH/AVD-24HJDH1 | AVD-HJDH/AVD-30HJDH | AVD-HJDH/AVD-38HJDH | AVD-HJDH/AVD-42HJDH | AVD-HJDH/AVD-48HJDH | AVD-HJDH/AVD-54HJDH | AVD-HJDH/AVD-76HJDH | AVD-HJDH/AVD-96HJDH | AVD-HJFH/AVD-07HJFH | AVD-HJFH/AVD-09HJFH | AVD-HJFH/AVD-12HJFH | AVD-HJFH/AVD-15HJFH | AVD-HJFH/AVD-19HJFH | AVD-HJFH/AVD-24HJFH1 | AVD-HJFH/AVD-30HJFH | AVD-HJFH/AVD-38HJFH | AVD-HJFH/AVD-48HJFH | AVD-HJFH/AVD-54HJFH | AVD-HJFH/AVD-76HJFH | AVD-HJFH/AVD-96HJFH,Hisense/images-rebuild/2026-09-29/packets/04_AVD_HJDH/Hisense_images_rebuilt/AVD-HJDH/AVD-24HJDH1/06.jpg | Hisense/images-rebuild/2026-09-29/packets/04_AVD_HJDH/Hisense_images_rebuilt/AVD-HJDH/AVD-24HJDH1/01.jpg | Hisense/images-rebuild/2026-09-29/packets/04_AVD_HJDH/Hisense_images_rebuilt/AVD-HJDH/AVD-54HJDH/06.jpg | Hisense/images-rebuild/2026-09-29/packets/04_AVD_HJDH/Hisense_images_rebuilt/AVD-HJDH/AVD-54HJDH/01.jpg | Hisense/images-rebuild/2026-09-29/packets/04_AVD_HJDH/Hisense_images_rebuilt/AVD-HJDH/AVD-09HJDH/06.jpg | Hisense/images-rebuild/2026-09-29/packets/04_AVD_HJDH/Hisense_images_rebuilt/AVD-HJDH/AVD-09HJDH/01.jpg | Hisense/images-rebuild/2026-09-29/packets/04_AVD_HJDH/Hisense_images_rebuilt/AVD-HJDH/AVD-76HJDH/06.jpg | Hisense/images-rebuild/2026-09-29/packets/04_AVD_HJDH/Hisense_images_rebuilt/AVD-HJDH/AVD-76HJDH/01.jpg | Hisense/images-rebuild/2026-09-29/packets/04_AVD_HJDH/Hisense_images_rebuilt/AVD-HJDH/AVD-24HJDH/06.jpg | Hisense/images-rebuild/2026-09-29/packets/04_AVD_HJDH/Hisense_images_rebuilt/AVD-HJDH/AVD-24HJDH/01.jpg | Hisense/images-rebuild/2026-09-29/packets/04_AVD_HJDH/Hisense_images_rebuilt/AVD-HJDH/AVD-19HJDH/06.jpg | Hisense/images-rebuild/2026-09-29/packets/04_AVD_HJDH/Hisense_images_rebuilt/AVD-HJDH/AVD-19HJDH/01.jpg | Hisense/images-rebuild/2026-09-29/packets/04_AVD_HJDH/Hisense_images_rebuilt/AVD-HJDH/AVD-42HJDH/06.jpg | Hisense/images-rebuild/2026-09-29/packets/04_AVD_HJDH/Hisense_images_rebuilt/AVD-HJDH/AVD-42HJDH/01.jpg | Hisense/images-rebuild/2026-09-29/packets/04_AVD_HJDH/Hisense_images_rebuilt/AVD-HJDH/AVD-12HJDH/06.jpg | Hisense/images-rebuild/2026-09-29/packets/04_AVD_HJDH/Hisense_images_rebuilt/AVD-HJDH/AVD-12HJDH/01.jpg | Hisense/images-rebuild/2026-09-29/packets/04_AVD_HJDH/Hisense_images_rebuilt/AVD-HJDH/AVD-96HJDH/06.jpg | Hisense/images-rebuild/2026-09-29/packets/04_AVD_HJDH/Hisense_images_rebuilt/AVD-HJDH/AVD-96HJDH/01.jpg | Hisense/images-rebuild/2026-09-29/packets/04_AVD_HJDH/Hisense_images_rebuilt/AVD-HJDH/AVD-15HJDH/06.jpg | Hisense/images-rebuild/2026-09-29/packets/04_AVD_HJDH/Hisense_images_rebuilt/AVD-HJDH/AVD-15HJDH/01.jpg | Hisense/images-rebuild/2026-09-29/packets/04_AVD_HJDH/Hisense_images_rebuilt/AVD-HJDH/AVD-38HJDH/06.jpg | Hisense/images-rebuild/2026-09-29/packets/04_AVD_HJDH/Hisense_images_rebuilt/AVD-HJDH/AVD-38HJDH/01.jpg | Hisense/images-rebuild/2026-09-29/packets/04_AVD_HJDH/Hisense_images_rebuilt/AVD-HJDH/AVD-30HJDH/06.jpg | Hisense/images-rebuild/2026-09-29/packets/04_AVD_HJDH/Hisense_images_rebuilt/AVD-HJDH/AVD-30HJDH/01.jpg | Hisense/images-rebuild/2026-09-29/packets/04_AVD_HJDH/Hisense_images_rebuilt/AVD-HJDH/AVD-48HJDH/06.jpg | Hisense/images-rebuild/2026-09-29/packets/04_AVD_HJDH/Hisense_images_rebuilt/AVD-HJDH/AVD-48HJDH/01.jpg | Hisense/images-rebuild/2026-09-29/packets/05_AVD_HJFH_AVE/Hisense_images_rebuilt/AVD-HJFH/AVD-12HJFH/04.jpg | Hisense/images-rebuild/2026-09-29/packets/05_AVD_HJFH_AVE/Hisense_images_rebuilt/AVD-HJFH/AVD-15HJFH/04.jpg | Hisense/images-rebuild/2026-09-29/packets/05_AVD_HJFH_AVE/Hisense_images_rebuilt/AVD-HJFH/AVD-07HJFH/04.jpg | Hisense/images-rebuild/2026-09-29/packets/05_AVD_HJFH_AVE/Hisense_images_rebuilt/AVD-HJFH/AVD-09HJFH/04.jpg | Hisense/images-rebuild/2026-09-29/packets/05_AVD_HJFH_AVE/Hisense_images_rebuilt/AVD-HJFH/AVD-48HJFH/04.jpg | Hisense/images-rebuild/2026-09-29/packets/05_AVD_HJFH_AVE/Hisense_images_rebuilt/AVD-HJFH/AVD-76HJFH/04.jpg | Hisense/images-rebuild/2026-09-29/packets/05_AVD_HJFH_AVE/Hisense_images_rebuilt/AVD-HJFH/AVD-96HJFH/04.jpg | Hisense/images-rebuild/2026-09-29/packets/05_AVD_HJFH_AVE/Hisense_images_rebuilt/AVD-HJFH/AVD-54HJFH/04.jpg | Hisense/images-rebuild/2026-09-29/packets/05_AVD_HJFH_AVE/Hisense_images_rebuilt/AVD-HJFH/AVD-19HJFH/04.jpg | Hisense/images-rebuild/2026-09-29/packets/05_AVD_HJFH_AVE/Hisense_images_rebuilt/AVD-HJFH/AVD-24HJFH1/04.jpg | Hisense/images-rebuild/2026-09-29/packets/05_AVD_HJFH_AVE/Hisense_images_rebuilt/AVD-HJFH/AVD-38HJFH/04.jpg | Hisense/images-rebuild/2026-09-29/packets/05_AVD_HJFH_AVE/Hisense_images_rebuilt/AVD-HJFH/AVD-30HJFH/04.jpg
2,14,7,AVE-HJDDH/AVE-05HJDDH | AVE-HJDDH/AVE-07HJDDH | AVE-HJDDH/AVE-09HJDDH | AVE-HJDDH/AVE-12HJDDH | AVE-HJDDH/AVE-15HJDDH | AVE-HJDDH/AVE-19HJDDH | AVE-HJDDH/AVE-24HJDDH,Hisense/images-rebuild/2026-09-29/packets/05_AVD_HJFH_AVE/Hisense_images_rebuilt/AVE-HJDDH/AVE-12HJDDH/01.jpg | Hisense/images-rebuild/2026-09-29/packets/05_AVD_HJFH_AVE/Hisense_images_rebuilt/AVE-HJDDH/AVE-12HJDDH/09.jpg | Hisense/images-rebuild/2026-09-29/packets/05_AVD_HJFH_AVE/Hisense_images_rebuilt/AVE-HJDDH/AVE-07HJDDH/01.jpg | Hisense/images-rebuild/2026-09-29/packets/05_AVD_HJFH_AVE/Hisense_images_rebuilt/AVE-HJDDH/AVE-07HJDDH/09.jpg | Hisense/images-rebuild/2026-09-29/packets/05_AVD_HJFH_AVE/Hisense_images_rebuilt/AVE-HJDDH/AVE-19HJDDH/01.jpg | Hisense/images-rebuild/2026-09-29/packets/05_AVD_HJFH_AVE/Hisense_images_rebuilt/AVE-HJDDH/AVE-19HJDDH/09.jpg | Hisense/images-rebuild/2026-09-29/packets/05_AVD_HJFH_AVE/Hisense_images_rebuilt/AVE-HJDDH/AVE-09HJDDH/01.jpg | Hisense/images-rebuild/2026-09-29/packets/05_AVD_HJFH_AVE/Hisense_images_rebuilt/AVE-HJDDH/AVE-09HJDDH/09.jpg | Hisense/images-rebuild/2026-09-29/packets/05_AVD_HJFH_AVE/Hisense_images_rebuilt/AVE-HJDDH/AVE-05HJDDH/01.jpg | Hisense/images-rebuild/2026-09-29/packets/05_AVD_HJFH_AVE/Hisense_images_rebuilt/AVE-HJDDH/AVE-05HJDDH/09.jpg | Hisense/images-rebuild/2026-09-29/packets/05_AVD_HJFH_AVE/Hisense_images_rebuilt/AVE-HJDDH/AVE-24HJDDH/01.jpg | Hisense/images-rebuild/2026-09-29/packets/05_AVD_HJFH_AVE/Hisense_images_rebuilt/AVE-HJDDH/AVE-24HJDDH/09.jpg | Hisense/images-rebuild/2026-09-29/packets/05_AVD_HJFH_AVE/Hisense_images_rebuilt/AVE-HJDDH/AVE-15HJDDH/01.jpg | Hisense/images-rebuild/2026-09-29/packets/05_AVD_HJFH_AVE/Hisense_images_rebuilt/AVE-HJDDH/AVE-15HJDDH/09.jpg
3,8,8,HEAVY EU DC INVERTER/AUW-09U4RS8 | HEAVY EU DC INVERTER/AUW-12U4RS8 | HEAVY EU DC INVERTER/AUW-18U4RS7 | HEAVY EU DC INVERTER/AUW-24U4RJ7 | HEAVY EU DC INVERTER/AUW-36U4RK7 | HEAVY EU DC INVERTER/AUW-48U6RN8 | HEAVY EU DC INVERTER/AUW-60U6RW8 | HEAVY EU DC INVERTER/AUW-85U6RZ8,Hisense/images-rebuild/2026-09-29/packets/14_HEAVY_UNIVERSO/Hisense_images_rebuilt/HEAVY EU DC INVERTER/AUW-12U4RS8/08.jpg | Hisense/images-rebuild/2026-09-29/packets/14_HEAVY_UNIVERSO/Hisense_images_rebuilt/HEAVY EU DC INVERTER/AUW-09U4RS8/08.jpg | Hisense/images-rebuild/2026-09-29/packets/14_HEAVY_UNIVERSO/Hisense_images_rebuilt/HEAVY EU DC INVERTER/AUW-85U6RZ8/09.jpg | Hisense/images-rebuild/2026-09-29/packets/14_HEAVY_UNIVERSO/Hisense_images_rebuilt/HEAVY EU DC INVERTER/AUW-36U4RK7/08.jpg | Hisense/images-rebuild/2026-09-29/packets/14_HEAVY_UNIVERSO/Hisense_images_rebuilt/HEAVY EU DC INVERTER/AUW-48U6RN8/08.jpg | Hisense/images-rebuild/2026-09-29/packets/14_HEAVY_UNIVERSO/Hisense_images_rebuilt/HEAVY EU DC INVERTER/AUW-18U4RS7/08.jpg | Hisense/images-rebuild/2026-09-29/packets/14_HEAVY_UNIVERSO/Hisense_images_rebuilt/HEAVY EU DC INVERTER/AUW-24U4RJ7/08.jpg | Hisense/images-rebuild/2026-09-29/packets/14_HEAVY_UNIVERSO/Hisense_images_rebuilt/HEAVY EU DC INVERTER/AUW-60U6RW8/08.jpg
4,16,8,HEAVY EU DC INVERTER/AUW-09U4RS8 | HEAVY EU DC INVERTER/AUW-12U4RS8 | HEAVY EU DC INVERTER/AUW-18U4RS7 | HEAVY EU DC INVERTER/AUW-24U4RJ7 | HEAVY EU DC INVERTER/AUW-36U4RK7 | HEAVY EU DC INVERTER/AUW-48U6RN8 | HEAVY EU DC INVERTER/AUW-60U6RW8 | HEAVY EU DC INVERTER/AUW-85U6RZ8,Hisense/images-rebuild/2026-09-29/packets/14_HEAVY_UNIVERSO/Hisense_images_rebuilt/HEAVY EU DC INVERTER/AUW-12U4RS8/01.jpg | Hisense/images-rebuild/2026-09-29/packets/14_HEAVY_UNIVERSO/Hisense_images_rebuilt/HEAVY EU DC INVERTER/AUW-12U4RS8/04.jpg | Hisense/images-rebuild/2026-09-29/packets/14_HEAVY_UNIVERSO/Hisense_images_rebuilt/HEAVY EU DC INVERTER/AUW-09U4RS8/01.jpg | Hisense/images-rebuild/2026-09-29/packets/14_HEAVY_UNIVERSO/Hisense_images_rebuilt/HEAVY EU DC INVERTER/AUW-09U4RS8/04.jpg | Hisense/images-rebuild/2026-09-29/packets/14_HEAVY_UNIVERSO/Hisense_images_rebuilt/HEAVY EU DC INVERTER/AUW-85U6RZ8/06.jpg | Hisense/images-rebuild/2026-09-29/packets/14_HEAVY_UNIVERSO/Hisense_images_rebuilt/HEAVY EU DC INVERTER/AUW-85U6RZ8/01.jpg | Hisense/images-rebuild/2026-09-29/packets/14_HEAVY_UNIVERSO/Hisense_images_rebuilt/HEAVY EU DC INVERTER/AUW-36U4RK7/01.jpg | Hisense/images-rebuild/2026-09-29/packets/14_HEAVY_UNIVERSO/Hisense_images_rebuilt/HEAVY EU DC INVERTER/AUW-36U4RK7/04.jpg | Hisense/images-rebuild/2026-09-29/packets/14_HEAVY_UNIVERSO/Hisense_images_rebuilt/HEAVY EU DC INVERTER/AUW-48U6RN8/01.jpg | Hisense/images-rebuild/2026-09-29/packets/14_HEAVY_UNIVERSO/Hisense_images_rebuilt/HEAVY EU DC INVERTER/AUW-48U6RN8/04.jpg | Hisense/images-rebuild/2026-09-29/packets/14_HEAVY_UNIVERSO/Hisense_images_rebuilt/HEAVY EU DC INVERTER/AUW-18U4RS7/01.jpg | Hisense/images-rebuild/2026-09-29/packets/14_HEAVY_UNIVERSO/Hisense_images_rebuilt/HEAVY EU DC INVERTER/AUW-18U4RS7/04.jpg | Hisense/images-rebuild/2026-09-29/packets/14_HEAVY_UNIVERSO/Hisense_images_rebuilt/HEAVY EU DC INVERTER/AUW-24U4RJ7/01.jpg | Hisense/images-rebuild/2026-09-29/packets/14_HEAVY_UNIVERSO/Hisense_images_rebuilt/HEAVY EU DC INVERTER/AUW-24U4RJ7/04.jpg | Hisense/images-rebuild/2026-09-29/packets/14_HEAVY_UNIVERSO/Hisense_images_rebuilt/HEAVY EU DC INVERTER/AUW-60U6RW8/01.jpg | Hisense/images-rebuild/2026-09-29/packets/14_HEAVY_UNIVERSO/Hisense_images_rebuilt/HEAVY EU DC INVERTER/AUW-60U6RW8/04.jpg
5,29,29,MACS/MACS-I-PD115P4K | MACS/MACS-I-PD116P2K | MACS/MACS-I-PD116P4K | MACS/MACS-I-PD135P4K | MACS/MACS-I-PD136P2K | MACS/MACS-I-PD136P4K | MACS/MACS-I-PD160P4K | MACS/MACS-I-PD176P4K | MACS/MACS-I-PD210P4K | MACS/MACS-I-PD220P2K | MACS/MACS-I-PD226P4K | MACS/MACS-I-PD266P4K | MACS/MACS-I-PD270P2K | MACS/MACS-I-PD270P4K | MACS/MACS-I-PD280P2K | MACS/MACS-I-PD315P4K | MACS/MACS-I-PD330P2K | MACS/MACS-I-PD380P2K | MACS/MACS-I-PD420P2K | MACS/MACS-I-PD51P4K | MACS/MACS-I-PD60P4K | MACS/MACS-I-PD61P2K | MACS/MACS-I-PD66P4K | MACS/MACS-I-PD75P4K | MACS/MACS-I-PD76P2K | MACS/MACS-I-PD76P4K | MACS/MACS-I-PD90P4K | MACS/MACS-I-PD91P2K | MACS/MACS-I-PD96P4K,Hisense/images-rebuild/2026-09-29/packets/11_MACS_D_B/Hisense_images_rebuilt/MACS/MACS-I-PD76P2K/01.jpg | Hisense/images-rebuild/2026-09-29/packets/11_MACS_D_B/Hisense_images_rebuilt/MACS/MACS-I-PD91P2K/01.jpg | Hisense/images-rebuild/2026-09-29/packets/11_MACS_D_B/Hisense_images_rebuilt/MACS/MACS-I-PD220P2K/01.jpg | Hisense/images-rebuild/2026-09-29/packets/11_MACS_D_B/Hisense_images_rebuilt/MACS/MACS-I-PD136P2K/01.jpg | Hisense/images-rebuild/2026-09-29/packets/11_MACS_D_B/Hisense_images_rebuilt/MACS/MACS-I-PD61P2K/01.jpg | Hisense/images-rebuild/2026-09-29/packets/11_MACS_D_B/Hisense_images_rebuilt/MACS/MACS-I-PD116P2K/01.jpg | Hisense/images-rebuild/2026-09-29/packets/12_MACS_D_C/Hisense_images_rebuilt/MACS/MACS-I-PD266P4K/01.jpg | Hisense/images-rebuild/2026-09-29/packets/12_MACS_D_C/Hisense_images_rebuilt/MACS/MACS-I-PD270P4K/01.jpg | Hisense/images-rebuild/2026-09-29/packets/12_MACS_D_C/Hisense_images_rebuilt/MACS/MACS-I-PD136P4K/01.jpg | Hisense/images-rebuild/2026-09-29/packets/12_MACS_D_C/Hisense_images_rebuilt/MACS/MACS-I-PD60P4K/01.jpg | Hisense/images-rebuild/2026-09-29/packets/12_MACS_D_C/Hisense_images_rebuilt/MACS/MACS-I-PD176P4K/01.jpg | Hisense/images-rebuild/2026-09-29/packets/12_MACS_D_C/Hisense_images_rebuilt/MACS/MACS-I-PD315P4K/01.jpg | Hisense/images-rebuild/2026-09-29/packets/12_MACS_D_C/Hisense_images_rebuilt/MACS/MACS-I-PD66P4K/01.jpg | Hisense/images-rebuild/2026-09-29/packets/12_MACS_D_C/Hisense_images_rebuilt/MACS/MACS-I-PD226P4K/01.jpg | Hisense/images-rebuild/2026-09-29/packets/12_MACS_D_C/Hisense_images_rebuilt/MACS/MACS-I-PD75P4K/01.jpg | Hisense/images-rebuild/2026-09-29/packets/12_MACS_D_C/Hisense_images_rebuilt/MACS/MACS-I-PD330P2K/01.jpg | Hisense/images-rebuild/2026-09-29/packets/12_MACS_D_C/Hisense_images_rebuilt/MACS/MACS-I-PD135P4K/01.jpg | Hisense/images-rebuild/2026-09-29/packets/12_MACS_D_C/Hisense_images_rebuilt/MACS/MACS-I-PD76P4K/01.jpg | Hisense/images-rebuild/2026-09-29/packets/12_MACS_D_C/Hisense_images_rebuilt/MACS/MACS-I-PD116P4K/01.jpg | Hisense/images-rebuild/2026-09-29/packets/12_MACS_D_C/Hisense_images_rebuilt/MACS/MACS-I-PD280P2K/01.jpg | Hisense/images-rebuild/2026-09-29/packets/12_MACS_D_C/Hisense_images_rebuilt/MACS/MACS-I-PD96P4K/01.jpg | Hisense/images-rebuild/2026-09-29/packets/12_MACS_D_C/Hisense_images_rebuilt/MACS/MACS-I-PD380P2K/01.jpg | Hisense/images-rebuild/2026-09-29/packets/12_MACS_D_C/Hisense_images_rebuilt/MACS/MACS-I-PD210P4K/01.jpg | Hisense/images-rebuild/2026-09-29/packets/12_MACS_D_C/Hisense_images_rebuilt/MACS/MACS-I-PD90P4K/01.jpg | Hisense/images-rebuild/2026-09-29/packets/12_MACS_D_C/Hisense_images_rebuilt/MACS/MACS-I-PD160P4K/01.jpg | Hisense/images-rebuild/2026-09-29/packets/12_MACS_D_C/Hisense_images_rebuilt/MACS/MACS-I-PD270P2K/01.jpg | Hisense/images-rebuild/2026-09-29/packets/12_MACS_D_C/Hisense_images_rebuilt/MACS/MACS-I-PD51P4K/01.jpg | Hisense/images-rebuild/2026-09-29/packets/12_MACS_D_C/Hisense_images_rebuilt/MACS/MACS-I-PD420P2K/01.jpg | Hisense/images-rebuild/2026-09-29/packets/12_MACS_D_C/Hisense_images_rebuilt/MACS/MACS-I-PD115P4K/01.jpg
6,22,22,MACS/MACS-I-D100P2KU | MACS/MACS-I-D100P4K | MACS/MACS-I-D120P2KU | MACS/MACS-I-D120P4K | MACS/MACS-I-D140P2KU | MACS/MACS-I-D140P4K | MACS/MACS-I-D20P2KU | MACS/MACS-I-D30P2KU | MACS/MACS-I-D40P2KU | MACS/MACS-I-D45P2KU | MACS/MACS-I-D56P2KU | MACS/MACS-I-D80P2KU | MACS/MACS-I-D80P4K | MACS/MACS-I-ED111P2K | MACS/MACS-I-ED131P2K | MACS/MACS-I-ED21P2K | MACS/MACS-I-ED31P2K | MACS/MACS-I-ED41P2K | MACS/MACS-I-ED46P2K | MACS/MACS-I-ED56P2K | MACS/MACS-I-ED81P2K | MACS/MACS-I-ED96P2K,Hisense/images-rebuild/2026-09-29/packets/11_MACS_D_B/Hisense_images_rebuilt/MACS/MACS-I-D56P2KU/01.jpg | Hisense/images-rebuild/2026-09-29/packets/11_MACS_D_B/Hisense_images_rebuilt/MACS/MACS-I-D30P2KU/01.jpg | Hisense/images-rebuild/2026-09-29/packets/11_MACS_D_B/Hisense_images_rebuilt/MACS/MACS-I-D100P2KU/01.jpg | Hisense/images-rebuild/2026-09-29/packets/11_MACS_D_B/Hisense_images_rebuilt/MACS/MACS-I-D80P2KU/01.jpg | Hisense/images-rebuild/2026-09-29/packets/11_MACS_D_B/Hisense_images_rebuilt/MACS/MACS-I-ED56P2K/01.jpg | Hisense/images-rebuild/2026-09-29/packets/11_MACS_D_B/Hisense_images_rebuilt/MACS/MACS-I-ED46P2K/01.jpg | Hisense/images-rebuild/2026-09-29/packets/11_MACS_D_B/Hisense_images_rebuilt/MACS/MACS-I-ED41P2K/01.jpg | Hisense/images-rebuild/2026-09-29/packets/11_MACS_D_B/Hisense_images_rebuilt/MACS/MACS-I-D45P2KU/01.jpg | Hisense/images-rebuild/2026-09-29/packets/11_MACS_D_B/Hisense_images_rebuilt/MACS/MACS-I-ED31P2K/01.jpg | Hisense/images-rebuild/2026-09-29/packets/11_MACS_D_B/Hisense_images_rebuilt/MACS/MACS-I-D40P2KU/01.jpg | Hisense/images-rebuild/2026-09-29/packets/11_MACS_D_B/Hisense_images_rebuilt/MACS/MACS-I-ED131P2K/01.jpg | Hisense/images-rebuild/2026-09-29/packets/11_MACS_D_B/Hisense_images_rebuilt/MACS/MACS-I-ED111P2K/01.jpg | Hisense/images-rebuild/2026-09-29/packets/11_MACS_D_B/Hisense_images_rebuilt/MACS/MACS-I-ED96P2K/01.jpg | Hisense/images-rebuild/2026-09-29/packets/11_MACS_D_B/Hisense_images_rebuilt/MACS/MACS-I-ED21P2K/01.jpg | Hisense/images-rebuild/2026-09-29/packets/11_MACS_D_B/Hisense_images_rebuilt/MACS/MACS-I-ED81P2K/01.jpg | Hisense/images-rebuild/2026-09-29/packets/11_MACS_D_B/Hisense_images_rebuilt/MACS/MACS-I-D120P2KU/01.jpg | Hisense/images-rebuild/2026-09-29/packets/11_MACS_D_B/Hisense_images_rebuilt/MACS/MACS-I-D140P2KU/01.jpg | Hisense/images-rebuild/2026-09-29/packets/10_MACS_D_A/Hisense_images_rebuilt/MACS/MACS-I-D140P4K/01.jpg | Hisense/images-rebuild/2026-09-29/packets/10_MACS_D_A/Hisense_images_rebuilt/MACS/MACS-I-D120P4K/01.jpg | Hisense/images-rebuild/2026-09-29/packets/10_MACS_D_A/Hisense_images_rebuilt/MACS/MACS-I-D100P4K/01.jpg | Hisense/images-rebuild/2026-09-29/packets/10_MACS_D_A/Hisense_images_rebuilt/MACS/MACS-I-D20P2KU/01.jpg | Hisense/images-rebuild/2026-09-29/packets/10_MACS_D_A/Hisense_images_rebuilt/MACS/MACS-I-D80P4K/01.jpg
7,18,18,MACS/MACS-I-VD100P2K | MACS/MACS-I-VD100P4K | MACS/MACS-I-VD120P2K | MACS/MACS-I-VD120P4K | MACS/MACS-I-VD140P2K | MACS/MACS-I-VD140P4K | MACS/MACS-I-VD20P2K | MACS/MACS-I-VD20P4K | MACS/MACS-I-VD30P2K | MACS/MACS-I-VD30P4K | MACS/MACS-I-VD40P2K | MACS/MACS-I-VD40P4K | MACS/MACS-I-VD45P2K | MACS/MACS-I-VD45P4K | MACS/MACS-I-VD56P2K | MACS/MACS-I-VD56P4K | MACS/MACS-I-VD80P2K | MACS/MACS-I-VD80P4K,Hisense/images-rebuild/2026-09-29/packets/10_MACS_D_A/Hisense_images_rebuilt/MACS/MACS-I-VD56P2K/01.jpg | Hisense/images-rebuild/2026-09-29/packets/10_MACS_D_A/Hisense_images_rebuilt/MACS/MACS-I-VD40P2K/01.jpg | Hisense/images-rebuild/2026-09-29/packets/10_MACS_D_A/Hisense_images_rebuilt/MACS/MACS-I-VD120P4K/01.jpg | Hisense/images-rebuild/2026-09-29/packets/10_MACS_D_A/Hisense_images_rebuilt/MACS/MACS-I-VD30P4K/01.jpg | Hisense/images-rebuild/2026-09-29/packets/10_MACS_D_A/Hisense_images_rebuilt/MACS/MACS-I-VD40P4K/01.jpg | Hisense/images-rebuild/2026-09-29/packets/10_MACS_D_A/Hisense_images_rebuilt/MACS/MACS-I-VD140P4K/01.jpg | Hisense/images-rebuild/2026-09-29/packets/10_MACS_D_A/Hisense_images_rebuilt/MACS/MACS-I-VD56P4K/01.jpg | Hisense/images-rebuild/2026-09-29/packets/10_MACS_D_A/Hisense_images_rebuilt/MACS/MACS-I-VD100P2K/01.jpg | Hisense/images-rebuild/2026-09-29/packets/10_MACS_D_A/Hisense_images_rebuilt/MACS/MACS-I-VD20P4K/01.jpg | Hisense/images-rebuild/2026-09-29/packets/10_MACS_D_A/Hisense_images_rebuilt/MACS/MACS-I-VD120P2K/01.jpg | Hisense/images-rebuild/2026-09-29/packets/10_MACS_D_A/Hisense_images_rebuilt/MACS/MACS-I-VD100P4K/01.jpg | Hisense/images-rebuild/2026-09-29/packets/10_MACS_D_A/Hisense_images_rebuilt/MACS/MACS-I-VD140P2K/01.jpg | Hisense/images-rebuild/2026-09-29/packets/10_MACS_D_A/Hisense_images_rebuilt/MACS/MACS-I-VD80P2K/01.jpg | Hisense/images-rebuild/2026-09-29/packets/10_MACS_D_A/Hisense_images_rebuilt/MACS/MACS-I-VD20P2K/01.jpg | Hisense/images-rebuild/2026-09-29/packets/10_MACS_D_A/Hisense_images_rebuilt/MACS/MACS-I-VD30P2K/01.jpg | Hisense/images-rebuild/2026-09-29/packets/10_MACS_D_A/Hisense_images_rebuilt/MACS/MACS-I-VD80P4K/01.jpg | Hisense/images-rebuild/2026-09-29/packets/10_MACS_D_A/Hisense_images_rebuilt/MACS/MACS-I-VD45P2K/01.jpg | Hisense/images-rebuild/2026-09-29/packets/10_MACS_D_A/Hisense_images_rebuilt/MACS/MACS-I-VD45P4K/01.jpg
8,12,6,AVBC-HJFKA/AVBC-19HJFKA | AVBC-HJFKA/AVBC-24HJFKA | AVBC-HJFKA/AVBC-30HJFKA | AVBC-HJFKA/AVBC-38HJFKA | AVBC-HJFKA/AVBC-48HJFKA | AVBC-HJFKA/AVBC-54HJFKA,Hisense/images-rebuild/2026-09-29/packets/02_AVBC/Hisense_images_rebuilt/AVBC-HJFKA/AVBC-48HJFKA/07.jpg | Hisense/images-rebuild/2026-09-29/packets/02_AVBC/Hisense_images_rebuilt/AVBC-HJFKA/AVBC-48HJFKA/05.jpg | Hisense/images-rebuild/2026-09-29/packets/02_AVBC/Hisense_images_rebuilt/AVBC-HJFKA/AVBC-19HJFKA/07.jpg | Hisense/images-rebuild/2026-09-29/packets/02_AVBC/Hisense_images_rebuilt/AVBC-HJFKA/AVBC-19HJFKA/05.jpg | Hisense/images-rebuild/2026-09-29/packets/02_AVBC/Hisense_images_rebuilt/AVBC-HJFKA/AVBC-24HJFKA/07.jpg | Hisense/images-rebuild/2026-09-29/packets/02_AVBC/Hisense_images_rebuilt/AVBC-HJFKA/AVBC-24HJFKA/05.jpg | Hisense/images-rebuild/2026-09-29/packets/02_AVBC/Hisense_images_rebuilt/AVBC-HJFKA/AVBC-38HJFKA/07.jpg | Hisense/images-rebuild/2026-09-29/packets/02_AVBC/Hisense_images_rebuilt/AVBC-HJFKA/AVBC-38HJFKA/05.jpg | Hisense/images-rebuild/2026-09-29/packets/02_AVBC/Hisense_images_rebuilt/AVBC-HJFKA/AVBC-30HJFKA/07.jpg | Hisense/images-rebuild/2026-09-29/packets/02_AVBC/Hisense_images_rebuilt/AVBC-HJFKA/AVBC-30HJFKA/05.jpg | Hisense/images-rebuild/2026-09-29/packets/02_AVBC/Hisense_images_rebuilt/AVBC-HJFKA/AVBC-54HJFKA/07.jpg | Hisense/images-rebuild/2026-09-29/packets/02_AVBC/Hisense_images_rebuilt/AVBC-HJFKA/AVBC-54HJFKA/05.jpg
9,25,25,MACS/MACS-I-C101P2-MACS-I-CSP2 | MACS/MACS-I-C110P4K | MACS/MACS-I-C115P2K | MACS/MACS-I-C121P2-MACS-I-CSP2 | MACS/MACS-I-C130P2K | MACS/MACS-I-C141P2-MACS-I-CSP2 | MACS/MACS-I-C20P2K | MACS/MACS-I-C25P4K | MACS/MACS-I-C28P2K | MACS/MACS-I-C30P4K | MACS/MACS-I-C35P2C-MACS-I-CSPС2 | MACS/MACS-I-C35P2K | MACS/MACS-I-C40P4K | MACS/MACS-I-C45P2С-MACS-I-CSPС2 | MACS/MACS-I-C50P2K | MACS/MACS-I-C50P4K | MACS/MACS-I-C51P2С-MACS-I-CSPС2 | MACS/MACS-I-C60P2K | MACS/MACS-I-C60P4K | MACS/MACS-I-C61P2-MACS-I-CSP2 | MACS/MACS-I-C75P2K | MACS/MACS-I-C80P4K | MACS/MACS-I-C81P2-MACS-I-CSP2 | MACS/MACS-I-C90P4K | MACS/MACS-I-C95P2K,Hisense/images-rebuild/2026-09-29/packets/08_MACS_C_CURATED/Hisense_images_rebuilt/MACS/MACS-I-C141P2-MACS-I-CSP2/01.jpg | Hisense/images-rebuild/2026-09-29/packets/08_MACS_C_CURATED/Hisense_images_rebuilt/MACS/MACS-I-C35P2K/02.jpg | Hisense/images-rebuild/2026-09-29/packets/08_MACS_C_CURATED/Hisense_images_rebuilt/MACS/MACS-I-C30P4K/02.jpg | Hisense/images-rebuild/2026-09-29/packets/08_MACS_C_CURATED/Hisense_images_rebuilt/MACS/MACS-I-C81P2-MACS-I-CSP2/01.jpg | Hisense/images-rebuild/2026-09-29/packets/08_MACS_C_CURATED/Hisense_images_rebuilt/MACS/MACS-I-C110P4K/02.jpg | Hisense/images-rebuild/2026-09-29/packets/08_MACS_C_CURATED/Hisense_images_rebuilt/MACS/MACS-I-C60P4K/02.jpg | Hisense/images-rebuild/2026-09-29/packets/08_MACS_C_CURATED/Hisense_images_rebuilt/MACS/MACS-I-C50P4K/02.jpg | Hisense/images-rebuild/2026-09-29/packets/08_MACS_C_CURATED/Hisense_images_rebuilt/MACS/MACS-I-C121P2-MACS-I-CSP2/01.jpg | Hisense/images-rebuild/2026-09-29/packets/08_MACS_C_CURATED/Hisense_images_rebuilt/MACS/MACS-I-C45P2С-MACS-I-CSPС2/01.jpg | Hisense/images-rebuild/2026-09-29/packets/08_MACS_C_CURATED/Hisense_images_rebuilt/MACS/MACS-I-C25P4K/02.jpg | Hisense/images-rebuild/2026-09-29/packets/08_MACS_C_CURATED/Hisense_images_rebuilt/MACS/MACS-I-C80P4K/02.jpg | Hisense/images-rebuild/2026-09-29/packets/08_MACS_C_CURATED/Hisense_images_rebuilt/MACS/MACS-I-C130P2K/02.jpg | Hisense/images-rebuild/2026-09-29/packets/08_MACS_C_CURATED/Hisense_images_rebuilt/MACS/MACS-I-C40P4K/02.jpg | Hisense/images-rebuild/2026-09-29/packets/08_MACS_C_CURATED/Hisense_images_rebuilt/MACS/MACS-I-C75P2K/02.jpg | Hisense/images-rebuild/2026-09-29/packets/08_MACS_C_CURATED/Hisense_images_rebuilt/MACS/MACS-I-C50P2K/02.jpg | Hisense/images-rebuild/2026-09-29/packets/08_MACS_C_CURATED/Hisense_images_rebuilt/MACS/MACS-I-C28P2K/02.jpg | Hisense/images-rebuild/2026-09-29/packets/08_MACS_C_CURATED/Hisense_images_rebuilt/MACS/MACS-I-C35P2C-MACS-I-CSPС2/01.jpg | Hisense/images-rebuild/2026-09-29/packets/08_MACS_C_CURATED/Hisense_images_rebuilt/MACS/MACS-I-C95P2K/02.jpg | Hisense/images-rebuild/2026-09-29/packets/08_MACS_C_CURATED/Hisense_images_rebuilt/MACS/MACS-I-C90P4K/02.jpg | Hisense/images-rebuild/2026-09-29/packets/08_MACS_C_CURATED/Hisense_images_rebuilt/MACS/MACS-I-C101P2-MACS-I-CSP2/01.jpg | Hisense/images-rebuild/2026-09-29/packets/08_MACS_C_CURATED/Hisense_images_rebuilt/MACS/MACS-I-C115P2K/02.jpg | Hisense/images-rebuild/2026-09-29/packets/08_MACS_C_CURATED/Hisense_images_rebuilt/MACS/MACS-I-C61P2-MACS-I-CSP2/01.jpg | Hisense/images-rebuild/2026-09-29/packets/08_MACS_C_CURATED/Hisense_images_rebuilt/MACS/MACS-I-C20P2K/02.jpg | Hisense/images-rebuild/2026-09-29/packets/08_MACS_C_CURATED/Hisense_images_rebuilt/MACS/MACS-I-C60P2K/02.jpg | Hisense/images-rebuild/2026-09-29/packets/08_MACS_C_CURATED/Hisense_images_rebuilt/MACS/MACS-I-C51P2С-MACS-I-CSPС2/01.jpg
10,10,5,MACS/MACS-I-C20P21K | MACS/MACS-I-C25P21K | MACS/MACS-I-C35P21K | MACS/MACS-I-C45P21K | MACS/MACS-I-C55P21K,Hisense/images-rebuild/2026-09-29/packets/08_MACS_C_CURATED/Hisense_images_rebuilt/MACS/MACS-I-C45P21K/02.jpg | Hisense/images-rebuild/2026-09-29/packets/08_MACS_C_CURATED/Hisense_images_rebuilt/MACS/MACS-I-C45P21K/01.jpg | Hisense/images-rebuild/2026-09-29/packets/08_MACS_C_CURATED/Hisense_images_rebuilt/MACS/MACS-I-C55P21K/02.jpg | Hisense/images-rebuild/2026-09-29/packets/08_MACS_C_CURATED/Hisense_images_rebuilt/MACS/MACS-I-C55P21K/01.jpg | Hisense/images-rebuild/2026-09-29/packets/08_MACS_C_CURATED/Hisense_images_rebuilt/MACS/MACS-I-C35P21K/02.jpg | Hisense/images-rebuild/2026-09-29/packets/08_MACS_C_CURATED/Hisense_images_rebuilt/MACS/MACS-I-C35P21K/01.jpg | Hisense/images-rebuild/2026-09-29/packets/08_MACS_C_CURATED/Hisense_images_rebuilt/MACS/MACS-I-C25P21K/02.jpg | Hisense/images-rebuild/2026-09-29/packets/08_MACS_C_CURATED/Hisense_images_rebuilt/MACS/MACS-I-C25P21K/01.jpg | Hisense/images-rebuild/2026-09-29/packets/08_MACS_C_CURATED/Hisense_images_rebuilt/MACS/MACS-I-C20P21K/02.jpg | Hisense/images-rebuild/2026-09-29/packets/08_MACS_C_CURATED/Hisense_images_rebuilt/MACS/MACS-I-C20P21K/01.jpg
11,14,7,AVC-HJDBA/AVC-05HJDBA | AVC-HJDBA/AVC-07HJDBA | AVC-HJDBA/AVC-09HJDBA | AVC-HJDBA/AVC-12HJDBA | AVC-HJDBA/AVC-15HJDBA | AVC-HJDBA/AVC-17HJDBA | AVC-HJDBA/AVC-19HJDBA,Hisense/images-rebuild/2026-09-29/packets/01_AVC_AVY/curated/Hisense_packet_01_AVC_AVY/AVC-HJDBA/AVC-09HJDBA/03.jpg | Hisense/images-rebuild/2026-09-29/packets/01_AVC_AVY/curated/Hisense_packet_01_AVC_AVY/AVC-HJDBA/AVC-09HJDBA/05.jpg | Hisense/images-rebuild/2026-09-29/packets/01_AVC_AVY/curated/Hisense_packet_01_AVC_AVY/AVC-HJDBA/AVC-19HJDBA/03.jpg | Hisense/images-rebuild/2026-09-29/packets/01_AVC_AVY/curated/Hisense_packet_01_AVC_AVY/AVC-HJDBA/AVC-19HJDBA/05.jpg | Hisense/images-rebuild/2026-09-29/packets/01_AVC_AVY/curated/Hisense_packet_01_AVC_AVY/AVC-HJDBA/AVC-12HJDBA/03.jpg | Hisense/images-rebuild/2026-09-29/packets/01_AVC_AVY/curated/Hisense_packet_01_AVC_AVY/AVC-HJDBA/AVC-12HJDBA/05.jpg | Hisense/images-rebuild/2026-09-29/packets/01_AVC_AVY/curated/Hisense_packet_01_AVC_AVY/AVC-HJDBA/AVC-05HJDBA/03.jpg | Hisense/images-rebuild/2026-09-29/packets/01_AVC_AVY/curated/Hisense_packet_01_AVC_AVY/AVC-HJDBA/AVC-05HJDBA/05.jpg | Hisense/images-rebuild/2026-09-29/packets/01_AVC_AVY/curated/Hisense_packet_01_AVC_AVY/AVC-HJDBA/AVC-17HJDBA/03.jpg | Hisense/images-rebuild/2026-09-29/packets/01_AVC_AVY/curated/Hisense_packet_01_AVC_AVY/AVC-HJDBA/AVC-17HJDBA/05.jpg | Hisense/images-rebuild/2026-09-29/packets/01_AVC_AVY/curated/Hisense_packet_01_AVC_AVY/AVC-HJDBA/AVC-15HJDBA/03.jpg | Hisense/images-rebuild/2026-09-29/packets/01_AVC_AVY/curated/Hisense_packet_01_AVC_AVY/AVC-HJDBA/AVC-15HJDBA/05.jpg | Hisense/images-rebuild/2026-09-29/packets/01_AVC_AVY/curated/Hisense_packet_01_AVC_AVY/AVC-HJDBA/AVC-07HJDBA/03.jpg | Hisense/images-rebuild/2026-09-29/packets/01_AVC_AVY/curated/Hisense_packet_01_AVC_AVY/AVC-HJDBA/AVC-07HJDBA/05.jpg
12,7,7,S5/AVWT-114HKF5 | S5/AVWT-136HKF5 | S5/AVWT-154HKF5 | S5/AVWT-170HKF5 | S5/AVWT-190HKF5 | S5/AVWT-76HKF5 | S5/AVWT-96HKF5,Hisense/images-rebuild/2026-09-29/packets/06_S5/Hisense_images_rebuilt/S5/AVWT-136HKF5/09.jpg | Hisense/images-rebuild/2026-09-29/packets/06_S5/Hisense_images_rebuilt/S5/AVWT-154HKF5/09.jpg | Hisense/images-rebuild/2026-09-29/packets/06_S5/Hisense_images_rebuilt/S5/AVWT-190HKF5/09.jpg | Hisense/images-rebuild/2026-09-29/packets/06_S5/Hisense_images_rebuilt/S5/AVWT-114HKF5/09.jpg | Hisense/images-rebuild/2026-09-29/packets/06_S5/Hisense_images_rebuilt/S5/AVWT-170HKF5/09.jpg | Hisense/images-rebuild/2026-09-29/packets/06_S5/Hisense_images_rebuilt/S5/AVWT-76HKF5/10.jpg | Hisense/images-rebuild/2026-09-29/packets/06_S5/Hisense_images_rebuilt/S5/AVWT-96HKF5/09.jpg
13,16,16,A/AVW-27HJFAE1 | A/AVW-34HJFAE1 | A/AVW-42HJFAE1 | A/AVW-48HJFAE1 | A/AVW-54HJFAE1 | A/AVW-63HJFAE1 | A/AVW-68HJFAE1 | A/AVW-76HJFAE1 | H5/AVW-114HKDHE2 | H5/AVW-136HKDHE2 | H5/AVW-154HKDHE2 | H5/AVW-41HJDH2H1 | H5/AVW-48HJDH2H1 | H5/AVW-54HJDH2H1 | H5/AVW-76HKDHE2 | H5/AVW-96HKDHE2,Hisense/images-rebuild/2026-09-29/packets/07_H5_A_W/Hisense_images_rebuilt/H5/AVW-154HKDHE2/09.jpg | Hisense/images-rebuild/2026-09-29/packets/07_H5_A_W/Hisense_images_rebuilt/H5/AVW-114HKDHE2/09.jpg | Hisense/images-rebuild/2026-09-29/packets/07_H5_A_W/Hisense_images_rebuilt/H5/AVW-136HKDHE2/09.jpg | Hisense/images-rebuild/2026-09-29/packets/07_H5_A_W/Hisense_images_rebuilt/H5/AVW-54HJDH2H1/10.jpg | Hisense/images-rebuild/2026-09-29/packets/07_H5_A_W/Hisense_images_rebuilt/H5/AVW-76HKDHE2/09.jpg | Hisense/images-rebuild/2026-09-29/packets/07_H5_A_W/Hisense_images_rebuilt/H5/AVW-96HKDHE2/09.jpg | Hisense/images-rebuild/2026-09-29/packets/07_H5_A_W/Hisense_images_rebuilt/H5/AVW-41HJDH2H1/10.jpg | Hisense/images-rebuild/2026-09-29/packets/07_H5_A_W/Hisense_images_rebuilt/H5/AVW-48HJDH2H1/10.jpg | Hisense/images-rebuild/2026-09-29/packets/07_H5_A_W/Hisense_images_rebuilt/A/AVW-76HJFAE1/07.jpg | Hisense/images-rebuild/2026-09-29/packets/07_H5_A_W/Hisense_images_rebuilt/A/AVW-48HJFAE1/07.jpg | Hisense/images-rebuild/2026-09-29/packets/07_H5_A_W/Hisense_images_rebuilt/A/AVW-34HJFAE1/07.jpg | Hisense/images-rebuild/2026-09-29/packets/07_H5_A_W/Hisense_images_rebuilt/A/AVW-63HJFAE1/07.jpg | Hisense/images-rebuild/2026-09-29/packets/07_H5_A_W/Hisense_images_rebuilt/A/AVW-27HJFAE1/07.jpg | Hisense/images-rebuild/2026-09-29/packets/07_H5_A_W/Hisense_images_rebuilt/A/AVW-68HJFAE1/07.jpg | Hisense/images-rebuild/2026-09-29/packets/07_H5_A_W/Hisense_images_rebuilt/A/AVW-54HJFAE1/07.jpg | Hisense/images-rebuild/2026-09-29/packets/07_H5_A_W/Hisense_images_rebuilt/A/AVW-42HJFAE1/07.jpg
14,8,8,H5/AVW-114HKDHE2 | H5/AVW-136HKDHE2 | H5/AVW-154HKDHE2 | H5/AVW-41HJDH2H1 | H5/AVW-48HJDH2H1 | H5/AVW-54HJDH2H1 | H5/AVW-76HKDHE2 | H5/AVW-96HKDHE2,Hisense/images-rebuild/2026-09-29/packets/07_H5_A_W/Hisense_images_rebuilt/H5/AVW-154HKDHE2/12.jpg | Hisense/images-rebuild/2026-09-29/packets/07_H5_A_W/Hisense_images_rebuilt/H5/AVW-114HKDHE2/12.jpg | Hisense/images-rebuild/2026-09-29/packets/07_H5_A_W/Hisense_images_rebuilt/H5/AVW-136HKDHE2/12.jpg | Hisense/images-rebuild/2026-09-29/packets/07_H5_A_W/Hisense_images_rebuilt/H5/AVW-54HJDH2H1/12.jpg | Hisense/images-rebuild/2026-09-29/packets/07_H5_A_W/Hisense_images_rebuilt/H5/AVW-76HKDHE2/12.jpg | Hisense/images-rebuild/2026-09-29/packets/07_H5_A_W/Hisense_images_rebuilt/H5/AVW-96HKDHE2/12.jpg | Hisense/images-rebuild/2026-09-29/packets/07_H5_A_W/Hisense_images_rebuilt/H5/AVW-41HJDH2H1/12.jpg | Hisense/images-rebuild/2026-09-29/packets/07_H5_A_W/Hisense_images_rebuilt/H5/AVW-48HJDH2H1/12.jpg
15,11,11,A/AVW-27HJFAE1 | A/AVW-34HJFAE1 | A/AVW-42HJFAE1 | A/AVW-48HJFAE1 | A/AVW-54HJFAE1 | A/AVW-63HJFAE1 | A/AVW-68HJFAE1 | A/AVW-76HJFAE1 | H5/AVW-41HJDH2H1 | H5/AVW-48HJDH2H1 | H5/AVW-54HJDH2H1,Hisense/images-rebuild/2026-09-29/packets/07_H5_A_W/Hisense_images_rebuilt/H5/AVW-54HJDH2H1/07.jpg | Hisense/images-rebuild/2026-09-29/packets/07_H5_A_W/Hisense_images_rebuilt/H5/AVW-41HJDH2H1/07.jpg | Hisense/images-rebuild/2026-09-29/packets/07_H5_A_W/Hisense_images_rebuilt/H5/AVW-48HJDH2H1/07.jpg | Hisense/images-rebuild/2026-09-29/packets/07_H5_A_W/Hisense_images_rebuilt/A/AVW-76HJFAE1/06.jpg | Hisense/images-rebuild/2026-09-29/packets/07_H5_A_W/Hisense_images_rebuilt/A/AVW-48HJFAE1/04.jpg | Hisense/images-rebuild/2026-09-29/packets/07_H5_A_W/Hisense_images_rebuilt/A/AVW-34HJFAE1/04.jpg | Hisense/images-rebuild/2026-09-29/packets/07_H5_A_W/Hisense_images_rebuilt/A/AVW-63HJFAE1/06.jpg | Hisense/images-rebuild/2026-09-29/packets/07_H5_A_W/Hisense_images_rebuilt/A/AVW-27HJFAE1/04.jpg | Hisense/images-rebuild/2026-09-29/packets/07_H5_A_W/Hisense_images_rebuilt/A/AVW-68HJFAE1/06.jpg | Hisense/images-rebuild/2026-09-29/packets/07_H5_A_W/Hisense_images_rebuilt/A/AVW-54HJFAE1/04.jpg | Hisense/images-rebuild/2026-09-29/packets/07_H5_A_W/Hisense_images_rebuilt/A/AVW-42HJFAE1/04.jpg
16,8,8,A/AVW-27HJFAE1 | A/AVW-34HJFAE1 | A/AVW-42HJFAE1 | A/AVW-48HJFAE1 | A/AVW-54HJFAE1 | A/AVW-63HJFAE1 | A/AVW-68HJFAE1 | A/AVW-76HJFAE1,Hisense/images-rebuild/2026-09-29/packets/07_H5_A_W/Hisense_images_rebuilt/A/AVW-76HJFAE1/11.jpg | Hisense/images-rebuild/2026-09-29/packets/07_H5_A_W/Hisense_images_rebuilt/A/AVW-48HJFAE1/09.jpg | Hisense/images-rebuild/2026-09-29/packets/07_H5_A_W/Hisense_images_rebuilt/A/AVW-34HJFAE1/09.jpg | Hisense/images-rebuild/2026-09-29/packets/07_H5_A_W/Hisense_images_rebuilt/A/AVW-63HJFAE1/11.jpg | Hisense/images-rebuild/2026-09-29/packets/07_H5_A_W/Hisense_images_rebuilt/A/AVW-27HJFAE1/09.jpg | Hisense/images-rebuild/2026-09-29/packets/07_H5_A_W/Hisense_images_rebuilt/A/AVW-68HJFAE1/11.jpg | Hisense/images-rebuild/2026-09-29/packets/07_H5_A_W/Hisense_images_rebuilt/A/AVW-54HJFAE1/09.jpg | Hisense/images-rebuild/2026-09-29/packets/07_H5_A_W/Hisense_images_rebuilt/A/AVW-42HJFAE1/09.jpg
