packet,model,series,folder,final_files,reasons,warnings,quality
01,AVC-05HJDBA,AVC-HJDBA,AVC-HJDBA/AVC-05HJDBA,10,warning: German Kaut lists HPE-DNK1 separately; Russian target catalog treats panel as included,German Kaut lists HPE-DNK1 separately; Russian target catalog treats panel as included,OK
01,AVC-07HJDBA,AVC-HJDBA,AVC-HJDBA/AVC-07HJDBA,10,warning: German Kaut lists HPE-DNK1 separately; Russian target catalog treats panel as included,German Kaut lists HPE-DNK1 separately; Russian target catalog treats panel as included,OK
01,AVC-09HJDBA,AVC-HJDBA,AVC-HJDBA/AVC-09HJDBA,10,warning: German Kaut lists HPE-DNK1 separately; Russian target catalog treats panel as included,German Kaut lists HPE-DNK1 separately; Russian target catalog treats panel as included,OK
01,AVC-12HJDBA,AVC-HJDBA,AVC-HJDBA/AVC-12HJDBA,10,warning: German Kaut lists HPE-DNK1 separately; Russian target catalog treats panel as included,German Kaut lists HPE-DNK1 separately; Russian target catalog treats panel as included,OK
01,AVC-15HJDBA,AVC-HJDBA,AVC-HJDBA/AVC-15HJDBA,10,warning: German Kaut lists HPE-DNK1 separately; Russian target catalog treats panel as included,German Kaut lists HPE-DNK1 separately; Russian target catalog treats panel as included,OK
01,AVC-17HJDBA,AVC-HJDBA,AVC-HJDBA/AVC-17HJDBA,10,warning: German Kaut lists HPE-DNK1 separately; Russian target catalog treats panel as included,German Kaut lists HPE-DNK1 separately; Russian target catalog treats panel as included,OK
01,AVC-19HJDBA,AVC-HJDBA,AVC-HJDBA/AVC-19HJDBA,10,warning: German Kaut lists HPE-DNK1 separately; Russian target catalog treats panel as included,German Kaut lists HPE-DNK1 separately; Russian target catalog treats panel as included,OK
01,AVY-05HJDA,AVY-HJDA,AVY-HJDA/AVY-05HJDA,4,warning: Only one clean exact-product-page indoor render found; dealer reuses the same family render across both chassis sizes; separate panel-only render not found. Panel model/size is specification-confirmed. | quality: OK; limited gallery,Only one clean exact-product-page indoor render found; dealer reuses the same family render across both chassis sizes; separate panel-only render not found. Panel model/size is specification-confirmed.,OK; limited gallery
01,AVY-07HJDA,AVY-HJDA,AVY-HJDA/AVY-07HJDA,4,warning: Only one clean exact-product-page indoor render found; dealer reuses the same family render across both chassis sizes; separate panel-only render not found. Panel model/size is specification-confirmed. | quality: OK; limited gallery,Only one clean exact-product-page indoor render found; dealer reuses the same family render across both chassis sizes; separate panel-only render not found. Panel model/size is specification-confirmed.,OK; limited gallery
01,AVY-09HJDA,AVY-HJDA,AVY-HJDA/AVY-09HJDA,4,warning: Only one clean exact-product-page indoor render found; dealer reuses the same family render across both chassis sizes; separate panel-only render not found. Panel model/size is specification-confirmed. | quality: OK; limited gallery,Only one clean exact-product-page indoor render found; dealer reuses the same family render across both chassis sizes; separate panel-only render not found. Panel model/size is specification-confirmed.,OK; limited gallery
01,AVY-12HJDA,AVY-HJDA,AVY-HJDA/AVY-12HJDA,4,warning: Only one clean exact-product-page indoor render found; dealer reuses the same family render across both chassis sizes; separate panel-only render not found. Panel model/size is specification-confirmed. | quality: OK; limited gallery,Only one clean exact-product-page indoor render found; dealer reuses the same family render across both chassis sizes; separate panel-only render not found. Panel model/size is specification-confirmed.,OK; limited gallery
01,AVY-15HJDA,AVY-HJDA,AVY-HJDA/AVY-15HJDA,4,warning: Only one clean exact-product-page indoor render found; dealer reuses the same family render across both chassis sizes; separate panel-only render not found. Panel model/size is specification-confirmed. | quality: OK; limited gallery,Only one clean exact-product-page indoor render found; dealer reuses the same family render across both chassis sizes; separate panel-only render not found. Panel model/size is specification-confirmed.,OK; limited gallery
01,AVY-19HJDA,AVY-HJDA,AVY-HJDA/AVY-19HJDA,4,warning: Only one clean exact-product-page indoor render found; dealer reuses the same family render across both chassis sizes; separate panel-only render not found. Panel model/size is specification-confirmed. | quality: OK; limited gallery,Only one clean exact-product-page indoor render found; dealer reuses the same family render across both chassis sizes; separate panel-only render not found. Panel model/size is specification-confirmed.,OK; limited gallery
01,AVY-24HJDA,AVY-HJDA,AVY-HJDA/AVY-24HJDA,4,warning: Only one clean exact-product-page indoor render found; dealer reuses the same family render across both chassis sizes; separate panel-only render not found. Panel model/size is specification-confirmed. | quality: OK; limited gallery,Only one clean exact-product-page indoor render found; dealer reuses the same family render across both chassis sizes; separate panel-only render not found. Panel model/size is specification-confirmed.,OK; limited gallery
02,AVBC-19HJFKA,AVBC-HJFKA,AVBC-HJFKA/AVBC-19HJFKA,7,warning: 14 low-resolution images rejected; confirmed panel image not found | quality: OK; low-res alternatives rejected,14 low-resolution images rejected; confirmed panel image not found,OK; low-res alternatives rejected
02,AVBC-24HJFKA,AVBC-HJFKA,AVBC-HJFKA/AVBC-24HJFKA,7,warning: 17 low-resolution images rejected; confirmed panel image not found | quality: OK; low-res alternatives rejected,17 low-resolution images rejected; confirmed panel image not found,OK; low-res alternatives rejected
02,AVBC-30HJFKA,AVBC-HJFKA,AVBC-HJFKA/AVBC-30HJFKA,7,warning: 12 low-resolution images rejected; confirmed panel image not found | quality: OK; low-res alternatives rejected,12 low-resolution images rejected; confirmed panel image not found,OK; low-res alternatives rejected
02,AVBC-38HJFKA,AVBC-HJFKA,AVBC-HJFKA/AVBC-38HJFKA,7,warning: 43 low-resolution images rejected; confirmed panel image not found | quality: OK; low-res alternatives rejected,43 low-resolution images rejected; confirmed panel image not found,OK; low-res alternatives rejected
02,AVBC-48HJFKA,AVBC-HJFKA,AVBC-HJFKA/AVBC-48HJFKA,7,warning: 43 low-resolution images rejected; confirmed panel image not found | quality: OK; low-res alternatives rejected,43 low-resolution images rejected; confirmed panel image not found,OK; low-res alternatives rejected
02,AVBC-54HJFKA,AVBC-HJFKA,AVBC-HJFKA/AVBC-54HJFKA,7,warning: 40 low-resolution images rejected; confirmed panel image not found | quality: OK; low-res alternatives rejected,40 low-resolution images rejected; confirmed panel image not found,OK; low-res alternatives rejected
02,AVBC-09HJDBA,AVBC-HJDBA,AVBC-HJDBA/AVBC-09HJDBA,20,warning: 53 low-resolution images rejected; confirmed remote image not found; confirmed panel image not found | quality: OK; low-res alternatives rejected,53 low-resolution images rejected; confirmed remote image not found; confirmed panel image not found,OK; low-res alternatives rejected
02,AVBC-12HJDBA,AVBC-HJDBA,AVBC-HJDBA/AVBC-12HJDBA,7,warning: 20 low-resolution images rejected; confirmed remote image not found; confirmed panel image not found | quality: OK; low-res alternatives rejected,20 low-resolution images rejected; confirmed remote image not found; confirmed panel image not found,OK; low-res alternatives rejected
02,AVBC-15HJDBA,AVBC-HJDBA,AVBC-HJDBA/AVBC-15HJDBA,20,warning: 39 low-resolution images rejected; confirmed remote image not found; confirmed panel image not found | quality: OK; low-res alternatives rejected,39 low-resolution images rejected; confirmed remote image not found; confirmed panel image not found,OK; low-res alternatives rejected
02,AVBC-19HJDBA,AVBC-HJDBA,AVBC-HJDBA/AVBC-19HJDBA,20,warning: 48 low-resolution images rejected; confirmed remote image not found; confirmed panel image not found | quality: OK; low-res alternatives rejected,48 low-resolution images rejected; confirmed remote image not found; confirmed panel image not found,OK; low-res alternatives rejected
02,AVBC-22HJDBA,AVBC-HJDBA,AVBC-HJDBA/AVBC-22HJDBA,7,warning: 26 low-resolution images rejected; confirmed remote image not found; confirmed panel image not found | quality: OK; low-res alternatives rejected,26 low-resolution images rejected; confirmed remote image not found; confirmed panel image not found,OK; low-res alternatives rejected
02,AVBC-24HJDBA,AVBC-HJDBA,AVBC-HJDBA/AVBC-24HJDBA,20,warning: 34 low-resolution images rejected; confirmed remote image not found; confirmed panel image not found | quality: OK; low-res alternatives rejected,34 low-resolution images rejected; confirmed remote image not found; confirmed panel image not found,OK; low-res alternatives rejected
02,AVBC-27HJDBA,AVBC-HJDBA,AVBC-HJDBA/AVBC-27HJDBA,7,warning: 26 low-resolution images rejected; confirmed remote image not found; confirmed panel image not found | quality: OK; low-res alternatives rejected,26 low-resolution images rejected; confirmed remote image not found; confirmed panel image not found,OK; low-res alternatives rejected
02,AVBC-30HJDBA,AVBC-HJDBA,AVBC-HJDBA/AVBC-30HJDBA,20,warning: 34 low-resolution images rejected; confirmed remote image not found; confirmed panel image not found | quality: OK; low-res alternatives rejected,34 low-resolution images rejected; confirmed remote image not found; confirmed panel image not found,OK; low-res alternatives rejected
02,AVBC-38HJDBA,AVBC-HJDBA,AVBC-HJDBA/AVBC-38HJDBA,20,warning: 36 low-resolution images rejected; confirmed remote image not found; confirmed panel image not found | quality: OK; low-res alternatives rejected,36 low-resolution images rejected; confirmed remote image not found; confirmed panel image not found,OK; low-res alternatives rejected
02,AVBC-48HJDBA,AVBC-HJDBA,AVBC-HJDBA/AVBC-48HJDBA,20,warning: 34 low-resolution images rejected; confirmed remote image not found; confirmed panel image not found | quality: OK; low-res alternatives rejected,34 low-resolution images rejected; confirmed remote image not found; confirmed panel image not found,OK; low-res alternatives rejected
02,AVBC-54HJDBA,AVBC-HJDBA,AVBC-HJDBA/AVBC-54HJDBA,7,warning: 26 low-resolution images rejected; confirmed remote image not found; confirmed panel image not found | quality: OK; low-res alternatives rejected,26 low-resolution images rejected; confirmed remote image not found; confirmed panel image not found,OK; low-res alternatives rejected
03,AVF-36H2FDA,AVF-H2FDA,AVF-H2FDA/AVF-36H2FDA,5,warning: confirmed remote image not found,confirmed remote image not found,OK
03,AVF-48H2FDA,AVF-H2FDA,AVF-H2FDA/AVF-48H2FDA,5,warning: confirmed remote image not found,confirmed remote image not found,OK
03,AVF-56H2FDA,AVF-H2FDA,AVF-H2FDA/AVF-56H2FDA,5,warning: confirmed remote image not found,confirmed remote image not found,OK
03,AVF-96H2FDA,AVF-H2FDA,AVF-H2FDA/AVF-96H2FDA,5,warning: confirmed remote image not found,confirmed remote image not found,OK
03,AVS-05HJDTD,AVS-HJDTD,AVS-HJDTD/AVS-05HJDTD,19,warning: 38 low-resolution images rejected; confirmed remote image not found | quality: OK; low-res alternatives rejected,38 low-resolution images rejected; confirmed remote image not found,OK; low-res alternatives rejected
03,AVS-07HJDTD,AVS-HJDTD,AVS-HJDTD/AVS-07HJDTD,19,warning: 36 low-resolution images rejected; confirmed remote image not found | quality: OK; low-res alternatives rejected,36 low-resolution images rejected; confirmed remote image not found,OK; low-res alternatives rejected
03,AVS-09HJDTD,AVS-HJDTD,AVS-HJDTD/AVS-09HJDTD,19,warning: 36 low-resolution images rejected; confirmed remote image not found | quality: OK; low-res alternatives rejected,36 low-resolution images rejected; confirmed remote image not found,OK; low-res alternatives rejected
03,AVS-12HJDTD,AVS-HJDTD,AVS-HJDTD/AVS-12HJDTD,19,warning: 36 low-resolution images rejected; confirmed remote image not found | quality: OK; low-res alternatives rejected,36 low-resolution images rejected; confirmed remote image not found,OK; low-res alternatives rejected
03,AVS-15HJDTD,AVS-HJDTD,AVS-HJDTD/AVS-15HJDTD,19,warning: 36 low-resolution images rejected; confirmed remote image not found | quality: OK; low-res alternatives rejected,36 low-resolution images rejected; confirmed remote image not found,OK; low-res alternatives rejected
03,AVS-19HJDTD,AVS-HJDTD,AVS-HJDTD/AVS-19HJDTD,19,warning: 36 low-resolution images rejected; confirmed remote image not found | quality: OK; low-res alternatives rejected,36 low-resolution images rejected; confirmed remote image not found,OK; low-res alternatives rejected
03,AVS-24HJDTD,AVS-HJDTD,AVS-HJDTD/AVS-24HJDTD,19,warning: 41 low-resolution images rejected; confirmed remote image not found | quality: OK; low-res alternatives rejected,41 low-resolution images rejected; confirmed remote image not found,OK; low-res alternatives rejected
03,AVS-28HJDTD,AVS-HJDTD,AVS-HJDTD/AVS-28HJDTD,6,warning: 18 low-resolution images rejected; confirmed remote image not found | quality: OK; low-res alternatives rejected,18 low-resolution images rejected; confirmed remote image not found,OK; low-res alternatives rejected
04,AVD-24HJDH,AVD-HJDH,AVD-HJDH/AVD-24HJDH,6,warning: 37 low-resolution images rejected; confirmed remote image not found; multiple controller variants listed in Excel; both searched | quality: OK; low-res alternatives rejected,37 low-resolution images rejected; confirmed remote image not found; multiple controller variants listed in Excel; both searched,OK; low-res alternatives rejected
04,AVD-09HJDH,AVD-HJDH,AVD-HJDH/AVD-09HJDH,6,warning: 33 low-resolution images rejected; confirmed remote image not found; multiple controller variants listed in Excel; both searched | quality: OK; low-res alternatives rejected,33 low-resolution images rejected; confirmed remote image not found; multiple controller variants listed in Excel; both searched,OK; low-res alternatives rejected
04,AVD-12HJDH,AVD-HJDH,AVD-HJDH/AVD-12HJDH,6,warning: 37 low-resolution images rejected; confirmed remote image not found; multiple controller variants listed in Excel; both searched | quality: OK; low-res alternatives rejected,37 low-resolution images rejected; confirmed remote image not found; multiple controller variants listed in Excel; both searched,OK; low-res alternatives rejected
04,AVD-15HJDH,AVD-HJDH,AVD-HJDH/AVD-15HJDH,6,warning: 25 low-resolution images rejected; confirmed remote image not found; multiple controller variants listed in Excel; both searched | quality: OK; low-res alternatives rejected,25 low-resolution images rejected; confirmed remote image not found; multiple controller variants listed in Excel; both searched,OK; low-res alternatives rejected
04,AVD-19HJDH,AVD-HJDH,AVD-HJDH/AVD-19HJDH,6,warning: 31 low-resolution images rejected; confirmed remote image not found; multiple controller variants listed in Excel; both searched | quality: OK; low-res alternatives rejected,31 low-resolution images rejected; confirmed remote image not found; multiple controller variants listed in Excel; both searched,OK; low-res alternatives rejected
04,AVD-24HJDH1,AVD-HJDH,AVD-HJDH/AVD-24HJDH1,6,warning: 37 low-resolution images rejected; confirmed remote image not found; multiple controller variants listed in Excel; both searched | quality: OK; low-res alternatives rejected,37 low-resolution images rejected; confirmed remote image not found; multiple controller variants listed in Excel; both searched,OK; low-res alternatives rejected
04,AVD-30HJDH,AVD-HJDH,AVD-HJDH/AVD-30HJDH,6,warning: 28 low-resolution images rejected; confirmed remote image not found; multiple controller variants listed in Excel; both searched | quality: OK; low-res alternatives rejected,28 low-resolution images rejected; confirmed remote image not found; multiple controller variants listed in Excel; both searched,OK; low-res alternatives rejected
04,AVD-38HJDH,AVD-HJDH,AVD-HJDH/AVD-38HJDH,6,warning: 28 low-resolution images rejected; confirmed remote image not found; multiple controller variants listed in Excel; both searched | quality: OK; low-res alternatives rejected,28 low-resolution images rejected; confirmed remote image not found; multiple controller variants listed in Excel; both searched,OK; low-res alternatives rejected
04,AVD-42HJDH,AVD-HJDH,AVD-HJDH/AVD-42HJDH,6,warning: 28 low-resolution images rejected; confirmed remote image not found; multiple controller variants listed in Excel; both searched | quality: OK; low-res alternatives rejected,28 low-resolution images rejected; confirmed remote image not found; multiple controller variants listed in Excel; both searched,OK; low-res alternatives rejected
04,AVD-48HJDH,AVD-HJDH,AVD-HJDH/AVD-48HJDH,6,warning: 25 low-resolution images rejected; confirmed remote image not found; multiple controller variants listed in Excel; both searched | quality: OK; low-res alternatives rejected,25 low-resolution images rejected; confirmed remote image not found; multiple controller variants listed in Excel; both searched,OK; low-res alternatives rejected
04,AVD-54HJDH,AVD-HJDH,AVD-HJDH/AVD-54HJDH,6,warning: 31 low-resolution images rejected; confirmed remote image not found; multiple controller variants listed in Excel; both searched | quality: OK; low-res alternatives rejected,31 low-resolution images rejected; confirmed remote image not found; multiple controller variants listed in Excel; both searched,OK; low-res alternatives rejected
04,AVD-76HJDH,AVD-HJDH,AVD-HJDH/AVD-76HJDH,6,warning: 31 low-resolution images rejected; confirmed remote image not found; multiple controller variants listed in Excel; both searched | quality: OK; low-res alternatives rejected,31 low-resolution images rejected; confirmed remote image not found; multiple controller variants listed in Excel; both searched,OK; low-res alternatives rejected
04,AVD-96HJDH,AVD-HJDH,AVD-HJDH/AVD-96HJDH,6,warning: 35 low-resolution images rejected; confirmed remote image not found; multiple controller variants listed in Excel; both searched | quality: OK; low-res alternatives rejected,35 low-resolution images rejected; confirmed remote image not found; multiple controller variants listed in Excel; both searched,OK; low-res alternatives rejected
05,AVD-07HJFH,AVD-HJFH,AVD-HJFH/AVD-07HJFH,7,warning: 90 low-resolution images rejected; confirmed remote image not found | quality: OK; low-res alternatives rejected,90 low-resolution images rejected; confirmed remote image not found,OK; low-res alternatives rejected
05,AVD-09HJFH,AVD-HJFH,AVD-HJFH/AVD-09HJFH,7,warning: 90 low-resolution images rejected; confirmed remote image not found | quality: OK; low-res alternatives rejected,90 low-resolution images rejected; confirmed remote image not found,OK; low-res alternatives rejected
05,AVD-12HJFH,AVD-HJFH,AVD-HJFH/AVD-12HJFH,7,warning: 90 low-resolution images rejected; confirmed remote image not found | quality: OK; low-res alternatives rejected,90 low-resolution images rejected; confirmed remote image not found,OK; low-res alternatives rejected
05,AVD-15HJFH,AVD-HJFH,AVD-HJFH/AVD-15HJFH,7,warning: 90 low-resolution images rejected; confirmed remote image not found | quality: OK; low-res alternatives rejected,90 low-resolution images rejected; confirmed remote image not found,OK; low-res alternatives rejected
05,AVD-19HJFH,AVD-HJFH,AVD-HJFH/AVD-19HJFH,7,warning: 90 low-resolution images rejected; confirmed remote image not found | quality: OK; low-res alternatives rejected,90 low-resolution images rejected; confirmed remote image not found,OK; low-res alternatives rejected
05,AVD-24HJFH1,AVD-HJFH,AVD-HJFH/AVD-24HJFH1,7,warning: 90 low-resolution images rejected; confirmed remote image not found | quality: OK; low-res alternatives rejected,90 low-resolution images rejected; confirmed remote image not found,OK; low-res alternatives rejected
05,AVD-30HJFH,AVD-HJFH,AVD-HJFH/AVD-30HJFH,7,warning: 90 low-resolution images rejected; confirmed remote image not found | quality: OK; low-res alternatives rejected,90 low-resolution images rejected; confirmed remote image not found,OK; low-res alternatives rejected
05,AVD-38HJFH,AVD-HJFH,AVD-HJFH/AVD-38HJFH,7,warning: 90 low-resolution images rejected; confirmed remote image not found | quality: OK; low-res alternatives rejected,90 low-resolution images rejected; confirmed remote image not found,OK; low-res alternatives rejected
05,AVD-48HJFH,AVD-HJFH,AVD-HJFH/AVD-48HJFH,7,warning: 90 low-resolution images rejected; confirmed remote image not found | quality: OK; low-res alternatives rejected,90 low-resolution images rejected; confirmed remote image not found,OK; low-res alternatives rejected
05,AVD-54HJFH,AVD-HJFH,AVD-HJFH/AVD-54HJFH,7,warning: 90 low-resolution images rejected; confirmed remote image not found | quality: OK; low-res alternatives rejected,90 low-resolution images rejected; confirmed remote image not found,OK; low-res alternatives rejected
05,AVD-76HJFH,AVD-HJFH,AVD-HJFH/AVD-76HJFH,7,warning: 90 low-resolution images rejected; confirmed remote image not found | quality: OK; low-res alternatives rejected,90 low-resolution images rejected; confirmed remote image not found,OK; low-res alternatives rejected
05,AVD-96HJFH,AVD-HJFH,AVD-HJFH/AVD-96HJFH,7,warning: 90 low-resolution images rejected; confirmed remote image not found | quality: OK; low-res alternatives rejected,90 low-resolution images rejected; confirmed remote image not found,OK; low-res alternatives rejected
05,AVE-05HJDDH,AVE-HJDDH,AVE-HJDDH/AVE-05HJDDH,12,warning: 39 low-resolution images rejected; confirmed remote image not found | quality: OK; low-res alternatives rejected,39 low-resolution images rejected; confirmed remote image not found,OK; low-res alternatives rejected
05,AVE-07HJDDH,AVE-HJDDH,AVE-HJDDH/AVE-07HJDDH,12,warning: 76 low-resolution images rejected; confirmed remote image not found | quality: OK; low-res alternatives rejected,76 low-resolution images rejected; confirmed remote image not found,OK; low-res alternatives rejected
05,AVE-09HJDDH,AVE-HJDDH,AVE-HJDDH/AVE-09HJDDH,12,warning: 76 low-resolution images rejected; confirmed remote image not found | quality: OK; low-res alternatives rejected,76 low-resolution images rejected; confirmed remote image not found,OK; low-res alternatives rejected
05,AVE-12HJDDH,AVE-HJDDH,AVE-HJDDH/AVE-12HJDDH,12,warning: 79 low-resolution images rejected; confirmed remote image not found | quality: OK; low-res alternatives rejected,79 low-resolution images rejected; confirmed remote image not found,OK; low-res alternatives rejected
05,AVE-15HJDDH,AVE-HJDDH,AVE-HJDDH/AVE-15HJDDH,12,warning: 68 low-resolution images rejected; confirmed remote image not found | quality: OK; low-res alternatives rejected,68 low-resolution images rejected; confirmed remote image not found,OK; low-res alternatives rejected
05,AVE-19HJDDH,AVE-HJDDH,AVE-HJDDH/AVE-19HJDDH,12,warning: 74 low-resolution images rejected; confirmed remote image not found | quality: OK; low-res alternatives rejected,74 low-resolution images rejected; confirmed remote image not found,OK; low-res alternatives rejected
05,AVE-24HJDDH,AVE-HJDDH,AVE-HJDDH/AVE-24HJDDH,12,warning: 79 low-resolution images rejected; confirmed remote image not found | quality: OK; low-res alternatives rejected,79 low-resolution images rejected; confirmed remote image not found,OK; low-res alternatives rejected
06,AVWT-76HKF5,S5,S5/AVWT-76HKF5,10,warning: 41 low-resolution images rejected | quality: OK; low-res alternatives rejected,41 low-resolution images rejected,OK; low-res alternatives rejected
06,AVWT-96HKF5,S5,S5/AVWT-96HKF5,10,warning: 22 low-resolution images rejected | quality: OK; low-res alternatives rejected,22 low-resolution images rejected,OK; low-res alternatives rejected
06,AVWT-114HKF5,S5,S5/AVWT-114HKF5,10,warning: 41 low-resolution images rejected | quality: OK; low-res alternatives rejected,41 low-resolution images rejected,OK; low-res alternatives rejected
06,AVWT-136HKF5,S5,S5/AVWT-136HKF5,10,warning: 37 low-resolution images rejected | quality: OK; low-res alternatives rejected,37 low-resolution images rejected,OK; low-res alternatives rejected
06,AVWT-154HKF5,S5,S5/AVWT-154HKF5,10,warning: 36 low-resolution images rejected | quality: OK; low-res alternatives rejected,36 low-resolution images rejected,OK; low-res alternatives rejected
06,AVWT-170HKF5,S5,S5/AVWT-170HKF5,10,warning: 44 low-resolution images rejected | quality: OK; low-res alternatives rejected,44 low-resolution images rejected,OK; low-res alternatives rejected
06,AVWT-190HKF5,S5,S5/AVWT-190HKF5,10,warning: 44 low-resolution images rejected | quality: OK; low-res alternatives rejected,44 low-resolution images rejected,OK; low-res alternatives rejected
06,AVWT-212HKF5,S5,S5/AVWT-212HKF5,10,warning: 49 low-resolution images rejected | quality: OK; low-res alternatives rejected,49 low-resolution images rejected,OK; low-res alternatives rejected
06,AVWT-232HKF5,S5,S5/AVWT-232HKF5,10,warning: 49 low-resolution images rejected | quality: OK; low-res alternatives rejected,49 low-resolution images rejected,OK; low-res alternatives rejected
06,AVWT-250HKF5,S5,S5/AVWT-250HKF5,10,warning: 49 low-resolution images rejected | quality: OK; low-res alternatives rejected,49 low-resolution images rejected,OK; low-res alternatives rejected
06,AVWT-272HKF5,S5,S5/AVWT-272HKF5,10,warning: 49 low-resolution images rejected | quality: OK; low-res alternatives rejected,49 low-resolution images rejected,OK; low-res alternatives rejected
06,AVWT-290HKF5,S5,S5/AVWT-290HKF5,10,warning: 49 low-resolution images rejected | quality: OK; low-res alternatives rejected,49 low-resolution images rejected,OK; low-res alternatives rejected
06,AVWT-307HKF5,S5,S5/AVWT-307HKF5,10,warning: 49 low-resolution images rejected | quality: OK; low-res alternatives rejected,49 low-resolution images rejected,OK; low-res alternatives rejected
06,AVWT-324HKF5,S5,S5/AVWT-324HKF5,10,warning: 49 low-resolution images rejected | quality: OK; low-res alternatives rejected,49 low-resolution images rejected,OK; low-res alternatives rejected
06,AVWT-343HKF5,S5,S5/AVWT-343HKF5,10,warning: 49 low-resolution images rejected | quality: OK; low-res alternatives rejected,49 low-resolution images rejected,OK; low-res alternatives rejected
06,AVWT-365HKF5,S5,S5/AVWT-365HKF5,10,warning: 49 low-resolution images rejected | quality: OK; low-res alternatives rejected,49 low-resolution images rejected,OK; low-res alternatives rejected
06,AVWT-386HKF5,S5,S5/AVWT-386HKF5,10,warning: 49 low-resolution images rejected | quality: OK; low-res alternatives rejected,49 low-resolution images rejected,OK; low-res alternatives rejected
06,AVWT-404HKF5,S5,S5/AVWT-404HKF5,10,warning: 49 low-resolution images rejected | quality: OK; low-res alternatives rejected,49 low-resolution images rejected,OK; low-res alternatives rejected
07,AVW-27HJFAE1,A,A/AVW-27HJFAE1,11,warning: 12 low-resolution images rejected | quality: OK; low-res alternatives rejected,12 low-resolution images rejected,OK; low-res alternatives rejected
07,AVW-34HJFAE1,A,A/AVW-34HJFAE1,11,warning: 26 low-resolution images rejected | quality: OK; low-res alternatives rejected,26 low-resolution images rejected,OK; low-res alternatives rejected
07,AVW-42HJFAE1,A,A/AVW-42HJFAE1,11,warning: 26 low-resolution images rejected | quality: OK; low-res alternatives rejected,26 low-resolution images rejected,OK; low-res alternatives rejected
07,AVW-48HJFAE1,A,A/AVW-48HJFAE1,11,warning: 14 low-resolution images rejected | quality: OK; low-res alternatives rejected,14 low-resolution images rejected,OK; low-res alternatives rejected
07,AVW-54HJFAE1,A,A/AVW-54HJFAE1,11,warning: 20 low-resolution images rejected | quality: OK; low-res alternatives rejected,20 low-resolution images rejected,OK; low-res alternatives rejected
07,AVW-63HJFAE1,A,A/AVW-63HJFAE1,11,warning: 19 low-resolution images rejected | quality: OK; low-res alternatives rejected,19 low-resolution images rejected,OK; low-res alternatives rejected
07,AVW-68HJFAE1,A,A/AVW-68HJFAE1,11,warning: 25 low-resolution images rejected | quality: OK; low-res alternatives rejected,25 low-resolution images rejected,OK; low-res alternatives rejected
07,AVW-76HJFAE1,A,A/AVW-76HJFAE1,11,warning: 25 low-resolution images rejected | quality: OK; low-res alternatives rejected,25 low-resolution images rejected,OK; low-res alternatives rejected
07,AVW-41HJDH2H1,H5,H5/AVW-41HJDH2H1,14,warning: 18 low-resolution images rejected | quality: OK; low-res alternatives rejected,18 low-resolution images rejected,OK; low-res alternatives rejected
07,AVW-48HJDH2H1,H5,H5/AVW-48HJDH2H1,14,warning: 18 low-resolution images rejected | quality: OK; low-res alternatives rejected,18 low-resolution images rejected,OK; low-res alternatives rejected
07,AVW-54HJDH2H1,H5,H5/AVW-54HJDH2H1,14,warning: 18 low-resolution images rejected | quality: OK; low-res alternatives rejected,18 low-resolution images rejected,OK; low-res alternatives rejected
07,AVW-76HKDHE2,H5,H5/AVW-76HKDHE2,14,warning: 24 low-resolution images rejected | quality: OK; low-res alternatives rejected,24 low-resolution images rejected,OK; low-res alternatives rejected
07,AVW-96HKDHE2,H5,H5/AVW-96HKDHE2,14,warning: 25 low-resolution images rejected | quality: OK; low-res alternatives rejected,25 low-resolution images rejected,OK; low-res alternatives rejected
07,AVW-114HKDHE2,H5,H5/AVW-114HKDHE2,14,warning: 44 low-resolution images rejected | quality: OK; low-res alternatives rejected,44 low-resolution images rejected,OK; low-res alternatives rejected
07,AVW-136HKDHE2,H5,H5/AVW-136HKDHE2,14,warning: 40 low-resolution images rejected | quality: OK; low-res alternatives rejected,40 low-resolution images rejected,OK; low-res alternatives rejected
07,AVW-154HKDHE2,H5,H5/AVW-154HKDHE2,14,warning: 39 low-resolution images rejected | quality: OK; low-res alternatives rejected,39 low-resolution images rejected,OK; low-res alternatives rejected
07,AVWW-76FKFW1,W HEAT RECOVERY,W HEAT RECOVERY/AVWW-76FKFW1,5,warning: 30 low-resolution images rejected | quality: OK; low-res alternatives rejected,30 low-resolution images rejected,OK; low-res alternatives rejected
07,AVWW-96FKFW1,W HEAT RECOVERY,W HEAT RECOVERY/AVWW-96FKFW1,5,warning: 23 low-resolution images rejected | quality: OK; low-res alternatives rejected,23 low-resolution images rejected,OK; low-res alternatives rejected
07,AVWW-114FKFW1,W HEAT RECOVERY,W HEAT RECOVERY/AVWW-114FKFW1,5,warning: 42 low-resolution images rejected | quality: OK; low-res alternatives rejected,42 low-resolution images rejected,OK; low-res alternatives rejected
07,AVWW-136FKFW1,W HEAT RECOVERY,W HEAT RECOVERY/AVWW-136FKFW1,5,warning: 38 low-resolution images rejected | quality: OK; low-res alternatives rejected,38 low-resolution images rejected,OK; low-res alternatives rejected
07,AVWW-154FKFW1,W HEAT RECOVERY,W HEAT RECOVERY/AVWW-154FKFW1,5,warning: 38 low-resolution images rejected | quality: OK; low-res alternatives rejected,38 low-resolution images rejected,OK; low-res alternatives rejected
07,AVWW-170FKFW1,W HEAT RECOVERY,W HEAT RECOVERY/AVWW-170FKFW1,5,warning: 46 low-resolution images rejected | quality: OK; low-res alternatives rejected,46 low-resolution images rejected,OK; low-res alternatives rejected
07,AVWW-190FKFW1,W HEAT RECOVERY,W HEAT RECOVERY/AVWW-190FKFW1,5,warning: 46 low-resolution images rejected | quality: OK; low-res alternatives rejected,46 low-resolution images rejected,OK; low-res alternatives rejected
08,MACS-I-C35P2C/MACS-I-CSPС2,MACS,MACS/MACS-I-C35P2C-MACS-I-CSPС2,1,only 1 image | warning: only 1 usable source images; confirmed panel image not found,only 1 usable source images; confirmed panel image not found,OK
08,MACS-I-C45P2С/MACS-I-CSPС2,MACS,MACS/MACS-I-C45P2С-MACS-I-CSPС2,1,only 1 image | warning: only 1 usable source images; confirmed panel image not found,only 1 usable source images; confirmed panel image not found,OK
08,MACS-I-C51P2С/MACS-I-CSPС2,MACS,MACS/MACS-I-C51P2С-MACS-I-CSPС2,1,only 1 image | warning: only 1 usable source images; confirmed panel image not found,only 1 usable source images; confirmed panel image not found,OK
08,MACS-I-C61P2/MACS-I-CSP2,MACS,MACS/MACS-I-C61P2-MACS-I-CSP2,1,only 1 image | warning: only 1 usable source images; confirmed panel image not found,only 1 usable source images; confirmed panel image not found,OK
08,MACS-I-C81P2/MACS-I-CSP2,MACS,MACS/MACS-I-C81P2-MACS-I-CSP2,1,only 1 image | warning: only 1 usable source images; confirmed panel image not found,only 1 usable source images; confirmed panel image not found,OK
08,MACS-I-C101P2/MACS-I-CSP2,MACS,MACS/MACS-I-C101P2-MACS-I-CSP2,1,only 1 image | warning: only 1 usable source images; confirmed panel image not found,only 1 usable source images; confirmed panel image not found,OK
08,MACS-I-C121P2/MACS-I-CSP2,MACS,MACS/MACS-I-C121P2-MACS-I-CSP2,1,only 1 image | warning: only 1 usable source images; confirmed panel image not found,only 1 usable source images; confirmed panel image not found,OK
08,MACS-I-C141P2/MACS-I-CSP2,MACS,MACS/MACS-I-C141P2-MACS-I-CSP2,1,only 1 image | warning: only 1 usable source images; confirmed panel image not found,only 1 usable source images; confirmed panel image not found,OK
08,MACS-I-C20P2K,MACS,MACS/MACS-I-C20P2K,1,only 1 image | warning: only 1 usable source images,only 1 usable source images,OK
08,MACS-I-C28P2K,MACS,MACS/MACS-I-C28P2K,1,only 1 image | warning: only 1 usable source images,only 1 usable source images,OK
08,MACS-I-C35P2K,MACS,MACS/MACS-I-C35P2K,1,only 1 image | warning: only 1 usable source images,only 1 usable source images,OK
08,MACS-I-C50P2K,MACS,MACS/MACS-I-C50P2K,1,only 1 image | warning: only 1 usable source images,only 1 usable source images,OK
08,MACS-I-C60P2K,MACS,MACS/MACS-I-C60P2K,1,only 1 image | warning: only 1 usable source images,only 1 usable source images,OK
08,MACS-I-C75P2K,MACS,MACS/MACS-I-C75P2K,1,only 1 image | warning: only 1 usable source images,only 1 usable source images,OK
08,MACS-I-C95P2K,MACS,MACS/MACS-I-C95P2K,1,only 1 image | warning: only 1 usable source images,only 1 usable source images,OK
08,MACS-I-C115P2K,MACS,MACS/MACS-I-C115P2K,1,only 1 image | warning: only 1 usable source images,only 1 usable source images,OK
08,MACS-I-C130P2K,MACS,MACS/MACS-I-C130P2K,1,only 1 image | warning: only 1 usable source images,only 1 usable source images,OK
08,MACS-I-C25P4K,MACS,MACS/MACS-I-C25P4K,1,only 1 image | warning: only 1 usable source images,only 1 usable source images,OK
08,MACS-I-C30P4K,MACS,MACS/MACS-I-C30P4K,1,only 1 image | warning: only 1 usable source images,only 1 usable source images,OK
08,MACS-I-C40P4K,MACS,MACS/MACS-I-C40P4K,1,only 1 image | warning: only 1 usable source images,only 1 usable source images,OK
08,MACS-I-C50P4K,MACS,MACS/MACS-I-C50P4K,1,only 1 image | warning: only 1 usable source images,only 1 usable source images,OK
08,MACS-I-C60P4K,MACS,MACS/MACS-I-C60P4K,1,only 1 image | warning: only 1 usable source images,only 1 usable source images,OK
08,MACS-I-C80P4K,MACS,MACS/MACS-I-C80P4K,1,only 1 image | warning: only 1 usable source images,only 1 usable source images,OK
08,MACS-I-C90P4K,MACS,MACS/MACS-I-C90P4K,1,only 1 image | warning: only 1 usable source images,only 1 usable source images,OK
08,MACS-I-C110P4K,MACS,MACS/MACS-I-C110P4K,1,only 1 image | warning: only 1 usable source images,only 1 usable source images,OK
08,MACS-I-C20P21K,MACS,MACS/MACS-I-C20P21K,1,only 1 image | warning: only 1 usable source images,only 1 usable source images,OK
08,MACS-I-C25P21K,MACS,MACS/MACS-I-C25P21K,1,only 1 image | warning: only 1 usable source images,only 1 usable source images,OK
08,MACS-I-C35P21K,MACS,MACS/MACS-I-C35P21K,1,only 1 image | warning: only 1 usable source images,only 1 usable source images,OK
08,MACS-I-C45P21K,MACS,MACS/MACS-I-C45P21K,1,only 1 image | warning: only 1 usable source images,only 1 usable source images,OK
08,MACS-I-C55P21K,MACS,MACS/MACS-I-C55P21K,1,only 1 image | warning: only 1 usable source images,only 1 usable source images,OK
09,MACS-I-F20P2KU,MACS,MACS/MACS-I-F20P2KU,1,only 1 image | warning: only 1 usable source images; 1 low-resolution images rejected | quality: OK; low-res alternatives rejected,only 1 usable source images; 1 low-resolution images rejected,OK; low-res alternatives rejected
09,MACS-I-F30P2KU,MACS,MACS/MACS-I-F30P2KU,1,only 1 image | warning: only 1 usable source images; 1 low-resolution images rejected | quality: OK; low-res alternatives rejected,only 1 usable source images; 1 low-resolution images rejected,OK; low-res alternatives rejected
09,MACS-I-F40P2KU,MACS,MACS/MACS-I-F40P2KU,1,only 1 image | warning: only 1 usable source images; 1 low-resolution images rejected | quality: OK; low-res alternatives rejected,only 1 usable source images; 1 low-resolution images rejected,OK; low-res alternatives rejected
09,MACS-I-F45P2KU,MACS,MACS/MACS-I-F45P2KU,1,only 1 image | warning: only 1 usable source images; 1 low-resolution images rejected | quality: OK; low-res alternatives rejected,only 1 usable source images; 1 low-resolution images rejected,OK; low-res alternatives rejected
09,MACS-I-F56P2KU,MACS,MACS/MACS-I-F56P2KU,1,only 1 image | warning: only 1 usable source images; 1 low-resolution images rejected | quality: OK; low-res alternatives rejected,only 1 usable source images; 1 low-resolution images rejected,OK; low-res alternatives rejected
09,MACS-I-F75P2KU,MACS,MACS/MACS-I-F75P2KU,1,only 1 image | warning: only 1 usable source images; 1 low-resolution images rejected | quality: OK; low-res alternatives rejected,only 1 usable source images; 1 low-resolution images rejected,OK; low-res alternatives rejected
09,MACS-I-F90P2KU,MACS,MACS/MACS-I-F90P2KU,1,only 1 image | warning: only 1 usable source images; 1 low-resolution images rejected | quality: OK; low-res alternatives rejected,only 1 usable source images; 1 low-resolution images rejected,OK; low-res alternatives rejected
09,MACS-I-F110P2KU,MACS,MACS/MACS-I-F110P2KU,1,only 1 image | warning: only 1 usable source images; 1 low-resolution images rejected | quality: OK; low-res alternatives rejected,only 1 usable source images; 1 low-resolution images rejected,OK; low-res alternatives rejected
09,MACS-I-F130P2KU,MACS,MACS/MACS-I-F130P2KU,1,only 1 image | warning: only 1 usable source images; 1 low-resolution images rejected | quality: OK; low-res alternatives rejected,only 1 usable source images; 1 low-resolution images rejected,OK; low-res alternatives rejected
10,MACS-I-D80P4K,MACS,MACS/MACS-I-D80P4K,1,only 1 image | warning: only 1 usable source images,only 1 usable source images,OK
10,MACS-I-D100P4K,MACS,MACS/MACS-I-D100P4K,1,only 1 image | warning: only 1 usable source images,only 1 usable source images,OK
10,MACS-I-D120P4K,MACS,MACS/MACS-I-D120P4K,1,only 1 image | warning: only 1 usable source images,only 1 usable source images,OK
10,MACS-I-D140P4K,MACS,MACS/MACS-I-D140P4K,1,only 1 image | warning: only 1 usable source images,only 1 usable source images,OK
10,MACS-I-VD20P2K,MACS,MACS/MACS-I-VD20P2K,1,only 1 image | warning: only 1 usable source images,only 1 usable source images,OK
10,MACS-I-VD30P2K,MACS,MACS/MACS-I-VD30P2K,1,only 1 image | warning: only 1 usable source images,only 1 usable source images,OK
10,MACS-I-VD40P2K,MACS,MACS/MACS-I-VD40P2K,1,only 1 image | warning: only 1 usable source images,only 1 usable source images,OK
10,MACS-I-VD45P2K,MACS,MACS/MACS-I-VD45P2K,1,only 1 image | warning: only 1 usable source images,only 1 usable source images,OK
10,MACS-I-VD56P2K,MACS,MACS/MACS-I-VD56P2K,1,only 1 image | warning: only 1 usable source images,only 1 usable source images,OK
10,MACS-I-VD80P2K,MACS,MACS/MACS-I-VD80P2K,1,only 1 image | warning: only 1 usable source images,only 1 usable source images,OK
10,MACS-I-VD100P2K,MACS,MACS/MACS-I-VD100P2K,1,only 1 image | warning: only 1 usable source images,only 1 usable source images,OK
10,MACS-I-VD120P2K,MACS,MACS/MACS-I-VD120P2K,1,only 1 image | warning: only 1 usable source images,only 1 usable source images,OK
10,MACS-I-VD140P2K,MACS,MACS/MACS-I-VD140P2K,1,only 1 image | warning: only 1 usable source images,only 1 usable source images,OK
10,MACS-I-VD20P4K,MACS,MACS/MACS-I-VD20P4K,1,only 1 image | warning: only 1 usable source images,only 1 usable source images,OK
10,MACS-I-VD30P4K,MACS,MACS/MACS-I-VD30P4K,1,only 1 image | warning: only 1 usable source images,only 1 usable source images,OK
10,MACS-I-VD40P4K,MACS,MACS/MACS-I-VD40P4K,1,only 1 image | warning: only 1 usable source images,only 1 usable source images,OK
10,MACS-I-VD45P4K,MACS,MACS/MACS-I-VD45P4K,1,only 1 image | warning: only 1 usable source images,only 1 usable source images,OK
10,MACS-I-VD56P4K,MACS,MACS/MACS-I-VD56P4K,1,only 1 image | warning: only 1 usable source images,only 1 usable source images,OK
10,MACS-I-VD80P4K,MACS,MACS/MACS-I-VD80P4K,1,only 1 image | warning: only 1 usable source images,only 1 usable source images,OK
10,MACS-I-VD100P4K,MACS,MACS/MACS-I-VD100P4K,1,only 1 image | warning: only 1 usable source images,only 1 usable source images,OK
10,MACS-I-VD120P4K,MACS,MACS/MACS-I-VD120P4K,1,only 1 image | warning: only 1 usable source images,only 1 usable source images,OK
10,MACS-I-VD140P4K,MACS,MACS/MACS-I-VD140P4K,1,only 1 image | warning: only 1 usable source images,only 1 usable source images,OK
10,MACS-I-D20P2KU,MACS,MACS/MACS-I-D20P2KU,1,only 1 image | warning: only 1 usable source images,only 1 usable source images,OK
11,MACS-I-D30P2KU,MACS,MACS/MACS-I-D30P2KU,1,only 1 image | warning: only 1 usable source images,only 1 usable source images,OK
11,MACS-I-D40P2KU,MACS,MACS/MACS-I-D40P2KU,1,only 1 image | warning: only 1 usable source images,only 1 usable source images,OK
11,MACS-I-D45P2KU,MACS,MACS/MACS-I-D45P2KU,1,only 1 image | warning: only 1 usable source images,only 1 usable source images,OK
11,MACS-I-D56P2KU,MACS,MACS/MACS-I-D56P2KU,1,only 1 image | warning: only 1 usable source images,only 1 usable source images,OK
11,MACS-I-D80P2KU,MACS,MACS/MACS-I-D80P2KU,1,only 1 image | warning: only 1 usable source images,only 1 usable source images,OK
11,MACS-I-D100P2KU,MACS,MACS/MACS-I-D100P2KU,1,only 1 image | warning: only 1 usable source images,only 1 usable source images,OK
11,MACS-I-D120P2KU,MACS,MACS/MACS-I-D120P2KU,1,only 1 image | warning: only 1 usable source images,only 1 usable source images,OK
11,MACS-I-D140P2KU,MACS,MACS/MACS-I-D140P2KU,1,only 1 image | warning: only 1 usable source images,only 1 usable source images,OK
11,MACS-I-ED21P2K,MACS,MACS/MACS-I-ED21P2K,1,only 1 image | warning: only 1 usable source images,only 1 usable source images,OK
11,MACS-I-ED31P2K,MACS,MACS/MACS-I-ED31P2K,1,only 1 image | warning: only 1 usable source images,only 1 usable source images,OK
11,MACS-I-ED41P2K,MACS,MACS/MACS-I-ED41P2K,1,only 1 image | warning: only 1 usable source images,only 1 usable source images,OK
11,MACS-I-ED46P2K,MACS,MACS/MACS-I-ED46P2K,1,only 1 image | warning: only 1 usable source images,only 1 usable source images,OK
11,MACS-I-ED56P2K,MACS,MACS/MACS-I-ED56P2K,1,only 1 image | warning: only 1 usable source images,only 1 usable source images,OK
11,MACS-I-ED81P2K,MACS,MACS/MACS-I-ED81P2K,1,only 1 image | warning: only 1 usable source images,only 1 usable source images,OK
11,MACS-I-ED96P2K,MACS,MACS/MACS-I-ED96P2K,1,only 1 image | warning: only 1 usable source images,only 1 usable source images,OK
11,MACS-I-ED111P2K,MACS,MACS/MACS-I-ED111P2K,1,only 1 image | warning: only 1 usable source images,only 1 usable source images,OK
11,MACS-I-ED131P2K,MACS,MACS/MACS-I-ED131P2K,1,only 1 image | warning: only 1 usable source images,only 1 usable source images,OK
11,MACS-I-PD61P2K,MACS,MACS/MACS-I-PD61P2K,1,only 1 image | warning: only 1 usable source images,only 1 usable source images,OK
11,MACS-I-PD76P2K,MACS,MACS/MACS-I-PD76P2K,1,only 1 image | warning: only 1 usable source images,only 1 usable source images,OK
11,MACS-I-PD91P2K,MACS,MACS/MACS-I-PD91P2K,1,only 1 image | warning: only 1 usable source images,only 1 usable source images,OK
11,MACS-I-PD116P2K,MACS,MACS/MACS-I-PD116P2K,1,only 1 image | warning: only 1 usable source images,only 1 usable source images,OK
11,MACS-I-PD136P2K,MACS,MACS/MACS-I-PD136P2K,1,only 1 image | warning: only 1 usable source images,only 1 usable source images,OK
11,MACS-I-PD220P2K,MACS,MACS/MACS-I-PD220P2K,1,only 1 image | warning: only 1 usable source images,only 1 usable source images,OK
12,MACS-I-PD280P2K,MACS,MACS/MACS-I-PD280P2K,1,only 1 image | warning: only 1 usable source images,only 1 usable source images,OK
12,MACS-I-PD330P2K,MACS,MACS/MACS-I-PD330P2K,1,only 1 image | warning: only 1 usable source images,only 1 usable source images,OK
12,MACS-I-PD270P2K,MACS,MACS/MACS-I-PD270P2K,1,only 1 image | warning: only 1 usable source images,only 1 usable source images,OK
12,MACS-I-PD380P2K,MACS,MACS/MACS-I-PD380P2K,1,only 1 image | warning: only 1 usable source images,only 1 usable source images,OK
12,MACS-I-PD420P2K,MACS,MACS/MACS-I-PD420P2K,1,only 1 image | warning: only 1 usable source images,only 1 usable source images,OK
12,MACS-I-PD60P4K,MACS,MACS/MACS-I-PD60P4K,1,only 1 image | warning: only 1 usable source images,only 1 usable source images,OK
12,MACS-I-PD75P4K,MACS,MACS/MACS-I-PD75P4K,1,only 1 image | warning: only 1 usable source images,only 1 usable source images,OK
12,MACS-I-PD90P4K,MACS,MACS/MACS-I-PD90P4K,1,only 1 image | warning: only 1 usable source images,only 1 usable source images,OK
12,MACS-I-PD115P4K,MACS,MACS/MACS-I-PD115P4K,1,only 1 image | warning: only 1 usable source images,only 1 usable source images,OK
12,MACS-I-PD135P4K,MACS,MACS/MACS-I-PD135P4K,1,only 1 image | warning: only 1 usable source images,only 1 usable source images,OK
12,MACS-I-PD160P4K,MACS,MACS/MACS-I-PD160P4K,1,only 1 image | warning: only 1 usable source images,only 1 usable source images,OK
12,MACS-I-PD210P4K,MACS,MACS/MACS-I-PD210P4K,1,only 1 image | warning: only 1 usable source images,only 1 usable source images,OK
12,MACS-I-PD270P4K,MACS,MACS/MACS-I-PD270P4K,1,only 1 image | warning: only 1 usable source images,only 1 usable source images,OK
12,MACS-I-PD315P4K,MACS,MACS/MACS-I-PD315P4K,1,only 1 image | warning: only 1 usable source images,only 1 usable source images,OK
12,MACS-I-PD51P4K,MACS,MACS/MACS-I-PD51P4K,1,only 1 image | warning: only 1 usable source images,only 1 usable source images,OK
12,MACS-I-PD66P4K,MACS,MACS/MACS-I-PD66P4K,1,only 1 image | warning: only 1 usable source images,only 1 usable source images,OK
12,MACS-I-PD76P4K,MACS,MACS/MACS-I-PD76P4K,1,only 1 image | warning: only 1 usable source images,only 1 usable source images,OK
12,MACS-I-PD96P4K,MACS,MACS/MACS-I-PD96P4K,1,only 1 image | warning: only 1 usable source images,only 1 usable source images,OK
12,MACS-I-PD116P4K,MACS,MACS/MACS-I-PD116P4K,1,only 1 image | warning: only 1 usable source images,only 1 usable source images,OK
12,MACS-I-PD136P4K,MACS,MACS/MACS-I-PD136P4K,1,only 1 image | warning: only 1 usable source images,only 1 usable source images,OK
12,MACS-I-PD176P4K,MACS,MACS/MACS-I-PD176P4K,1,only 1 image | warning: only 1 usable source images,only 1 usable source images,OK
12,MACS-I-PD226P4K,MACS,MACS/MACS-I-PD226P4K,1,only 1 image | warning: only 1 usable source images,only 1 usable source images,OK
12,MACS-I-PD266P4K,MACS,MACS/MACS-I-PD266P4K,1,only 1 image | warning: only 1 usable source images,only 1 usable source images,OK
13,ZKPU-maxi 2,ZKPU-maxi,ZKPU-maxi/ZKPU-maxi 2,1,only 1 image | warning: only 1 usable source images,only 1 usable source images,OK
13,ZKPU-maxi 4,ZKPU-maxi,ZKPU-maxi/ZKPU-maxi 4,1,only 1 image | warning: only 1 usable source images,only 1 usable source images,OK
13,ZKPU-maxi 6,ZKPU-maxi,ZKPU-maxi/ZKPU-maxi 6,1,only 1 image | warning: only 1 usable source images,only 1 usable source images,OK
13,ZKPU-maxi 8,ZKPU-maxi,ZKPU-maxi/ZKPU-maxi 8,1,only 1 image | warning: only 1 usable source images,only 1 usable source images,OK
13,ZKPU-maxi 10,ZKPU-maxi,ZKPU-maxi/ZKPU-maxi 10,1,only 1 image | warning: only 1 usable source images,only 1 usable source images,OK
13,ZKPU-maxi 12,ZKPU-maxi,ZKPU-maxi/ZKPU-maxi 12,1,only 1 image | warning: only 1 usable source images,only 1 usable source images,OK
13,ZKPU-maxi 14,ZKPU-maxi,ZKPU-maxi/ZKPU-maxi 14,1,only 1 image | warning: only 1 usable source images,only 1 usable source images,OK
13,ZKPU-maxi 16,ZKPU-maxi,ZKPU-maxi/ZKPU-maxi 16,1,only 1 image | warning: only 1 usable source images,only 1 usable source images,OK
13,ZKPU-maxi 18,ZKPU-maxi,ZKPU-maxi/ZKPU-maxi 18,1,only 1 image | warning: only 1 usable source images,only 1 usable source images,OK
13,ZKPU-maxi 20,ZKPU-maxi,ZKPU-maxi/ZKPU-maxi 20,1,only 1 image | warning: only 1 usable source images,only 1 usable source images,OK
13,ZKPU-mini 50-25,ZKPU-mini,ZKPU-mini/ZKPU-mini 50-25,1,only 1 image | warning: only 1 usable source images,only 1 usable source images,OK
13,ZKPU-mini 50-30,ZKPU-mini,ZKPU-mini/ZKPU-mini 50-30,1,only 1 image | warning: only 1 usable source images,only 1 usable source images,OK
13,ZKPU-mini 60-30,ZKPU-mini,ZKPU-mini/ZKPU-mini 60-30,1,only 1 image | warning: only 1 usable source images,only 1 usable source images,OK
13,ZKPU-mini 60-35,ZKPU-mini,ZKPU-mini/ZKPU-mini 60-35,1,only 1 image | warning: only 1 usable source images,only 1 usable source images,OK
13,ZKPU-mini 70-40,ZKPU-mini,ZKPU-mini/ZKPU-mini 70-40,1,only 1 image | warning: only 1 usable source images,only 1 usable source images,OK
13,ZKPU-mini 80-50,ZKPU-mini,ZKPU-mini/ZKPU-mini 80-50,1,only 1 image | warning: only 1 usable source images,only 1 usable source images,OK
13,ZKPU-mini 100-50,ZKPU-mini,ZKPU-mini/ZKPU-mini 100-50,1,only 1 image | warning: only 1 usable source images,only 1 usable source images,OK
14,AUW-09U4RS8,HEAVY EU DC INVERTER,HEAVY EU DC INVERTER/AUW-09U4RS8,8,warning: 18 low-resolution images rejected | quality: OK; low-res alternatives rejected,18 low-resolution images rejected,OK; low-res alternatives rejected
14,AUW-12U4RS8,HEAVY EU DC INVERTER,HEAVY EU DC INVERTER/AUW-12U4RS8,8,warning: 18 low-resolution images rejected | quality: OK; low-res alternatives rejected,18 low-resolution images rejected,OK; low-res alternatives rejected
14,AUW-18U4RS7,HEAVY EU DC INVERTER,HEAVY EU DC INVERTER/AUW-18U4RS7,8,warning: 18 low-resolution images rejected | quality: OK; low-res alternatives rejected,18 low-resolution images rejected,OK; low-res alternatives rejected
14,AUW-24U4RJ7,HEAVY EU DC INVERTER,HEAVY EU DC INVERTER/AUW-24U4RJ7,8,warning: 10 low-resolution images rejected | quality: OK; low-res alternatives rejected,10 low-resolution images rejected,OK; low-res alternatives rejected
14,AUW-36U4RK7,HEAVY EU DC INVERTER,HEAVY EU DC INVERTER/AUW-36U4RK7,8,warning: 9 low-resolution images rejected | quality: OK; low-res alternatives rejected,9 low-resolution images rejected,OK; low-res alternatives rejected
14,AUW-48U6RN8,HEAVY EU DC INVERTER,HEAVY EU DC INVERTER/AUW-48U6RN8,8,warning: 14 low-resolution images rejected | quality: OK; low-res alternatives rejected,14 low-resolution images rejected,OK; low-res alternatives rejected
14,AUW-60U6RW8,HEAVY EU DC INVERTER,HEAVY EU DC INVERTER/AUW-60U6RW8,8,warning: 8 low-resolution images rejected | quality: OK; low-res alternatives rejected,8 low-resolution images rejected,OK; low-res alternatives rejected
14,AUW-85U6RZ8,HEAVY EU DC INVERTER,HEAVY EU DC INVERTER/AUW-85U6RZ8,12,warning: 41 low-resolution images rejected | quality: OK; low-res alternatives rejected,41 low-resolution images rejected,OK; low-res alternatives rejected
14,MCU-23K,UNIVERSO,UNIVERSO/MCU-23K,1,only 1 image | warning: only 1 usable source images; 1 low-resolution images rejected | quality: OK; low-res alternatives rejected,only 1 usable source images; 1 low-resolution images rejected,OK; low-res alternatives rejected
14,MCU-29K,UNIVERSO,UNIVERSO/MCU-29K,1,only 1 image | warning: only 1 usable source images; 1 low-resolution images rejected | quality: OK; low-res alternatives rejected,only 1 usable source images; 1 low-resolution images rejected,OK; low-res alternatives rejected
14,MCU-35K,UNIVERSO,UNIVERSO/MCU-35K,1,only 1 image | warning: only 1 usable source images; 1 low-resolution images rejected | quality: OK; low-res alternatives rejected,only 1 usable source images; 1 low-resolution images rejected,OK; low-res alternatives rejected
14,MCU-43K,UNIVERSO,UNIVERSO/MCU-43K,1,only 1 image | warning: only 1 usable source images; 1 low-resolution images rejected | quality: OK; low-res alternatives rejected,only 1 usable source images; 1 low-resolution images rejected,OK; low-res alternatives rejected
14,MCU-63K,UNIVERSO,UNIVERSO/MCU-63K,1,only 1 image | warning: only 1 usable source images; 1 low-resolution images rejected | quality: OK; low-res alternatives rejected,only 1 usable source images; 1 low-resolution images rejected,OK; low-res alternatives rejected
14,MCU-75K,UNIVERSO,UNIVERSO/MCU-75K,1,only 1 image | warning: only 1 usable source images; 1 low-resolution images rejected | quality: OK; low-res alternatives rejected,only 1 usable source images; 1 low-resolution images rejected,OK; low-res alternatives rejected
14,MCU-93K,UNIVERSO,UNIVERSO/MCU-93K,1,only 1 image | warning: only 1 usable source images; 1 low-resolution images rejected | quality: OK; low-res alternatives rejected,only 1 usable source images; 1 low-resolution images rejected,OK; low-res alternatives rejected
14,MCU-117K,UNIVERSO,UNIVERSO/MCU-117K,1,only 1 image | warning: only 1 usable source images; 1 low-resolution images rejected | quality: OK; low-res alternatives rejected,only 1 usable source images; 1 low-resolution images rejected,OK; low-res alternatives rejected
15,TWC22HN/OUT с модулем RC-KA02,Triumph,Triumph/TWC22HN-OUT с модулем RC-KA02,1,only 1 image | warning: only 1 usable source images; 1 low-resolution images rejected | quality: OK; low-res alternatives rejected,only 1 usable source images; 1 low-resolution images rejected,OK; low-res alternatives rejected
15,TWC28HN/OUT с модулем RC-KA02,Triumph,Triumph/TWC28HN-OUT с модулем RC-KA02,1,only 1 image | warning: only 1 usable source images; 1 low-resolution images rejected | quality: OK; low-res alternatives rejected,only 1 usable source images; 1 low-resolution images rejected,OK; low-res alternatives rejected
15,TWC35HN/OUT с модулем RC-KA02,Triumph,Triumph/TWC35HN-OUT с модулем RC-KA02,1,only 1 image | warning: only 1 usable source images; 1 low-resolution images rejected | quality: OK; low-res alternatives rejected,only 1 usable source images; 1 low-resolution images rejected,OK; low-res alternatives rejected
15,TWC55HN/OUT с модулем RC-KA02,Triumph,Triumph/TWC55HN-OUT с модулем RC-KA02,1,only 1 image | warning: only 1 usable source images; 1 low-resolution images rejected | quality: OK; low-res alternatives rejected,only 1 usable source images; 1 low-resolution images rejected,OK; low-res alternatives rejected
15,TWC75HN/OUT с модулем RC-KA02,Triumph,Triumph/TWC75HN-OUT с модулем RC-KA02,1,only 1 image | warning: only 1 usable source images; 1 low-resolution images rejected | quality: OK; low-res alternatives rejected,only 1 usable source images; 1 low-resolution images rejected,OK; low-res alternatives rejected
15,HFRWE-65DGF/SYS,HiMod AE2,HiMod AE2/HFRWE-65DGF-SYS,1,only 1 image | warning: Only one independently confirmed exact-model render; conflicting/reused dealer family renders excluded,Only one independently confirmed exact-model render; conflicting/reused dealer family renders excluded,OK; exact-model image
15,AR08U/F/D,AR,AR/AR08U-F-D,1,only 1 image | warning: only 1 usable source images,only 1 usable source images,OK
15,AR13U/F/D,AR,AR/AR13U-F-D,1,only 1 image | warning: only 1 usable source images,only 1 usable source images,OK
15,AR17U/F/D,AR,AR/AR17U-F-D,1,only 1 image | warning: only 1 usable source images,only 1 usable source images,OK
15,AR20U/F/D,AR,AR/AR20U-F-D,1,only 1 image | warning: only 1 usable source images,only 1 usable source images,OK
15,IR40F,IR,IR/IR40F,2,only 2 images | warning: only 2 usable source images,only 2 usable source images,OK
15,IR50F,IR,IR/IR50F,2,only 2 images | warning: only 2 usable source images,only 2 usable source images,OK
15,IR60F,IR,IR/IR60F,3,warning: 1 low-resolution images rejected | quality: OK; low-res alternatives rejected,1 low-resolution images rejected,OK; low-res alternatives rejected
