packet,model,series,folder,found_product_images,final_files,indoor_found,outdoor_found,remote_found,remote_model,panel_found,preview_created,additional_product_angles,quality,warnings,visual_configuration,body_dimensions,panel_model,found_images,source_1,additional_sources,additional_angles,preview_mode,excel_row,seed_image_count,searched_pages,usable_source_count
01,AVC-05HJDBA,AVC-HJDBA,AVC-HJDBA/AVC-05HJDBA,5,10,да,не требуется,да,HYE-VD01,да,да,4,OK,German Kaut lists HPE-DNK1 separately; Russian target catalog treats panel as included,AVC-HJDBA_CFG_A,215x570x570,HPE-DNK1,,,,,,,,,
01,AVC-07HJDBA,AVC-HJDBA,AVC-HJDBA/AVC-07HJDBA,5,10,да,не требуется,да,HYE-VD01,да,да,4,OK,German Kaut lists HPE-DNK1 separately; Russian target catalog treats panel as included,AVC-HJDBA_CFG_A,215x570x570,HPE-DNK1,,,,,,,,,
01,AVC-09HJDBA,AVC-HJDBA,AVC-HJDBA/AVC-09HJDBA,5,10,да,не требуется,да,HYE-VD01,да,да,4,OK,German Kaut lists HPE-DNK1 separately; Russian target catalog treats panel as included,AVC-HJDBA_CFG_A,215x570x570,HPE-DNK1,,,,,,,,,
01,AVC-12HJDBA,AVC-HJDBA,AVC-HJDBA/AVC-12HJDBA,5,10,да,не требуется,да,HYE-VD01,да,да,4,OK,German Kaut lists HPE-DNK1 separately; Russian target catalog treats panel as included,AVC-HJDBA_CFG_A,215x570x570,HPE-DNK1,,,,,,,,,
01,AVC-15HJDBA,AVC-HJDBA,AVC-HJDBA/AVC-15HJDBA,5,10,да,не требуется,да,HYE-VD01,да,да,4,OK,German Kaut lists HPE-DNK1 separately; Russian target catalog treats panel as included,AVC-HJDBA_CFG_A,215x570x570,HPE-DNK1,,,,,,,,,
01,AVC-17HJDBA,AVC-HJDBA,AVC-HJDBA/AVC-17HJDBA,5,10,да,не требуется,да,HYE-VD01,да,да,4,OK,German Kaut lists HPE-DNK1 separately; Russian target catalog treats panel as included,AVC-HJDBA_CFG_A,215x570x570,HPE-DNK1,,,,,,,,,
01,AVC-19HJDBA,AVC-HJDBA,AVC-HJDBA/AVC-19HJDBA,5,10,да,не требуется,да,HYE-VD01,да,да,4,OK,German Kaut lists HPE-DNK1 separately; Russian target catalog treats panel as included,AVC-HJDBA_CFG_A,215x570x570,HPE-DNK1,,,,,,,,,
01,AVY-05HJDA,AVY-HJDA,AVY-HJDA/AVY-05HJDA,1,4,да,не требуется,да,HYE-VD01,да (в составе блока),да,0,OK; limited gallery,Only one clean exact-product-page indoor render found; dealer reuses the same family render across both chassis sizes; separate panel-only render not found. Panel model/size is specification-confirmed.,AVY-HJDA_CFG_SMALL,129x910x470,HP-D-NA1,,,,,,,,,
01,AVY-07HJDA,AVY-HJDA,AVY-HJDA/AVY-07HJDA,1,4,да,не требуется,да,HYE-VD01,да (в составе блока),да,0,OK; limited gallery,Only one clean exact-product-page indoor render found; dealer reuses the same family render across both chassis sizes; separate panel-only render not found. Panel model/size is specification-confirmed.,AVY-HJDA_CFG_SMALL,129x910x470,HP-D-NA1,,,,,,,,,
01,AVY-09HJDA,AVY-HJDA,AVY-HJDA/AVY-09HJDA,1,4,да,не требуется,да,HYE-VD01,да (в составе блока),да,0,OK; limited gallery,Only one clean exact-product-page indoor render found; dealer reuses the same family render across both chassis sizes; separate panel-only render not found. Panel model/size is specification-confirmed.,AVY-HJDA_CFG_SMALL,129x910x470,HP-D-NA1,,,,,,,,,
01,AVY-12HJDA,AVY-HJDA,AVY-HJDA/AVY-12HJDA,1,4,да,не требуется,да,HYE-VD01,да (в составе блока),да,0,OK; limited gallery,Only one clean exact-product-page indoor render found; dealer reuses the same family render across both chassis sizes; separate panel-only render not found. Panel model/size is specification-confirmed.,AVY-HJDA_CFG_SMALL,129x910x470,HP-D-NA1,,,,,,,,,
01,AVY-15HJDA,AVY-HJDA,AVY-HJDA/AVY-15HJDA,1,4,да,не требуется,да,HYE-VD01,да (в составе блока),да,0,OK; limited gallery,Only one clean exact-product-page indoor render found; dealer reuses the same family render across both chassis sizes; separate panel-only render not found. Panel model/size is specification-confirmed.,AVY-HJDA_CFG_SMALL,129x910x470,HP-D-NA1,,,,,,,,,
01,AVY-19HJDA,AVY-HJDA,AVY-HJDA/AVY-19HJDA,1,4,да,не требуется,да,HYE-VD01,да (в составе блока),да,0,OK; limited gallery,Only one clean exact-product-page indoor render found; dealer reuses the same family render across both chassis sizes; separate panel-only render not found. Panel model/size is specification-confirmed.,AVY-HJDA_CFG_LARGE,129x1180x470,HP-E-NA1,,,,,,,,,
01,AVY-24HJDA,AVY-HJDA,AVY-HJDA/AVY-24HJDA,1,4,да,не требуется,да,HYE-VD01,да (в составе блока),да,0,OK; limited gallery,Only one clean exact-product-page indoor render found; dealer reuses the same family render across both chassis sizes; separate panel-only render not found. Panel model/size is specification-confirmed.,AVY-HJDA_CFG_LARGE,129x1180x470,HP-E-NA1,,,,,,,,,
02,AVBC-19HJFKA,AVBC-HJFKA,AVBC-HJFKA/AVBC-19HJFKA,,7,да,не требуется,да,"да, беспроводной",нет,да,,OK; low-res alternatives rejected,14 low-resolution images rejected; confirmed panel image not found,,,,20,https://hisensevrf.ru/catalog/vnutr/kassethye-vn-bloky-dc/,Excel MORE_PHOTO | https://mircli.ru/Hisense-AVBC-19HJFKA/ | https://mircli.ru/Hisense-AVBC-38HJFKA/ | https://mircli.ru/Hisense-AVBC-48HJFKA/,6,indoor+remote,21,1,5,6
02,AVBC-24HJFKA,AVBC-HJFKA,AVBC-HJFKA/AVBC-24HJFKA,,7,да,не требуется,да,"да, беспроводной",нет,да,,OK; low-res alternatives rejected,17 low-resolution images rejected; confirmed panel image not found,,,,23,https://hisensevrf.ru/catalog/vnutr/kassethye-vn-bloky-dc/,Excel MORE_PHOTO | https://mircli.ru/Hisense-AVBC-24HJFKA/ | https://mircli.ru/Hisense-AVBC-38HJFKA/ | https://mircli.ru/Hisense-AVBC-48HJFKA/,6,indoor+remote,22,1,5,6
02,AVBC-30HJFKA,AVBC-HJFKA,AVBC-HJFKA/AVBC-30HJFKA,,7,да,не требуется,да,"да, беспроводной",нет,да,,OK; low-res alternatives rejected,12 low-resolution images rejected; confirmed panel image not found,,,,18,https://hisensevrf.ru/catalog/vnutr/kassethye-vn-bloky-dc/,Excel MORE_PHOTO | https://mircli.ru/Hisense-AVBC-30HJFKA/,6,indoor+remote,23,1,5,6
02,AVBC-38HJFKA,AVBC-HJFKA,AVBC-HJFKA/AVBC-38HJFKA,,7,да,не требуется,да,"да, беспроводной",нет,да,,OK; low-res alternatives rejected,43 low-resolution images rejected; confirmed panel image not found,,,,49,https://hisensevrf.ru/catalog/vnutr/kassethye-vn-bloky-dc/,Excel MORE_PHOTO | https://mircli.ru/Hisense-AVBC-38HJFKA/ | https://mircli.ru/Hisense-AVBC-48HJFKA/,6,indoor+remote,24,1,5,6
02,AVBC-48HJFKA,AVBC-HJFKA,AVBC-HJFKA/AVBC-48HJFKA,,7,да,не требуется,да,"да, беспроводной",нет,да,,OK; low-res alternatives rejected,43 low-resolution images rejected; confirmed panel image not found,,,,49,https://hisensevrf.ru/catalog/vnutr/kassethye-vn-bloky-dc/,Excel MORE_PHOTO | https://mircli.ru/Hisense-AVBC-48HJFKA/,6,indoor+remote,25,1,5,6
02,AVBC-54HJFKA,AVBC-HJFKA,AVBC-HJFKA/AVBC-54HJFKA,,7,да,не требуется,да,"да, беспроводной",нет,да,,OK; low-res alternatives rejected,40 low-resolution images rejected; confirmed panel image not found,,,,46,https://hisensevrf.ru/catalog/vnutr/kassethye-vn-bloky-dc/,Excel MORE_PHOTO | https://mircli.ru/Hisense-AVBC-38HJFKA/ | https://mircli.ru/Hisense-AVBC-48HJFKA/ | https://mircli.ru/Hisense-AVBC-54HJFKA/,6,indoor+remote,26,1,5,6
02,AVBC-09HJDBA,AVBC-HJDBA,AVBC-HJDBA/AVBC-09HJDBA,,20,да,не требуется,нет,HYE-VD01,нет,да,,OK; low-res alternatives rejected,53 low-resolution images rejected; confirmed remote image not found; confirmed panel image not found,,,,73,https://mircli.ru/Hisense-AVBC-12HJDBA/,Excel MORE_PHOTO | https://hisense.com.ua/tech-doc-vrf-indoor/ | https://mircli.ru/Hisense-AVBC-09HJDBA/ | https://mircli.ru/Hisense-AVBC-38HJFKA/ | https://mircli.ru/Hisense-AVBC-48HJFKA/,19,main,66,2,5,20
02,AVBC-12HJDBA,AVBC-HJDBA,AVBC-HJDBA/AVBC-12HJDBA,,7,да,не требуется,нет,HYE-VD01,нет,да,,OK; low-res alternatives rejected,20 low-resolution images rejected; confirmed remote image not found; confirmed panel image not found,,,,27,https://mircli.ru/Hisense-AVBC-12HJDBA/,Excel MORE_PHOTO | https://mircli.ru/Hisense-AVBC-12HJDBA/ | https://mircli.ru/Hisense-AVBC-38HJFKA/ | https://mircli.ru/Hisense-AVBC-48HJFKA/,6,main,67,2,2,7
02,AVBC-15HJDBA,AVBC-HJDBA,AVBC-HJDBA/AVBC-15HJDBA,,20,да,не требуется,нет,HYE-VD01,нет,да,,OK; low-res alternatives rejected,39 low-resolution images rejected; confirmed remote image not found; confirmed panel image not found,,,,59,https://mircli.ru/Hisense-AVBC-12HJDBA/,Excel MORE_PHOTO | https://hisense.com.ua/tech-doc-vrf-indoor/ | https://mircli.ru/Hisense-AVBC-15HJDBA/ | https://mircli.ru/Hisense-AVBC-38HJFKA/ | https://mircli.ru/Hisense-AVBC-48HJFKA/,19,main,68,2,5,20
02,AVBC-19HJDBA,AVBC-HJDBA,AVBC-HJDBA/AVBC-19HJDBA,,20,да,не требуется,нет,HYE-VD01,нет,да,,OK; low-res alternatives rejected,48 low-resolution images rejected; confirmed remote image not found; confirmed panel image not found,,,,68,https://mircli.ru/Hisense-AVBC-12HJDBA/,Excel MORE_PHOTO | https://hisense.com.ua/tech-doc-vrf-indoor/ | https://mircli.ru/Hisense-AVBC-19HJDBA/ | https://mircli.ru/Hisense-AVBC-38HJFKA/ | https://mircli.ru/Hisense-AVBC-48HJFKA/,19,main,69,2,5,20
02,AVBC-22HJDBA,AVBC-HJDBA,AVBC-HJDBA/AVBC-22HJDBA,,7,да,не требуется,нет,HYE-VD01,нет,да,,OK; low-res alternatives rejected,26 low-resolution images rejected; confirmed remote image not found; confirmed panel image not found,,,,33,https://mircli.ru/Hisense-AVBC-12HJDBA/,Excel MORE_PHOTO | https://mircli.ru/Hisense-AVBC-22HJDBA/ | https://mircli.ru/Hisense-AVBC-38HJFKA/ | https://mircli.ru/Hisense-AVBC-48HJFKA/,6,main,70,2,3,7
02,AVBC-24HJDBA,AVBC-HJDBA,AVBC-HJDBA/AVBC-24HJDBA,,20,да,не требуется,нет,HYE-VD01,нет,да,,OK; low-res alternatives rejected,34 low-resolution images rejected; confirmed remote image not found; confirmed panel image not found,,,,54,https://mircli.ru/Hisense-AVBC-12HJDBA/,Excel MORE_PHOTO | https://hisense.com.ua/tech-doc-vrf-indoor/ | https://mircli.ru/Hisense-AVBC-24HJDBA/ | https://mircli.ru/Hisense-AVBC-38HJFKA/ | https://mircli.ru/Hisense-AVBC-48HJFKA/,19,main,71,2,5,20
02,AVBC-27HJDBA,AVBC-HJDBA,AVBC-HJDBA/AVBC-27HJDBA,,7,да,не требуется,нет,HYE-VD01,нет,да,,OK; low-res alternatives rejected,26 low-resolution images rejected; confirmed remote image not found; confirmed panel image not found,,,,33,https://mircli.ru/Hisense-AVBC-12HJDBA/,Excel MORE_PHOTO | https://mircli.ru/Hisense-AVBC-27HJDBA/ | https://mircli.ru/Hisense-AVBC-38HJFKA/ | https://mircli.ru/Hisense-AVBC-48HJFKA/,6,main,72,2,3,7
02,AVBC-30HJDBA,AVBC-HJDBA,AVBC-HJDBA/AVBC-30HJDBA,,20,да,не требуется,нет,HYE-VD01,нет,да,,OK; low-res alternatives rejected,34 low-resolution images rejected; confirmed remote image not found; confirmed panel image not found,,,,54,https://mircli.ru/Hisense-AVBC-12HJDBA/,Excel MORE_PHOTO | https://hisense.com.ua/tech-doc-vrf-indoor/ | https://mircli.ru/Hisense-AVBC-30HJDBA/ | https://mircli.ru/Hisense-AVBC-38HJFKA/ | https://mircli.ru/Hisense-AVBC-48HJFKA/,19,main,73,2,5,20
02,AVBC-38HJDBA,AVBC-HJDBA,AVBC-HJDBA/AVBC-38HJDBA,,20,да,не требуется,нет,HYE-VD01,нет,да,,OK; low-res alternatives rejected,36 low-resolution images rejected; confirmed remote image not found; confirmed panel image not found,,,,56,https://mircli.ru/Hisense-AVBC-12HJDBA/,Excel MORE_PHOTO | https://hisense.com.ua/tech-doc-vrf-indoor/ | https://mircli.ru/Hisense-AVBC-38HJDBA/ | https://mircli.ru/Hisense-AVBC-38HJFKA/ | https://mircli.ru/Hisense-AVBC-48HJFKA/,19,main,74,2,5,20
02,AVBC-48HJDBA,AVBC-HJDBA,AVBC-HJDBA/AVBC-48HJDBA,,20,да,не требуется,нет,HYE-VD01,нет,да,,OK; low-res alternatives rejected,34 low-resolution images rejected; confirmed remote image not found; confirmed panel image not found,,,,54,https://mircli.ru/Hisense-AVBC-12HJDBA/,Excel MORE_PHOTO | https://hisense.com.ua/tech-doc-vrf-indoor/ | https://mircli.ru/Hisense-AVBC-38HJFKA/ | https://mircli.ru/Hisense-AVBC-48HJDBA/ | https://mircli.ru/Hisense-AVBC-48HJFKA/,19,main,75,2,5,20
02,AVBC-54HJDBA,AVBC-HJDBA,AVBC-HJDBA/AVBC-54HJDBA,,7,да,не требуется,нет,HYE-VD01,нет,да,,OK; low-res alternatives rejected,26 low-resolution images rejected; confirmed remote image not found; confirmed panel image not found,,,,33,https://mircli.ru/Hisense-AVBC-12HJDBA/,Excel MORE_PHOTO | https://mircli.ru/Hisense-AVBC-38HJFKA/ | https://mircli.ru/Hisense-AVBC-48HJFKA/ | https://mircli.ru/Hisense-AVBC-54HJDBA/,6,main,76,2,3,7
03,AVF-36H2FDA,AVF-H2FDA,AVF-H2FDA/AVF-36H2FDA,,5,да,не требуется,нет,"да, HYE-VD01",не требуется,да,,OK,confirmed remote image not found,,,,5,https://breez.ru/products/kolonnie-vn-bloky-vrf/,Excel MORE_PHOTO,4,main,27,5,3,5
03,AVF-48H2FDA,AVF-H2FDA,AVF-H2FDA/AVF-48H2FDA,,5,да,не требуется,нет,"да, HYE-VD01",не требуется,да,,OK,confirmed remote image not found,,,,5,https://breez.ru/products/kolonnie-vn-bloky-vrf/,Excel MORE_PHOTO,4,main,28,5,3,5
03,AVF-56H2FDA,AVF-H2FDA,AVF-H2FDA/AVF-56H2FDA,,5,да,не требуется,нет,"да, HYE-VD01",не требуется,да,,OK,confirmed remote image not found,,,,5,https://breez.ru/products/kolonnie-vn-bloky-vrf/,Excel MORE_PHOTO,4,main,29,5,3,5
03,AVF-96H2FDA,AVF-H2FDA,AVF-H2FDA/AVF-96H2FDA,,5,да,не требуется,нет,"да, HYE-VD01",не требуется,да,,OK,confirmed remote image not found,,,,5,https://breez.ru/products/kolonnie-vn-bloky-vrf/,Excel MORE_PHOTO,4,main,30,5,3,5
03,AVS-05HJDTD,AVS-HJDTD,AVS-HJDTD/AVS-05HJDTD,,19,да,не требуется,нет,HYE-VD01,не требуется,да,,OK; low-res alternatives rejected,38 low-resolution images rejected; confirmed remote image not found,,,,57,https://mircli.ru/Hisense-AVS-28HJDTD/,Excel MORE_PHOTO | https://hisense.com.ua/tech-doc-vrf-indoor/ | https://mircli.ru/Hisense-AVS-05HJDTD/,18,main,58,1,4,19
03,AVS-07HJDTD,AVS-HJDTD,AVS-HJDTD/AVS-07HJDTD,,19,да,не требуется,нет,HYE-VD01,не требуется,да,,OK; low-res alternatives rejected,36 low-resolution images rejected; confirmed remote image not found,,,,55,https://mircli.ru/Hisense-AVS-28HJDTD/,Excel MORE_PHOTO | https://hisense.com.ua/tech-doc-vrf-indoor/ | https://mircli.ru/Hisense-AVS-05HJDTD/ | https://mircli.ru/Hisense-AVS-07HJDTD/,18,main,59,1,4,19
03,AVS-09HJDTD,AVS-HJDTD,AVS-HJDTD/AVS-09HJDTD,,19,да,не требуется,нет,HYE-VD01,не требуется,да,,OK; low-res alternatives rejected,36 low-resolution images rejected; confirmed remote image not found,,,,55,https://mircli.ru/Hisense-AVS-28HJDTD/,Excel MORE_PHOTO | https://hisense.com.ua/tech-doc-vrf-indoor/ | https://mircli.ru/Hisense-AVS-05HJDTD/ | https://mircli.ru/Hisense-AVS-09HJDTD/,18,main,60,1,4,19
03,AVS-12HJDTD,AVS-HJDTD,AVS-HJDTD/AVS-12HJDTD,,19,да,не требуется,нет,HYE-VD01,не требуется,да,,OK; low-res alternatives rejected,36 low-resolution images rejected; confirmed remote image not found,,,,55,https://mircli.ru/Hisense-AVS-28HJDTD/,Excel MORE_PHOTO | https://hisense.com.ua/tech-doc-vrf-indoor/ | https://mircli.ru/Hisense-AVS-05HJDTD/ | https://mircli.ru/Hisense-AVS-12HJDTD/,18,main,61,1,4,19
03,AVS-15HJDTD,AVS-HJDTD,AVS-HJDTD/AVS-15HJDTD,,19,да,не требуется,нет,HYE-VD01,не требуется,да,,OK; low-res alternatives rejected,36 low-resolution images rejected; confirmed remote image not found,,,,55,https://mircli.ru/Hisense-AVS-28HJDTD/,Excel MORE_PHOTO | https://hisense.com.ua/tech-doc-vrf-indoor/ | https://mircli.ru/Hisense-AVS-05HJDTD/ | https://mircli.ru/Hisense-AVS-15HJDTD/,18,main,62,1,4,19
03,AVS-19HJDTD,AVS-HJDTD,AVS-HJDTD/AVS-19HJDTD,,19,да,не требуется,нет,HYE-VD01,не требуется,да,,OK; low-res alternatives rejected,36 low-resolution images rejected; confirmed remote image not found,,,,55,https://mircli.ru/Hisense-AVS-28HJDTD/,Excel MORE_PHOTO | https://hisense.com.ua/tech-doc-vrf-indoor/ | https://mircli.ru/Hisense-AVS-05HJDTD/ | https://mircli.ru/Hisense-AVS-19HJDTD/,18,main,63,1,4,19
03,AVS-24HJDTD,AVS-HJDTD,AVS-HJDTD/AVS-24HJDTD,,19,да,не требуется,нет,HYE-VD01,не требуется,да,,OK; low-res alternatives rejected,41 low-resolution images rejected; confirmed remote image not found,,,,60,https://mircli.ru/Hisense-AVS-28HJDTD/,Excel MORE_PHOTO | https://hisense.com.ua/tech-doc-vrf-indoor/ | https://mircli.ru/Hisense-AVS-05HJDTD/ | https://mircli.ru/Hisense-AVS-24HJDTD/,18,main,64,1,4,19
03,AVS-28HJDTD,AVS-HJDTD,AVS-HJDTD/AVS-28HJDTD,,6,да,не требуется,нет,HYE-VD01,не требуется,да,,OK; low-res alternatives rejected,18 low-resolution images rejected; confirmed remote image not found,,,,24,https://mircli.ru/Hisense-AVS-28HJDTD/,Excel MORE_PHOTO | https://mircli.ru/Hisense-AVS-05HJDTD/ | https://mircli.ru/Hisense-AVS-28HJDTD/,5,main,65,1,1,6
04,AVD-24HJDH,AVD-HJDH,AVD-HJDH/AVD-24HJDH,,6,да,не требуется,нет,HYXE-VA01A/HYXE-VC01,не требуется,да,,OK; low-res alternatives rejected,37 low-resolution images rejected; confirmed remote image not found; multiple controller variants listed in Excel; both searched,,,,43,https://hisense-air.ru/product/visok-vnutr-block-canal-dc-vent/,Excel MORE_PHOTO | https://mircli.ru/Hisense-AVD-24HJDH/,5,main,45,1,2,6
04,AVD-09HJDH,AVD-HJDH,AVD-HJDH/AVD-09HJDH,,6,да,не требуется,нет,HYXE-VA01A/HYXE-VC01,не требуется,да,,OK; low-res alternatives rejected,33 low-resolution images rejected; confirmed remote image not found; multiple controller variants listed in Excel; both searched,,,,39,https://hisense-air.ru/product/visok-vnutr-block-canal-dc-vent/,Excel MORE_PHOTO | https://mircli.ru/Hisense-AVD-09HJDH/,5,main,46,1,2,6
04,AVD-12HJDH,AVD-HJDH,AVD-HJDH/AVD-12HJDH,,6,да,не требуется,нет,HYXE-VA01A/HYXE-VC01,не требуется,да,,OK; low-res alternatives rejected,37 low-resolution images rejected; confirmed remote image not found; multiple controller variants listed in Excel; both searched,,,,43,https://hisense-air.ru/product/visok-vnutr-block-canal-dc-vent/,Excel MORE_PHOTO | https://mircli.ru/Hisense-AVD-12HJDH/,5,main,47,1,2,6
04,AVD-15HJDH,AVD-HJDH,AVD-HJDH/AVD-15HJDH,,6,да,не требуется,нет,HYXE-VA01A/HYXE-VC01,не требуется,да,,OK; low-res alternatives rejected,25 low-resolution images rejected; confirmed remote image not found; multiple controller variants listed in Excel; both searched,,,,31,https://hisense-air.ru/product/visok-vnutr-block-canal-dc-vent/,Excel MORE_PHOTO | https://mircli.ru/Hisense-AVD-15HJDH/,5,main,48,1,2,6
04,AVD-19HJDH,AVD-HJDH,AVD-HJDH/AVD-19HJDH,,6,да,не требуется,нет,HYXE-VA01A/HYXE-VC01,не требуется,да,,OK; low-res alternatives rejected,31 low-resolution images rejected; confirmed remote image not found; multiple controller variants listed in Excel; both searched,,,,37,https://hisense-air.ru/product/visok-vnutr-block-canal-dc-vent/,Excel MORE_PHOTO | https://mircli.ru/Hisense-AVD-15HJDH/ | https://mircli.ru/Hisense-AVD-19HJDH/,5,main,49,1,2,6
04,AVD-24HJDH1,AVD-HJDH,AVD-HJDH/AVD-24HJDH1,,6,да,не требуется,нет,HYXE-VA01A/HYXE-VC01,не требуется,да,,OK; low-res alternatives rejected,37 low-resolution images rejected; confirmed remote image not found; multiple controller variants listed in Excel; both searched,,,,43,https://hisense-air.ru/product/visok-vnutr-block-canal-dc-vent/,Excel MORE_PHOTO | https://mircli.ru/Hisense-AVD-12HJDH/ | https://mircli.ru/Hisense-AVD-19HJDH/ | https://mircli.ru/Hisense-AVD-24HJDH1/,5,main,50,1,2,6
04,AVD-30HJDH,AVD-HJDH,AVD-HJDH/AVD-30HJDH,,6,да,не требуется,нет,HYXE-VA01A/HYXE-VC01,не требуется,да,,OK; low-res alternatives rejected,28 low-resolution images rejected; confirmed remote image not found; multiple controller variants listed in Excel; both searched,,,,34,https://hisense-air.ru/product/visok-vnutr-block-canal-dc-vent/,Excel MORE_PHOTO | https://mircli.ru/Hisense-AVD-12HJDH/ | https://mircli.ru/Hisense-AVD-19HJDH/ | https://mircli.ru/Hisense-AVD-30HJDH/,5,main,51,1,2,6
04,AVD-38HJDH,AVD-HJDH,AVD-HJDH/AVD-38HJDH,,6,да,не требуется,нет,HYXE-VA01A/HYXE-VC01,не требуется,да,,OK; low-res alternatives rejected,28 low-resolution images rejected; confirmed remote image not found; multiple controller variants listed in Excel; both searched,,,,34,https://hisense-air.ru/product/visok-vnutr-block-canal-dc-vent/,Excel MORE_PHOTO | https://mircli.ru/Hisense-AVD-12HJDH/ | https://mircli.ru/Hisense-AVD-19HJDH/ | https://mircli.ru/Hisense-AVD-38HJDH/,5,main,52,1,2,6
04,AVD-42HJDH,AVD-HJDH,AVD-HJDH/AVD-42HJDH,,6,да,не требуется,нет,HYXE-VA01A/HYXE-VC01,не требуется,да,,OK; low-res alternatives rejected,28 low-resolution images rejected; confirmed remote image not found; multiple controller variants listed in Excel; both searched,,,,34,https://hisense-air.ru/product/visok-vnutr-block-canal-dc-vent/,Excel MORE_PHOTO | https://mircli.ru/Hisense-AVD-12HJDH/ | https://mircli.ru/Hisense-AVD-19HJDH/ | https://mircli.ru/Hisense-AVD-42HJDH/,5,main,53,1,2,6
04,AVD-48HJDH,AVD-HJDH,AVD-HJDH/AVD-48HJDH,,6,да,не требуется,нет,HYXE-VA01A/HYXE-VC01,не требуется,да,,OK; low-res alternatives rejected,25 low-resolution images rejected; confirmed remote image not found; multiple controller variants listed in Excel; both searched,,,,31,https://hisense-air.ru/product/visok-vnutr-block-canal-dc-vent/,Excel MORE_PHOTO | https://mircli.ru/Hisense-AVD-12HJDH/ | https://mircli.ru/Hisense-AVD-19HJDH/ | https://mircli.ru/Hisense-AVD-48HJDH/,5,main,54,1,2,6
04,AVD-54HJDH,AVD-HJDH,AVD-HJDH/AVD-54HJDH,,6,да,не требуется,нет,HYXE-VA01A/HYXE-VC01,не требуется,да,,OK; low-res alternatives rejected,31 low-resolution images rejected; confirmed remote image not found; multiple controller variants listed in Excel; both searched,,,,37,https://hisense-air.ru/product/visok-vnutr-block-canal-dc-vent/,Excel MORE_PHOTO | https://mircli.ru/Hisense-AVD-12HJDH/ | https://mircli.ru/Hisense-AVD-19HJDH/ | https://mircli.ru/Hisense-AVD-54HJDH/,5,main,55,1,2,6
04,AVD-76HJDH,AVD-HJDH,AVD-HJDH/AVD-76HJDH,,6,да,не требуется,нет,HYXE-VA01A/HYXE-VC01,не требуется,да,,OK; low-res alternatives rejected,31 low-resolution images rejected; confirmed remote image not found; multiple controller variants listed in Excel; both searched,,,,37,https://hisense-air.ru/product/visok-vnutr-block-canal-dc-vent/,Excel MORE_PHOTO | https://mircli.ru/Hisense-AVD-12HJDH/ | https://mircli.ru/Hisense-AVD-19HJDH/ | https://mircli.ru/Hisense-AVD-76HJDH/,5,main,56,1,2,6
04,AVD-96HJDH,AVD-HJDH,AVD-HJDH/AVD-96HJDH,,6,да,не требуется,нет,HYXE-VA01A/HYXE-VC01,не требуется,да,,OK; low-res alternatives rejected,35 low-resolution images rejected; confirmed remote image not found; multiple controller variants listed in Excel; both searched,,,,41,https://hisense-air.ru/product/visok-vnutr-block-canal-dc-vent/,Excel MORE_PHOTO | https://mircli.ru/Hisense-AVD-12HJDH/ | https://mircli.ru/Hisense-AVD-19HJDH/ | https://mircli.ru/Hisense-AVD-96HJDH/,5,main,57,1,2,6
05,AVD-07HJFH,AVD-HJFH,AVD-HJFH/AVD-07HJFH,,7,да,не требуется,нет,"да, проводной",не требуется,да,,OK; low-res alternatives rejected,90 low-resolution images rejected; confirmed remote image not found,,,,97,https://www.el-vent.ru/catalog/vysokonapornyy-vnutrenniy-blok-kanalnogo-tipa-c-dc-ventilyatorom-avd-07hjfh/,https://coolsochi.ru/product/hisense-avd-07hjfh/ | https://hisense.com.ua/tech-doc-vrf-indoor/ | https://mircli.ru/Hisense-AVD-07HJFH/ | https://www.el-vent.ru/catalog/vysokonapornyy-vnutrenniy-blok-kanalnogo-tipa-c-dc-ventilyatorom-avd-07hjfh/,6,main,9,1,5,7
05,AVD-09HJFH,AVD-HJFH,AVD-HJFH/AVD-09HJFH,,7,да,не требуется,нет,"да, проводной",не требуется,да,,OK; low-res alternatives rejected,90 low-resolution images rejected; confirmed remote image not found,,,,97,https://www.el-vent.ru/catalog/vysokonapornyy-vnutrenniy-blok-kanalnogo-tipa-c-dc-ventilyatorom-avd-07hjfh/,https://coolsochi.ru/product/hisense-avd-07hjfh/ | https://hisense.com.ua/tech-doc-vrf-indoor/ | https://mircli.ru/Hisense-AVD-09HJFH/ | https://mircli.ru/Hisense-AVD-15HJFH/ | https://www.el-vent.ru/catalog/vysokonapornyy-vnutrenniy-blok-kanalnogo-tipa-c-dc-ventilyatorom-avd-07hjfh/,6,main,10,1,5,7
05,AVD-12HJFH,AVD-HJFH,AVD-HJFH/AVD-12HJFH,,7,да,не требуется,нет,"да, проводной",не требуется,да,,OK; low-res alternatives rejected,90 low-resolution images rejected; confirmed remote image not found,,,,97,https://www.el-vent.ru/catalog/vysokonapornyy-vnutrenniy-blok-kanalnogo-tipa-c-dc-ventilyatorom-avd-07hjfh/,https://coolsochi.ru/product/hisense-avd-07hjfh/ | https://hisense.com.ua/tech-doc-vrf-indoor/ | https://mircli.ru/Hisense-AVD-12HJFH/ | https://www.el-vent.ru/catalog/vysokonapornyy-vnutrenniy-blok-kanalnogo-tipa-c-dc-ventilyatorom-avd-07hjfh/,6,main,11,1,5,7
05,AVD-15HJFH,AVD-HJFH,AVD-HJFH/AVD-15HJFH,,7,да,не требуется,нет,"да, проводной",не требуется,да,,OK; low-res alternatives rejected,90 low-resolution images rejected; confirmed remote image not found,,,,97,https://www.el-vent.ru/catalog/vysokonapornyy-vnutrenniy-blok-kanalnogo-tipa-c-dc-ventilyatorom-avd-07hjfh/,https://coolsochi.ru/product/hisense-avd-07hjfh/ | https://hisense.com.ua/tech-doc-vrf-indoor/ | https://mircli.ru/Hisense-AVD-15HJFH/ | https://www.el-vent.ru/catalog/vysokonapornyy-vnutrenniy-blok-kanalnogo-tipa-c-dc-ventilyatorom-avd-07hjfh/,6,main,12,1,5,7
05,AVD-19HJFH,AVD-HJFH,AVD-HJFH/AVD-19HJFH,,7,да,не требуется,нет,"да, проводной",не требуется,да,,OK; low-res alternatives rejected,90 low-resolution images rejected; confirmed remote image not found,,,,97,https://www.el-vent.ru/catalog/vysokonapornyy-vnutrenniy-blok-kanalnogo-tipa-c-dc-ventilyatorom-avd-07hjfh/,https://coolsochi.ru/product/hisense-avd-07hjfh/ | https://hisense.com.ua/tech-doc-vrf-indoor/ | https://mircli.ru/Hisense-AVD-19HJFH/ | https://www.el-vent.ru/catalog/vysokonapornyy-vnutrenniy-blok-kanalnogo-tipa-c-dc-ventilyatorom-avd-07hjfh/,6,main,13,1,5,7
05,AVD-24HJFH1,AVD-HJFH,AVD-HJFH/AVD-24HJFH1,,7,да,не требуется,нет,"да, проводной",не требуется,да,,OK; low-res alternatives rejected,90 low-resolution images rejected; confirmed remote image not found,,,,97,https://www.el-vent.ru/catalog/vysokonapornyy-vnutrenniy-blok-kanalnogo-tipa-c-dc-ventilyatorom-avd-07hjfh/,https://coolsochi.ru/product/hisense-avd-07hjfh/ | https://hisense.com.ua/tech-doc-vrf-indoor/ | https://mircli.ru/Hisense-AVD-15HJFH/ | https://mircli.ru/Hisense-AVD-24HJFH1/ | https://www.el-vent.ru/catalog/vysokonapornyy-vnutrenniy-blok-kanalnogo-tipa-c-dc-ventilyatorom-avd-07hjfh/,6,main,14,1,5,7
05,AVD-30HJFH,AVD-HJFH,AVD-HJFH/AVD-30HJFH,,7,да,не требуется,нет,"да, проводной",не требуется,да,,OK; low-res alternatives rejected,90 low-resolution images rejected; confirmed remote image not found,,,,97,https://www.el-vent.ru/catalog/vysokonapornyy-vnutrenniy-blok-kanalnogo-tipa-c-dc-ventilyatorom-avd-07hjfh/,https://coolsochi.ru/product/hisense-avd-07hjfh/ | https://hisense.com.ua/tech-doc-vrf-indoor/ | https://mircli.ru/Hisense-AVD-15HJFH/ | https://mircli.ru/Hisense-AVD-30HJFH/ | https://www.el-vent.ru/catalog/vysokonapornyy-vnutrenniy-blok-kanalnogo-tipa-c-dc-ventilyatorom-avd-07hjfh/,6,main,15,1,5,7
05,AVD-38HJFH,AVD-HJFH,AVD-HJFH/AVD-38HJFH,,7,да,не требуется,нет,"да, проводной",не требуется,да,,OK; low-res alternatives rejected,90 low-resolution images rejected; confirmed remote image not found,,,,97,https://www.el-vent.ru/catalog/vysokonapornyy-vnutrenniy-blok-kanalnogo-tipa-c-dc-ventilyatorom-avd-07hjfh/,https://coolsochi.ru/product/hisense-avd-07hjfh/ | https://hisense.com.ua/tech-doc-vrf-indoor/ | https://mircli.ru/Hisense-AVD-15HJFH/ | https://mircli.ru/Hisense-AVD-38HJFH/ | https://www.el-vent.ru/catalog/vysokonapornyy-vnutrenniy-blok-kanalnogo-tipa-c-dc-ventilyatorom-avd-07hjfh/,6,main,16,1,5,7
05,AVD-48HJFH,AVD-HJFH,AVD-HJFH/AVD-48HJFH,,7,да,не требуется,нет,"да, проводной",не требуется,да,,OK; low-res alternatives rejected,90 low-resolution images rejected; confirmed remote image not found,,,,97,https://www.el-vent.ru/catalog/vysokonapornyy-vnutrenniy-blok-kanalnogo-tipa-c-dc-ventilyatorom-avd-07hjfh/,https://coolsochi.ru/product/hisense-avd-07hjfh/ | https://hisense.com.ua/tech-doc-vrf-indoor/ | https://mircli.ru/Hisense-AVD-15HJFH/ | https://mircli.ru/Hisense-AVD-48HJFH/ | https://www.el-vent.ru/catalog/vysokonapornyy-vnutrenniy-blok-kanalnogo-tipa-c-dc-ventilyatorom-avd-07hjfh/,6,main,17,1,5,7
05,AVD-54HJFH,AVD-HJFH,AVD-HJFH/AVD-54HJFH,,7,да,не требуется,нет,"да, проводной",не требуется,да,,OK; low-res alternatives rejected,90 low-resolution images rejected; confirmed remote image not found,,,,97,https://www.el-vent.ru/catalog/vysokonapornyy-vnutrenniy-blok-kanalnogo-tipa-c-dc-ventilyatorom-avd-07hjfh/,https://coolsochi.ru/product/hisense-avd-07hjfh/ | https://hisense.com.ua/tech-doc-vrf-indoor/ | https://mircli.ru/Hisense-AVD-15HJFH/ | https://mircli.ru/Hisense-AVD-54HJFH/ | https://www.el-vent.ru/catalog/vysokonapornyy-vnutrenniy-blok-kanalnogo-tipa-c-dc-ventilyatorom-avd-07hjfh/,6,main,18,1,5,7
05,AVD-76HJFH,AVD-HJFH,AVD-HJFH/AVD-76HJFH,,7,да,не требуется,нет,"да, проводной",не требуется,да,,OK; low-res alternatives rejected,90 low-resolution images rejected; confirmed remote image not found,,,,97,https://www.el-vent.ru/catalog/vysokonapornyy-vnutrenniy-blok-kanalnogo-tipa-c-dc-ventilyatorom-avd-07hjfh/,https://coolsochi.ru/product/hisense-avd-07hjfh/ | https://hisense.com.ua/tech-doc-vrf-indoor/ | https://mircli.ru/Hisense-AVD-15HJFH/ | https://mircli.ru/Hisense-AVD-76HJFH/ | https://www.el-vent.ru/catalog/vysokonapornyy-vnutrenniy-blok-kanalnogo-tipa-c-dc-ventilyatorom-avd-07hjfh/,6,main,19,1,5,7
05,AVD-96HJFH,AVD-HJFH,AVD-HJFH/AVD-96HJFH,,7,да,не требуется,нет,"да, проводной",не требуется,да,,OK; low-res alternatives rejected,90 low-resolution images rejected; confirmed remote image not found,,,,97,https://www.el-vent.ru/catalog/vysokonapornyy-vnutrenniy-blok-kanalnogo-tipa-c-dc-ventilyatorom-avd-07hjfh/,https://coolsochi.ru/product/hisense-avd-07hjfh/ | https://hisense.com.ua/tech-doc-vrf-indoor/ | https://mircli.ru/Hisense-AVD-15HJFH/ | https://mircli.ru/Hisense-AVD-96HJFH/ | https://www.el-vent.ru/catalog/vysokonapornyy-vnutrenniy-blok-kanalnogo-tipa-c-dc-ventilyatorom-avd-07hjfh/,6,main,20,1,5,7
05,AVE-05HJDDH,AVE-HJDDH,AVE-HJDDH/AVE-05HJDDH,,12,да,не требуется,нет,HYXE-VC01,не требуется,да,,OK; low-res alternatives rejected,39 low-resolution images rejected; confirmed remote image not found,,,,51,https://mircli.ru/Hisense-AVE-05HJDDH/,Excel MORE_PHOTO | https://mircli.ru/Hisense-AVD-15HJFH/ | https://mircli.ru/Hisense-AVE-05HJDDH/,11,main,38,1,2,12
05,AVE-07HJDDH,AVE-HJDDH,AVE-HJDDH/AVE-07HJDDH,,12,да,не требуется,нет,HYXE-VC01,не требуется,да,,OK; low-res alternatives rejected,76 low-resolution images rejected; confirmed remote image not found,,,,88,https://mircli.ru/Hisense-AVE-05HJDDH/,Excel MORE_PHOTO | https://mircli.ru/Hisense-AVD-15HJFH/ | https://mircli.ru/Hisense-AVE-05HJDDH/ | https://mircli.ru/Hisense-AVE-07HJDDH/,11,main,39,1,3,12
05,AVE-09HJDDH,AVE-HJDDH,AVE-HJDDH/AVE-09HJDDH,,12,да,не требуется,нет,HYXE-VC01,не требуется,да,,OK; low-res alternatives rejected,76 low-resolution images rejected; confirmed remote image not found,,,,88,https://mircli.ru/Hisense-AVE-05HJDDH/,Excel MORE_PHOTO | https://mircli.ru/Hisense-AVD-15HJFH/ | https://mircli.ru/Hisense-AVE-05HJDDH/ | https://mircli.ru/Hisense-AVE-09HJDDH/,11,main,40,1,3,12
05,AVE-12HJDDH,AVE-HJDDH,AVE-HJDDH/AVE-12HJDDH,,12,да,не требуется,нет,HYXE-VC01,не требуется,да,,OK; low-res alternatives rejected,79 low-resolution images rejected; confirmed remote image not found,,,,91,https://mircli.ru/Hisense-AVE-05HJDDH/,Excel MORE_PHOTO | https://mircli.ru/Hisense-AVD-15HJFH/ | https://mircli.ru/Hisense-AVE-05HJDDH/ | https://mircli.ru/Hisense-AVE-12HJDDH/,11,main,41,1,3,12
05,AVE-15HJDDH,AVE-HJDDH,AVE-HJDDH/AVE-15HJDDH,,12,да,не требуется,нет,HYXE-VC01,не требуется,да,,OK; low-res alternatives rejected,68 low-resolution images rejected; confirmed remote image not found,,,,80,https://mircli.ru/Hisense-AVE-05HJDDH/,Excel MORE_PHOTO | https://mircli.ru/Hisense-AVD-15HJFH/ | https://mircli.ru/Hisense-AVE-05HJDDH/ | https://mircli.ru/Hisense-AVE-15HJDDH/,11,main,42,1,3,12
05,AVE-19HJDDH,AVE-HJDDH,AVE-HJDDH/AVE-19HJDDH,,12,да,не требуется,нет,HYXE-VC01,не требуется,да,,OK; low-res alternatives rejected,74 low-resolution images rejected; confirmed remote image not found,,,,86,https://mircli.ru/Hisense-AVE-05HJDDH/,Excel MORE_PHOTO | https://mircli.ru/Hisense-AVD-15HJFH/ | https://mircli.ru/Hisense-AVE-05HJDDH/ | https://mircli.ru/Hisense-AVE-19HJDDH/,11,main,43,1,3,12
05,AVE-24HJDDH,AVE-HJDDH,AVE-HJDDH/AVE-24HJDDH,,12,да,не требуется,нет,HYXE-VC01,не требуется,да,,OK; low-res alternatives rejected,79 low-resolution images rejected; confirmed remote image not found,,,,91,https://mircli.ru/Hisense-AVE-05HJDDH/,Excel MORE_PHOTO | https://mircli.ru/Hisense-AVD-15HJFH/ | https://mircli.ru/Hisense-AVE-05HJDDH/ | https://mircli.ru/Hisense-AVE-24HJDDH/,11,main,44,1,3,12
06,AVWT-76HKF5,S5,S5/AVWT-76HKF5,,10,не требуется,да,не требуется,,не требуется,да,,OK; low-res alternatives rejected,41 low-resolution images rejected,,,,51,https://docs.breez.ru/catalog/hisense/narujniye-bloki-vrf-s5/narujniye-bloki-vrf-s5-instruction.pdf,Excel MORE_PHOTO | https://mircli.ru/Hisense-AVWT-76HKF5/ | https://mircli.ru/Hisense-AVWT-96HKF5/,9,main,93,5,3,10
06,AVWT-96HKF5,S5,S5/AVWT-96HKF5,,10,не требуется,да,не требуется,,не требуется,да,,OK; low-res alternatives rejected,22 low-resolution images rejected,,,,32,https://docs.breez.ru/catalog/hisense/narujniye-bloki-vrf-s5/narujniye-bloki-vrf-s5-instruction.pdf,Excel MORE_PHOTO | https://mircli.ru/Hisense-AVWT-96HKF5/,9,main,94,5,3,10
06,AVWT-114HKF5,S5,S5/AVWT-114HKF5,,10,не требуется,да,не требуется,,не требуется,да,,OK; low-res alternatives rejected,41 low-resolution images rejected,,,,51,https://docs.breez.ru/catalog/hisense/narujniye-bloki-vrf-s5/narujniye-bloki-vrf-s5-instruction.pdf,Excel MORE_PHOTO | https://mircli.ru/Hisense-AVWT-114HKF5/ | https://mircli.ru/Hisense-AVWT-96HKF5/,9,main,95,5,3,10
06,AVWT-136HKF5,S5,S5/AVWT-136HKF5,,10,не требуется,да,не требуется,,не требуется,да,,OK; low-res alternatives rejected,37 low-resolution images rejected,,,,47,https://docs.breez.ru/catalog/hisense/narujniye-bloki-vrf-s5/narujniye-bloki-vrf-s5-instruction.pdf,Excel MORE_PHOTO | https://mircli.ru/Hisense-AVWT-136HKF5/ | https://mircli.ru/Hisense-AVWT-96HKF5/,9,main,96,5,3,10
06,AVWT-154HKF5,S5,S5/AVWT-154HKF5,,10,не требуется,да,не требуется,,не требуется,да,,OK; low-res alternatives rejected,36 low-resolution images rejected,,,,46,https://docs.breez.ru/catalog/hisense/narujniye-bloki-vrf-s5/narujniye-bloki-vrf-s5-instruction.pdf,Excel MORE_PHOTO | https://mircli.ru/Hisense-AVWT-154HKF5/ | https://mircli.ru/Hisense-AVWT-96HKF5/,9,main,97,5,3,10
06,AVWT-170HKF5,S5,S5/AVWT-170HKF5,,10,не требуется,да,не требуется,,не требуется,да,,OK; low-res alternatives rejected,44 low-resolution images rejected,,,,54,https://docs.breez.ru/catalog/hisense/narujniye-bloki-vrf-s5/narujniye-bloki-vrf-s5-instruction.pdf,Excel MORE_PHOTO | https://mircli.ru/Hisense-AVWT-170HKF5/ | https://mircli.ru/Hisense-AVWT-96HKF5/,9,main,98,5,3,10
06,AVWT-190HKF5,S5,S5/AVWT-190HKF5,,10,не требуется,да,не требуется,,не требуется,да,,OK; low-res alternatives rejected,44 low-resolution images rejected,,,,54,https://docs.breez.ru/catalog/hisense/narujniye-bloki-vrf-s5/narujniye-bloki-vrf-s5-instruction.pdf,Excel MORE_PHOTO | https://mircli.ru/Hisense-AVWT-190HKF5/ | https://mircli.ru/Hisense-AVWT-96HKF5/,9,main,99,5,3,10
06,AVWT-212HKF5,S5,S5/AVWT-212HKF5,,10,не требуется,да,не требуется,,не требуется,да,,OK; low-res alternatives rejected,49 low-resolution images rejected,,,,59,https://docs.breez.ru/catalog/hisense/narujniye-bloki-vrf-s5/narujniye-bloki-vrf-s5-instruction.pdf,Excel MORE_PHOTO | https://mircli.ru/Hisense-AVWT-212HKF5/ | https://mircli.ru/Hisense-AVWT-96HKF5/,9,main,100,5,3,10
06,AVWT-232HKF5,S5,S5/AVWT-232HKF5,,10,не требуется,да,не требуется,,не требуется,да,,OK; low-res alternatives rejected,49 low-resolution images rejected,,,,59,https://docs.breez.ru/catalog/hisense/narujniye-bloki-vrf-s5/narujniye-bloki-vrf-s5-instruction.pdf,Excel MORE_PHOTO | https://mircli.ru/Hisense-AVWT-232HKF5/ | https://mircli.ru/Hisense-AVWT-96HKF5/,9,main,101,5,3,10
06,AVWT-250HKF5,S5,S5/AVWT-250HKF5,,10,не требуется,да,не требуется,,не требуется,да,,OK; low-res alternatives rejected,49 low-resolution images rejected,,,,59,https://docs.breez.ru/catalog/hisense/narujniye-bloki-vrf-s5/narujniye-bloki-vrf-s5-instruction.pdf,Excel MORE_PHOTO | https://mircli.ru/Hisense-AVWT-250HKF5/ | https://mircli.ru/Hisense-AVWT-96HKF5/,9,main,102,5,3,10
06,AVWT-272HKF5,S5,S5/AVWT-272HKF5,,10,не требуется,да,не требуется,,не требуется,да,,OK; low-res alternatives rejected,49 low-resolution images rejected,,,,59,https://docs.breez.ru/catalog/hisense/narujniye-bloki-vrf-s5/narujniye-bloki-vrf-s5-instruction.pdf,Excel MORE_PHOTO | https://mircli.ru/Hisense-AVWT-272HKF5/ | https://mircli.ru/Hisense-AVWT-96HKF5/,9,main,103,5,3,10
06,AVWT-290HKF5,S5,S5/AVWT-290HKF5,,10,не требуется,да,не требуется,,не требуется,да,,OK; low-res alternatives rejected,49 low-resolution images rejected,,,,59,https://docs.breez.ru/catalog/hisense/narujniye-bloki-vrf-s5/narujniye-bloki-vrf-s5-instruction.pdf,Excel MORE_PHOTO | https://mircli.ru/Hisense-AVWT-290HKF5/ | https://mircli.ru/Hisense-AVWT-96HKF5/,9,main,104,5,3,10
06,AVWT-307HKF5,S5,S5/AVWT-307HKF5,,10,не требуется,да,не требуется,,не требуется,да,,OK; low-res alternatives rejected,49 low-resolution images rejected,,,,59,https://docs.breez.ru/catalog/hisense/narujniye-bloki-vrf-s5/narujniye-bloki-vrf-s5-instruction.pdf,Excel MORE_PHOTO | https://mircli.ru/Hisense-AVWT-307HKF5/ | https://mircli.ru/Hisense-AVWT-96HKF5/,9,main,105,5,3,10
06,AVWT-324HKF5,S5,S5/AVWT-324HKF5,,10,не требуется,да,не требуется,,не требуется,да,,OK; low-res alternatives rejected,49 low-resolution images rejected,,,,59,https://docs.breez.ru/catalog/hisense/narujniye-bloki-vrf-s5/narujniye-bloki-vrf-s5-instruction.pdf,Excel MORE_PHOTO | https://mircli.ru/Hisense-AVWT-324HKF5/ | https://mircli.ru/Hisense-AVWT-96HKF5/,9,main,106,5,3,10
06,AVWT-343HKF5,S5,S5/AVWT-343HKF5,,10,не требуется,да,не требуется,,не требуется,да,,OK; low-res alternatives rejected,49 low-resolution images rejected,,,,59,https://docs.breez.ru/catalog/hisense/narujniye-bloki-vrf-s5/narujniye-bloki-vrf-s5-instruction.pdf,Excel MORE_PHOTO | https://mircli.ru/Hisense-AVWT-343HKF5/ | https://mircli.ru/Hisense-AVWT-96HKF5/,9,main,107,5,3,10
06,AVWT-365HKF5,S5,S5/AVWT-365HKF5,,10,не требуется,да,не требуется,,не требуется,да,,OK; low-res alternatives rejected,49 low-resolution images rejected,,,,59,https://docs.breez.ru/catalog/hisense/narujniye-bloki-vrf-s5/narujniye-bloki-vrf-s5-instruction.pdf,Excel MORE_PHOTO | https://mircli.ru/Hisense-AVWT-365HKF5/ | https://mircli.ru/Hisense-AVWT-96HKF5/,9,main,108,5,3,10
06,AVWT-386HKF5,S5,S5/AVWT-386HKF5,,10,не требуется,да,не требуется,,не требуется,да,,OK; low-res alternatives rejected,49 low-resolution images rejected,,,,59,https://docs.breez.ru/catalog/hisense/narujniye-bloki-vrf-s5/narujniye-bloki-vrf-s5-instruction.pdf,Excel MORE_PHOTO | https://mircli.ru/Hisense-AVWT-386HKF5/ | https://mircli.ru/Hisense-AVWT-96HKF5/,9,main,109,5,3,10
06,AVWT-404HKF5,S5,S5/AVWT-404HKF5,,10,не требуется,да,не требуется,,не требуется,да,,OK; low-res alternatives rejected,49 low-resolution images rejected,,,,59,https://docs.breez.ru/catalog/hisense/narujniye-bloki-vrf-s5/narujniye-bloki-vrf-s5-instruction.pdf,Excel MORE_PHOTO | https://mircli.ru/Hisense-AVWT-404HKF5/ | https://mircli.ru/Hisense-AVWT-96HKF5/,9,main,110,5,3,10
07,AVW-27HJFAE1,A,A/AVW-27HJFAE1,,11,не требуется,да,не требуется,,не требуется,да,,OK; low-res alternatives rejected,12 low-resolution images rejected,,,,23,https://docs.breez.ru/catalog/hisense/narujniye-bloki-vrf-a/narujniye-bloki-vrf-a-instruction.pdf,Excel MORE_PHOTO | https://mircli.ru/Hisense-AVW-27HJFAE1/ | https://mircli.ru/Hisense-AVW-42HJFAE1/,10,main,77,3,3,11
07,AVW-34HJFAE1,A,A/AVW-34HJFAE1,,11,не требуется,да,не требуется,,не требуется,да,,OK; low-res alternatives rejected,26 low-resolution images rejected,,,,37,https://docs.breez.ru/catalog/hisense/narujniye-bloki-vrf-a/narujniye-bloki-vrf-a-instruction.pdf,Excel MORE_PHOTO | https://mircli.ru/Hisense-AVW-27HJFAE1/ | https://mircli.ru/Hisense-AVW-34HJFAE1/ | https://mircli.ru/Hisense-AVW-42HJFAE1/,10,main,78,3,3,11
07,AVW-42HJFAE1,A,A/AVW-42HJFAE1,,11,не требуется,да,не требуется,,не требуется,да,,OK; low-res alternatives rejected,26 low-resolution images rejected,,,,37,https://docs.breez.ru/catalog/hisense/narujniye-bloki-vrf-a/narujniye-bloki-vrf-a-instruction.pdf,Excel MORE_PHOTO | https://mircli.ru/Hisense-AVW-42HJFAE1/,10,main,79,3,3,11
07,AVW-48HJFAE1,A,A/AVW-48HJFAE1,,11,не требуется,да,не требуется,,не требуется,да,,OK; low-res alternatives rejected,14 low-resolution images rejected,,,,25,https://docs.breez.ru/catalog/hisense/narujniye-bloki-vrf-a/narujniye-bloki-vrf-a-instruction.pdf,Excel MORE_PHOTO | https://mircli.ru/Hisense-AVW-27HJFAE1/ | https://mircli.ru/Hisense-AVW-42HJFAE1/ | https://mircli.ru/Hisense-AVW-48HJFAE1/,10,main,80,3,3,11
07,AVW-54HJFAE1,A,A/AVW-54HJFAE1,,11,не требуется,да,не требуется,,не требуется,да,,OK; low-res alternatives rejected,20 low-resolution images rejected,,,,31,https://docs.breez.ru/catalog/hisense/narujniye-bloki-vrf-a/narujniye-bloki-vrf-a-instruction.pdf,Excel MORE_PHOTO | https://mircli.ru/Hisense-AVW-27HJFAE1/ | https://mircli.ru/Hisense-AVW-42HJFAE1/ | https://mircli.ru/Hisense-AVW-54HJFAE1/,10,main,81,3,3,11
07,AVW-63HJFAE1,A,A/AVW-63HJFAE1,,11,не требуется,да,не требуется,,не требуется,да,,OK; low-res alternatives rejected,19 low-resolution images rejected,,,,30,https://docs.breez.ru/catalog/hisense/narujniye-bloki-vrf-a/narujniye-bloki-vrf-a-instruction.pdf,Excel MORE_PHOTO | https://mircli.ru/Hisense-AVW-27HJFAE1/ | https://mircli.ru/Hisense-AVW-42HJFAE1/ | https://mircli.ru/Hisense-AVW-63HJFAE1/,10,main,82,3,3,11
07,AVW-68HJFAE1,A,A/AVW-68HJFAE1,,11,не требуется,да,не требуется,,не требуется,да,,OK; low-res alternatives rejected,25 low-resolution images rejected,,,,36,https://docs.breez.ru/catalog/hisense/narujniye-bloki-vrf-a/narujniye-bloki-vrf-a-instruction.pdf,Excel MORE_PHOTO | https://mircli.ru/Hisense-AVW-27HJFAE1/ | https://mircli.ru/Hisense-AVW-42HJFAE1/ | https://mircli.ru/Hisense-AVW-68HJFAE1/,10,main,83,3,3,11
07,AVW-76HJFAE1,A,A/AVW-76HJFAE1,,11,не требуется,да,не требуется,,не требуется,да,,OK; low-res alternatives rejected,25 low-resolution images rejected,,,,36,https://docs.breez.ru/catalog/hisense/narujniye-bloki-vrf-a/narujniye-bloki-vrf-a-instruction.pdf,Excel MORE_PHOTO | https://mircli.ru/Hisense-AVW-27HJFAE1/ | https://mircli.ru/Hisense-AVW-42HJFAE1/ | https://mircli.ru/Hisense-AVW-76HJFAE1/,10,main,84,3,3,11
07,AVW-41HJDH2H1,H5,H5/AVW-41HJDH2H1,,14,не требуется,да,не требуется,,не требуется,да,,OK; low-res alternatives rejected,18 low-resolution images rejected,,,,32,https://docs.breez.ru/catalog/hisense/narujniye-bloki-vrf-h5/narujniye-bloki-vrf-h5-instruction.pdf,Excel MORE_PHOTO | https://mircli.ru/Hisense-AVW-27HJFAE1/ | https://mircli.ru/Hisense-AVW-41HJDH2H1/ | https://mircli.ru/Hisense-AVW-42HJFAE1/,13,main,85,6,3,14
07,AVW-48HJDH2H1,H5,H5/AVW-48HJDH2H1,,14,не требуется,да,не требуется,,не требуется,да,,OK; low-res alternatives rejected,18 low-resolution images rejected,,,,32,https://docs.breez.ru/catalog/hisense/narujniye-bloki-vrf-h5/narujniye-bloki-vrf-h5-instruction.pdf,Excel MORE_PHOTO | https://mircli.ru/Hisense-AVW-27HJFAE1/ | https://mircli.ru/Hisense-AVW-42HJFAE1/ | https://mircli.ru/Hisense-AVW-48HJDH2H1/,13,main,86,6,3,14
07,AVW-54HJDH2H1,H5,H5/AVW-54HJDH2H1,,14,не требуется,да,не требуется,,не требуется,да,,OK; low-res alternatives rejected,18 low-resolution images rejected,,,,32,https://docs.breez.ru/catalog/hisense/narujniye-bloki-vrf-h5/narujniye-bloki-vrf-h5-instruction.pdf,Excel MORE_PHOTO | https://mircli.ru/Hisense-AVW-27HJFAE1/ | https://mircli.ru/Hisense-AVW-42HJFAE1/ | https://mircli.ru/Hisense-AVW-54HJDH2H1/,13,main,87,6,3,14
07,AVW-76HKDHE2,H5,H5/AVW-76HKDHE2,,14,не требуется,да,не требуется,,не требуется,да,,OK; low-res alternatives rejected,24 low-resolution images rejected,,,,38,https://docs.breez.ru/catalog/hisense/narujniye-bloki-vrf-h5/narujniye-bloki-vrf-h5-instruction.pdf,Excel MORE_PHOTO | https://mircli.ru/Hisense-AVW-27HJFAE1/ | https://mircli.ru/Hisense-AVW-42HJFAE1/ | https://mircli.ru/Hisense-AVW-76HKDHE2/,13,main,88,6,3,14
07,AVW-96HKDHE2,H5,H5/AVW-96HKDHE2,,14,не требуется,да,не требуется,,не требуется,да,,OK; low-res alternatives rejected,25 low-resolution images rejected,,,,39,https://docs.breez.ru/catalog/hisense/narujniye-bloki-vrf-h5/narujniye-bloki-vrf-h5-instruction.pdf,Excel MORE_PHOTO | https://mircli.ru/Hisense-AVW-27HJFAE1/ | https://mircli.ru/Hisense-AVW-42HJFAE1/ | https://mircli.ru/Hisense-AVW-96HKDHE2/,13,main,89,6,3,14
07,AVW-114HKDHE2,H5,H5/AVW-114HKDHE2,,14,не требуется,да,не требуется,,не требуется,да,,OK; low-res alternatives rejected,44 low-resolution images rejected,,,,58,https://docs.breez.ru/catalog/hisense/narujniye-bloki-vrf-h5/narujniye-bloki-vrf-h5-instruction.pdf,Excel MORE_PHOTO | https://mircli.ru/Hisense-AVW-114HKDHE2/ | https://mircli.ru/Hisense-AVW-27HJFAE1/ | https://mircli.ru/Hisense-AVW-42HJFAE1/,13,main,90,6,3,14
07,AVW-136HKDHE2,H5,H5/AVW-136HKDHE2,,14,не требуется,да,не требуется,,не требуется,да,,OK; low-res alternatives rejected,40 low-resolution images rejected,,,,54,https://docs.breez.ru/catalog/hisense/narujniye-bloki-vrf-h5/narujniye-bloki-vrf-h5-instruction.pdf,Excel MORE_PHOTO | https://mircli.ru/Hisense-AVW-136HKDHE2/ | https://mircli.ru/Hisense-AVW-27HJFAE1/ | https://mircli.ru/Hisense-AVW-42HJFAE1/,13,main,91,6,3,14
07,AVW-154HKDHE2,H5,H5/AVW-154HKDHE2,,14,не требуется,да,не требуется,,не требуется,да,,OK; low-res alternatives rejected,39 low-resolution images rejected,,,,53,https://docs.breez.ru/catalog/hisense/narujniye-bloki-vrf-h5/narujniye-bloki-vrf-h5-instruction.pdf,Excel MORE_PHOTO | https://mircli.ru/Hisense-AVW-154HKDHE2/ | https://mircli.ru/Hisense-AVW-27HJFAE1/ | https://mircli.ru/Hisense-AVW-42HJFAE1/,13,main,92,6,3,14
07,AVWW-76FKFW1,W HEAT RECOVERY,W HEAT RECOVERY/AVWW-76FKFW1,,5,не требуется,да,да,,не требуется,да,,OK; low-res alternatives rejected,30 low-resolution images rejected,,,,35,https://docs.breez.ru/catalog/hisense/naruzhye-bloky-hi-smart-w-heat/naruzhye-bloky-hi-smart-w-heat-bim-model.zip,Excel MORE_PHOTO | https://mircli.ru/Hisense-AVW-27HJFAE1/ | https://mircli.ru/Hisense-AVW-42HJFAE1/ | https://mircli.ru/Hisense-AVWW-76FKFW1/,4,main,111,1,2,5
07,AVWW-96FKFW1,W HEAT RECOVERY,W HEAT RECOVERY/AVWW-96FKFW1,,5,не требуется,да,да,,не требуется,да,,OK; low-res alternatives rejected,23 low-resolution images rejected,,,,28,https://docs.breez.ru/catalog/hisense/naruzhye-bloky-hi-smart-w-heat/naruzhye-bloky-hi-smart-w-heat-bim-model.zip,Excel MORE_PHOTO | https://mircli.ru/Hisense-AVW-27HJFAE1/ | https://mircli.ru/Hisense-AVW-42HJFAE1/ | https://mircli.ru/Hisense-AVWW-96FKFW1/,4,main,112,1,2,5
07,AVWW-114FKFW1,W HEAT RECOVERY,W HEAT RECOVERY/AVWW-114FKFW1,,5,не требуется,да,да,,не требуется,да,,OK; low-res alternatives rejected,42 low-resolution images rejected,,,,47,https://docs.breez.ru/catalog/hisense/naruzhye-bloky-hi-smart-w-heat/naruzhye-bloky-hi-smart-w-heat-bim-model.zip,Excel MORE_PHOTO | https://mircli.ru/Hisense-AVW-27HJFAE1/ | https://mircli.ru/Hisense-AVW-42HJFAE1/ | https://mircli.ru/Hisense-AVWW-114FKFW1/,4,main,113,1,2,5
07,AVWW-136FKFW1,W HEAT RECOVERY,W HEAT RECOVERY/AVWW-136FKFW1,,5,не требуется,да,да,,не требуется,да,,OK; low-res alternatives rejected,38 low-resolution images rejected,,,,43,https://docs.breez.ru/catalog/hisense/naruzhye-bloky-hi-smart-w-heat/naruzhye-bloky-hi-smart-w-heat-bim-model.zip,Excel MORE_PHOTO | https://mircli.ru/Hisense-AVW-27HJFAE1/ | https://mircli.ru/Hisense-AVW-42HJFAE1/ | https://mircli.ru/Hisense-AVWW-136FKFW1/,4,main,114,1,2,5
07,AVWW-154FKFW1,W HEAT RECOVERY,W HEAT RECOVERY/AVWW-154FKFW1,,5,не требуется,да,да,,не требуется,да,,OK; low-res alternatives rejected,38 low-resolution images rejected,,,,43,https://docs.breez.ru/catalog/hisense/naruzhye-bloky-hi-smart-w-heat/naruzhye-bloky-hi-smart-w-heat-bim-model.zip,Excel MORE_PHOTO | https://mircli.ru/Hisense-AVW-27HJFAE1/ | https://mircli.ru/Hisense-AVW-42HJFAE1/ | https://mircli.ru/Hisense-AVWW-154FKFW1/,4,main,115,1,2,5
07,AVWW-170FKFW1,W HEAT RECOVERY,W HEAT RECOVERY/AVWW-170FKFW1,,5,не требуется,да,да,,не требуется,да,,OK; low-res alternatives rejected,46 low-resolution images rejected,,,,51,https://docs.breez.ru/catalog/hisense/naruzhye-bloky-hi-smart-w-heat/naruzhye-bloky-hi-smart-w-heat-bim-model.zip,Excel MORE_PHOTO | https://mircli.ru/Hisense-AVW-27HJFAE1/ | https://mircli.ru/Hisense-AVW-42HJFAE1/ | https://mircli.ru/Hisense-AVWW-170FKFW1/,4,main,116,1,2,5
07,AVWW-190FKFW1,W HEAT RECOVERY,W HEAT RECOVERY/AVWW-190FKFW1,,5,не требуется,да,да,,не требуется,да,,OK; low-res alternatives rejected,46 low-resolution images rejected,,,,51,https://docs.breez.ru/catalog/hisense/naruzhye-bloky-hi-smart-w-heat/naruzhye-bloky-hi-smart-w-heat-bim-model.zip,Excel MORE_PHOTO | https://mircli.ru/Hisense-AVW-27HJFAE1/ | https://mircli.ru/Hisense-AVW-42HJFAE1/ | https://mircli.ru/Hisense-AVWW-190FKFW1/,4,main,117,1,2,5
08,MACS-I-C35P2C/MACS-I-CSPС2,MACS,MACS/MACS-I-C35P2C-MACS-I-CSPС2,,1,нет,нет,не требуется,,нет,да,,OK,only 1 usable source images; confirmed panel image not found,,,,1,https://docs.breez.ru/catalog/royal-clima/casset-fankoyl-macs-i-c/casset-fankoyl-macs-i-c-instruction.pdf,Excel MORE_PHOTO,0,main,192,1,2,1
08,MACS-I-C45P2С/MACS-I-CSPС2,MACS,MACS/MACS-I-C45P2С-MACS-I-CSPС2,,1,нет,нет,не требуется,,нет,да,,OK,only 1 usable source images; confirmed panel image not found,,,,1,https://docs.breez.ru/catalog/royal-clima/casset-fankoyl-macs-i-c/casset-fankoyl-macs-i-c-instruction.pdf,Excel MORE_PHOTO,0,main,193,1,2,1
08,MACS-I-C51P2С/MACS-I-CSPС2,MACS,MACS/MACS-I-C51P2С-MACS-I-CSPС2,,1,нет,нет,не требуется,,нет,да,,OK,only 1 usable source images; confirmed panel image not found,,,,1,https://docs.breez.ru/catalog/royal-clima/casset-fankoyl-macs-i-c/casset-fankoyl-macs-i-c-instruction.pdf,Excel MORE_PHOTO,0,main,194,1,2,1
08,MACS-I-C61P2/MACS-I-CSP2,MACS,MACS/MACS-I-C61P2-MACS-I-CSP2,,1,нет,нет,не требуется,,нет,да,,OK,only 1 usable source images; confirmed panel image not found,,,,1,https://docs.breez.ru/catalog/royal-clima/casset-fankoyl-macs-i-c/casset-fankoyl-macs-i-c-instruction.pdf,Excel MORE_PHOTO,0,main,195,1,2,1
08,MACS-I-C81P2/MACS-I-CSP2,MACS,MACS/MACS-I-C81P2-MACS-I-CSP2,,1,нет,нет,не требуется,,нет,да,,OK,only 1 usable source images; confirmed panel image not found,,,,1,https://docs.breez.ru/catalog/royal-clima/casset-fankoyl-macs-i-c/casset-fankoyl-macs-i-c-instruction.pdf,Excel MORE_PHOTO,0,main,196,1,2,1
08,MACS-I-C101P2/MACS-I-CSP2,MACS,MACS/MACS-I-C101P2-MACS-I-CSP2,,1,нет,нет,не требуется,,нет,да,,OK,only 1 usable source images; confirmed panel image not found,,,,1,https://docs.breez.ru/catalog/royal-clima/casset-fankoyl-macs-i-c/casset-fankoyl-macs-i-c-instruction.pdf,Excel MORE_PHOTO,0,main,197,1,2,1
08,MACS-I-C121P2/MACS-I-CSP2,MACS,MACS/MACS-I-C121P2-MACS-I-CSP2,,1,нет,нет,не требуется,,нет,да,,OK,only 1 usable source images; confirmed panel image not found,,,,1,https://docs.breez.ru/catalog/royal-clima/casset-fankoyl-macs-i-c/casset-fankoyl-macs-i-c-instruction.pdf,Excel MORE_PHOTO,0,main,198,1,2,1
08,MACS-I-C141P2/MACS-I-CSP2,MACS,MACS/MACS-I-C141P2-MACS-I-CSP2,,1,нет,нет,не требуется,,нет,да,,OK,only 1 usable source images; confirmed panel image not found,,,,1,https://docs.breez.ru/catalog/royal-clima/casset-fankoyl-macs-i-c/casset-fankoyl-macs-i-c-instruction.pdf,Excel MORE_PHOTO,0,main,199,1,2,1
08,MACS-I-C20P2K,MACS,MACS/MACS-I-C20P2K,,1,нет,нет,не требуется,,не требуется,да,,OK,only 1 usable source images,,,,1,https://docs.breez.ru/catalog/royal-clima/casset-fankoyl-macs-i-c-p2k/casset-fankoyl-macs-i-c-p2k-instruction.pdf,Excel MORE_PHOTO,0,main,200,1,2,1
08,MACS-I-C28P2K,MACS,MACS/MACS-I-C28P2K,,1,нет,нет,не требуется,,не требуется,да,,OK,only 1 usable source images,,,,1,https://docs.breez.ru/catalog/royal-clima/casset-fankoyl-macs-i-c-p2k/casset-fankoyl-macs-i-c-p2k-instruction.pdf,Excel MORE_PHOTO,0,main,201,1,2,1
08,MACS-I-C35P2K,MACS,MACS/MACS-I-C35P2K,,1,нет,нет,не требуется,,не требуется,да,,OK,only 1 usable source images,,,,1,https://docs.breez.ru/catalog/royal-clima/casset-fankoyl-macs-i-c-p2k/casset-fankoyl-macs-i-c-p2k-instruction.pdf,Excel MORE_PHOTO,0,main,202,1,2,1
08,MACS-I-C50P2K,MACS,MACS/MACS-I-C50P2K,,1,нет,нет,не требуется,,не требуется,да,,OK,only 1 usable source images,,,,1,https://docs.breez.ru/catalog/royal-clima/casset-fankoyl-macs-i-c-p2k/casset-fankoyl-macs-i-c-p2k-instruction.pdf,Excel MORE_PHOTO,0,main,203,1,2,1
08,MACS-I-C60P2K,MACS,MACS/MACS-I-C60P2K,,1,нет,нет,не требуется,,не требуется,да,,OK,only 1 usable source images,,,,1,https://docs.breez.ru/catalog/royal-clima/casset-fankoyl-macs-i-c-p2k/casset-fankoyl-macs-i-c-p2k-instruction.pdf,Excel MORE_PHOTO,0,main,204,1,2,1
08,MACS-I-C75P2K,MACS,MACS/MACS-I-C75P2K,,1,нет,нет,не требуется,,не требуется,да,,OK,only 1 usable source images,,,,1,https://docs.breez.ru/catalog/royal-clima/casset-fankoyl-macs-i-c-p2k/casset-fankoyl-macs-i-c-p2k-instruction.pdf,Excel MORE_PHOTO,0,main,205,1,2,1
08,MACS-I-C95P2K,MACS,MACS/MACS-I-C95P2K,,1,нет,нет,не требуется,,не требуется,да,,OK,only 1 usable source images,,,,1,https://docs.breez.ru/catalog/royal-clima/casset-fankoyl-macs-i-c-p2k/casset-fankoyl-macs-i-c-p2k-instruction.pdf,Excel MORE_PHOTO,0,main,206,1,2,1
08,MACS-I-C115P2K,MACS,MACS/MACS-I-C115P2K,,1,нет,нет,не требуется,,не требуется,да,,OK,only 1 usable source images,,,,1,https://docs.breez.ru/catalog/royal-clima/casset-fankoyl-macs-i-c-p2k/casset-fankoyl-macs-i-c-p2k-instruction.pdf,Excel MORE_PHOTO,0,main,207,1,2,1
08,MACS-I-C130P2K,MACS,MACS/MACS-I-C130P2K,,1,нет,нет,не требуется,,не требуется,да,,OK,only 1 usable source images,,,,1,https://docs.breez.ru/catalog/royal-clima/casset-fankoyl-macs-i-c-p2k/casset-fankoyl-macs-i-c-p2k-instruction.pdf,Excel MORE_PHOTO,0,main,208,1,2,1
08,MACS-I-C25P4K,MACS,MACS/MACS-I-C25P4K,,1,нет,нет,не требуется,,не требуется,да,,OK,only 1 usable source images,,,,1,https://docs.breez.ru/catalog/royal-clima/casset-fankoyl-macs-i-c-p4k/casset-fankoyl-macs-i-c-p4k-instruction.pdf,Excel MORE_PHOTO,0,main,209,1,2,1
08,MACS-I-C30P4K,MACS,MACS/MACS-I-C30P4K,,1,нет,нет,не требуется,,не требуется,да,,OK,only 1 usable source images,,,,1,https://docs.breez.ru/catalog/royal-clima/casset-fankoyl-macs-i-c-p4k/casset-fankoyl-macs-i-c-p4k-instruction.pdf,Excel MORE_PHOTO,0,main,210,1,2,1
08,MACS-I-C40P4K,MACS,MACS/MACS-I-C40P4K,,1,нет,нет,не требуется,,не требуется,да,,OK,only 1 usable source images,,,,1,https://docs.breez.ru/catalog/royal-clima/casset-fankoyl-macs-i-c-p4k/casset-fankoyl-macs-i-c-p4k-instruction.pdf,Excel MORE_PHOTO,0,main,211,1,2,1
08,MACS-I-C50P4K,MACS,MACS/MACS-I-C50P4K,,1,нет,нет,не требуется,,не требуется,да,,OK,only 1 usable source images,,,,1,https://docs.breez.ru/catalog/royal-clima/casset-fankoyl-macs-i-c-p4k/casset-fankoyl-macs-i-c-p4k-instruction.pdf,Excel MORE_PHOTO,0,main,212,1,2,1
08,MACS-I-C60P4K,MACS,MACS/MACS-I-C60P4K,,1,нет,нет,не требуется,,не требуется,да,,OK,only 1 usable source images,,,,1,https://docs.breez.ru/catalog/royal-clima/casset-fankoyl-macs-i-c-p4k/casset-fankoyl-macs-i-c-p4k-instruction.pdf,Excel MORE_PHOTO,0,main,213,1,2,1
08,MACS-I-C80P4K,MACS,MACS/MACS-I-C80P4K,,1,нет,нет,не требуется,,не требуется,да,,OK,only 1 usable source images,,,,1,https://docs.breez.ru/catalog/royal-clima/casset-fankoyl-macs-i-c-p4k/casset-fankoyl-macs-i-c-p4k-instruction.pdf,Excel MORE_PHOTO,0,main,214,1,2,1
08,MACS-I-C90P4K,MACS,MACS/MACS-I-C90P4K,,1,нет,нет,не требуется,,не требуется,да,,OK,only 1 usable source images,,,,1,https://docs.breez.ru/catalog/royal-clima/casset-fankoyl-macs-i-c-p4k/casset-fankoyl-macs-i-c-p4k-instruction.pdf,Excel MORE_PHOTO,0,main,215,1,2,1
08,MACS-I-C110P4K,MACS,MACS/MACS-I-C110P4K,,1,нет,нет,не требуется,,не требуется,да,,OK,only 1 usable source images,,,,1,https://docs.breez.ru/catalog/royal-clima/casset-fankoyl-macs-i-c-p4k/casset-fankoyl-macs-i-c-p4k-instruction.pdf,Excel MORE_PHOTO,0,main,216,1,2,1
08,MACS-I-C20P21K,MACS,MACS/MACS-I-C20P21K,,1,нет,нет,не требуется,,не требуется,да,,OK,only 1 usable source images,,,,1,https://breez.ru/products/casset-odnopotochn-fankoyl-macs-i-cpk/,Excel MORE_PHOTO,0,main,217,1,3,1
08,MACS-I-C25P21K,MACS,MACS/MACS-I-C25P21K,,1,нет,нет,не требуется,,не требуется,да,,OK,only 1 usable source images,,,,1,https://breez.ru/products/casset-odnopotochn-fankoyl-macs-i-cpk/,Excel MORE_PHOTO,0,main,218,1,3,1
08,MACS-I-C35P21K,MACS,MACS/MACS-I-C35P21K,,1,нет,нет,не требуется,,не требуется,да,,OK,only 1 usable source images,,,,1,https://breez.ru/products/casset-odnopotochn-fankoyl-macs-i-cpk/,Excel MORE_PHOTO,0,main,219,1,3,1
08,MACS-I-C45P21K,MACS,MACS/MACS-I-C45P21K,,1,нет,нет,не требуется,,не требуется,да,,OK,only 1 usable source images,,,,1,https://breez.ru/products/casset-odnopotochn-fankoyl-macs-i-cpk/,Excel MORE_PHOTO,0,main,220,1,3,1
08,MACS-I-C55P21K,MACS,MACS/MACS-I-C55P21K,,1,нет,нет,не требуется,,не требуется,да,,OK,only 1 usable source images,,,,1,https://breez.ru/products/casset-odnopotochn-fankoyl-macs-i-cpk/,Excel MORE_PHOTO,0,main,221,1,3,1
09,MACS-I-W27P2K,MACS,MACS/MACS-I-W27P2K,,5,нет,нет,не требуется,,не требуется,да,,OK,,,,,5,https://docs.breez.ru/catalog/royal-clima/nasten-fankoyl-macs-i-wp2k/nasten-fankoyl-macs-i-wp2k-instruction.pdf,Excel MORE_PHOTO,4,main,118,6,2,5
09,MACS-I-W29P2K,MACS,MACS/MACS-I-W29P2K,,5,нет,нет,не требуется,,не требуется,да,,OK,,,,,5,https://docs.breez.ru/catalog/royal-clima/nasten-fankoyl-macs-i-wp2k/nasten-fankoyl-macs-i-wp2k-instruction.pdf,Excel MORE_PHOTO,4,main,119,6,2,5
09,MACS-I-W38P2K,MACS,MACS/MACS-I-W38P2K,,5,нет,нет,не требуется,,не требуется,да,,OK,,,,,5,https://docs.breez.ru/catalog/royal-clima/nasten-fankoyl-macs-i-wp2k/nasten-fankoyl-macs-i-wp2k-instruction.pdf,Excel MORE_PHOTO,4,main,120,6,2,5
09,MACS-I-W45P2K,MACS,MACS/MACS-I-W45P2K,,5,нет,нет,не требуется,,не требуется,да,,OK,,,,,5,https://docs.breez.ru/catalog/royal-clima/nasten-fankoyl-macs-i-wp2k/nasten-fankoyl-macs-i-wp2k-instruction.pdf,Excel MORE_PHOTO,4,main,121,6,2,5
09,MACS-I-W54P2K,MACS,MACS/MACS-I-W54P2K,,5,нет,нет,не требуется,,не требуется,да,,OK,,,,,5,https://docs.breez.ru/catalog/royal-clima/nasten-fankoyl-macs-i-wp2k/nasten-fankoyl-macs-i-wp2k-instruction.pdf,Excel MORE_PHOTO,4,main,122,6,2,5
09,MACS-I-F20P2KU,MACS,MACS/MACS-I-F20P2KU,,1,нет,нет,не требуется,,не требуется,да,,OK; low-res alternatives rejected,only 1 usable source images; 1 low-resolution images rejected,,,,2,https://docs.breez.ru/catalog/royal-clima/pol-potolok-fankoyl-macs-i-f-2k/pol-potolok-fankoyl-macs-i-f-2k-instruction.pdf,Excel MORE_PHOTO,0,main,222,2,2,1
09,MACS-I-F30P2KU,MACS,MACS/MACS-I-F30P2KU,,1,нет,нет,не требуется,,не требуется,да,,OK; low-res alternatives rejected,only 1 usable source images; 1 low-resolution images rejected,,,,2,https://docs.breez.ru/catalog/royal-clima/pol-potolok-fankoyl-macs-i-f-2k/pol-potolok-fankoyl-macs-i-f-2k-instruction.pdf,Excel MORE_PHOTO,0,main,223,2,2,1
09,MACS-I-F40P2KU,MACS,MACS/MACS-I-F40P2KU,,1,нет,нет,не требуется,,не требуется,да,,OK; low-res alternatives rejected,only 1 usable source images; 1 low-resolution images rejected,,,,2,https://docs.breez.ru/catalog/royal-clima/pol-potolok-fankoyl-macs-i-f-2k/pol-potolok-fankoyl-macs-i-f-2k-instruction.pdf,Excel MORE_PHOTO,0,main,224,2,2,1
09,MACS-I-F45P2KU,MACS,MACS/MACS-I-F45P2KU,,1,нет,нет,не требуется,,не требуется,да,,OK; low-res alternatives rejected,only 1 usable source images; 1 low-resolution images rejected,,,,2,https://docs.breez.ru/catalog/royal-clima/pol-potolok-fankoyl-macs-i-f-2k/pol-potolok-fankoyl-macs-i-f-2k-instruction.pdf,Excel MORE_PHOTO,0,main,225,2,2,1
09,MACS-I-F56P2KU,MACS,MACS/MACS-I-F56P2KU,,1,нет,нет,не требуется,,не требуется,да,,OK; low-res alternatives rejected,only 1 usable source images; 1 low-resolution images rejected,,,,2,https://docs.breez.ru/catalog/royal-clima/pol-potolok-fankoyl-macs-i-f-2k/pol-potolok-fankoyl-macs-i-f-2k-instruction.pdf,Excel MORE_PHOTO,0,main,226,2,2,1
09,MACS-I-F75P2KU,MACS,MACS/MACS-I-F75P2KU,,1,нет,нет,не требуется,,не требуется,да,,OK; low-res alternatives rejected,only 1 usable source images; 1 low-resolution images rejected,,,,2,https://docs.breez.ru/catalog/royal-clima/pol-potolok-fankoyl-macs-i-f-2k/pol-potolok-fankoyl-macs-i-f-2k-instruction.pdf,Excel MORE_PHOTO,0,main,227,2,2,1
09,MACS-I-F90P2KU,MACS,MACS/MACS-I-F90P2KU,,1,нет,нет,не требуется,,не требуется,да,,OK; low-res alternatives rejected,only 1 usable source images; 1 low-resolution images rejected,,,,2,https://docs.breez.ru/catalog/royal-clima/pol-potolok-fankoyl-macs-i-f-2k/pol-potolok-fankoyl-macs-i-f-2k-instruction.pdf,Excel MORE_PHOTO,0,main,228,2,2,1
09,MACS-I-F110P2KU,MACS,MACS/MACS-I-F110P2KU,,1,нет,нет,не требуется,,не требуется,да,,OK; low-res alternatives rejected,only 1 usable source images; 1 low-resolution images rejected,,,,2,https://docs.breez.ru/catalog/royal-clima/pol-potolok-fankoyl-macs-i-f-2k/pol-potolok-fankoyl-macs-i-f-2k-instruction.pdf,Excel MORE_PHOTO,0,main,229,2,2,1
09,MACS-I-F130P2KU,MACS,MACS/MACS-I-F130P2KU,,1,нет,нет,не требуется,,не требуется,да,,OK; low-res alternatives rejected,only 1 usable source images; 1 low-resolution images rejected,,,,2,https://docs.breez.ru/catalog/royal-clima/pol-potolok-fankoyl-macs-i-f-2k/pol-potolok-fankoyl-macs-i-f-2k-instruction.pdf,Excel MORE_PHOTO,0,main,230,2,2,1
10,MACS-I-D80P4K,MACS,MACS/MACS-I-D80P4K,,1,да,нет,не требуется,,не требуется,да,,OK,only 1 usable source images,,,,1,https://docs.breez.ru/catalog/royal-clima/kanal-2tr-fankoyl-macs-i-d-p4k/kanal-2tr-fankoyl-macs-i-d-p4k-instruction.pdf,Excel MORE_PHOTO,0,main,123,1,2,1
10,MACS-I-D100P4K,MACS,MACS/MACS-I-D100P4K,,1,да,нет,не требуется,,не требуется,да,,OK,only 1 usable source images,,,,1,https://docs.breez.ru/catalog/royal-clima/kanal-2tr-fankoyl-macs-i-d-p4k/kanal-2tr-fankoyl-macs-i-d-p4k-instruction.pdf,Excel MORE_PHOTO,0,main,124,1,2,1
10,MACS-I-D120P4K,MACS,MACS/MACS-I-D120P4K,,1,да,нет,не требуется,,не требуется,да,,OK,only 1 usable source images,,,,1,https://docs.breez.ru/catalog/royal-clima/kanal-2tr-fankoyl-macs-i-d-p4k/kanal-2tr-fankoyl-macs-i-d-p4k-instruction.pdf,Excel MORE_PHOTO,0,main,125,1,2,1
10,MACS-I-D140P4K,MACS,MACS/MACS-I-D140P4K,,1,да,нет,не требуется,,не требуется,да,,OK,only 1 usable source images,,,,1,https://docs.breez.ru/catalog/royal-clima/kanal-2tr-fankoyl-macs-i-d-p4k/kanal-2tr-fankoyl-macs-i-d-p4k-instruction.pdf,Excel MORE_PHOTO,0,main,126,1,2,1
10,MACS-I-VD20P2K,MACS,MACS/MACS-I-VD20P2K,,1,да,нет,не требуется,,не требуется,да,,OK,only 1 usable source images,,,,1,https://docs.breez.ru/catalog/royal-clima/kanal-2tr-fankoyl-macs-i-vd-p2k/kanal-2tr-fankoyl-macs-i-vd-p2k-instruction.pdf,Excel MORE_PHOTO,0,main,127,1,2,1
10,MACS-I-VD30P2K,MACS,MACS/MACS-I-VD30P2K,,1,да,нет,не требуется,,не требуется,да,,OK,only 1 usable source images,,,,1,https://docs.breez.ru/catalog/royal-clima/kanal-2tr-fankoyl-macs-i-vd-p2k/kanal-2tr-fankoyl-macs-i-vd-p2k-instruction.pdf,Excel MORE_PHOTO,0,main,128,1,2,1
10,MACS-I-VD40P2K,MACS,MACS/MACS-I-VD40P2K,,1,да,нет,не требуется,,не требуется,да,,OK,only 1 usable source images,,,,1,https://docs.breez.ru/catalog/royal-clima/kanal-2tr-fankoyl-macs-i-vd-p2k/kanal-2tr-fankoyl-macs-i-vd-p2k-instruction.pdf,Excel MORE_PHOTO,0,main,129,1,2,1
10,MACS-I-VD45P2K,MACS,MACS/MACS-I-VD45P2K,,1,да,нет,не требуется,,не требуется,да,,OK,only 1 usable source images,,,,1,https://docs.breez.ru/catalog/royal-clima/kanal-2tr-fankoyl-macs-i-vd-p2k/kanal-2tr-fankoyl-macs-i-vd-p2k-instruction.pdf,Excel MORE_PHOTO,0,main,130,1,2,1
10,MACS-I-VD56P2K,MACS,MACS/MACS-I-VD56P2K,,1,да,нет,не требуется,,не требуется,да,,OK,only 1 usable source images,,,,1,https://docs.breez.ru/catalog/royal-clima/kanal-2tr-fankoyl-macs-i-vd-p2k/kanal-2tr-fankoyl-macs-i-vd-p2k-instruction.pdf,Excel MORE_PHOTO,0,main,131,1,2,1
10,MACS-I-VD80P2K,MACS,MACS/MACS-I-VD80P2K,,1,да,нет,не требуется,,не требуется,да,,OK,only 1 usable source images,,,,1,https://docs.breez.ru/catalog/royal-clima/kanal-2tr-fankoyl-macs-i-vd-p2k/kanal-2tr-fankoyl-macs-i-vd-p2k-instruction.pdf,Excel MORE_PHOTO,0,main,132,1,2,1
10,MACS-I-VD100P2K,MACS,MACS/MACS-I-VD100P2K,,1,да,нет,не требуется,,не требуется,да,,OK,only 1 usable source images,,,,1,https://docs.breez.ru/catalog/royal-clima/kanal-2tr-fankoyl-macs-i-vd-p2k/kanal-2tr-fankoyl-macs-i-vd-p2k-instruction.pdf,Excel MORE_PHOTO,0,main,133,1,2,1
10,MACS-I-VD120P2K,MACS,MACS/MACS-I-VD120P2K,,1,да,нет,не требуется,,не требуется,да,,OK,only 1 usable source images,,,,1,https://docs.breez.ru/catalog/royal-clima/kanal-2tr-fankoyl-macs-i-vd-p2k/kanal-2tr-fankoyl-macs-i-vd-p2k-instruction.pdf,Excel MORE_PHOTO,0,main,134,1,2,1
10,MACS-I-VD140P2K,MACS,MACS/MACS-I-VD140P2K,,1,да,нет,не требуется,,не требуется,да,,OK,only 1 usable source images,,,,1,https://docs.breez.ru/catalog/royal-clima/kanal-2tr-fankoyl-macs-i-vd-p2k/kanal-2tr-fankoyl-macs-i-vd-p2k-instruction.pdf,Excel MORE_PHOTO,0,main,135,1,2,1
10,MACS-I-VD20P4K,MACS,MACS/MACS-I-VD20P4K,,1,да,нет,не требуется,,не требуется,да,,OK,only 1 usable source images,,,,1,https://docs.breez.ru/catalog/royal-clima/kanal-2tr-fankoyl-macs-i-vd-p4k/kanal-2tr-fankoyl-macs-i-vd-p4k-instruction.pdf,Excel MORE_PHOTO,0,main,136,1,2,1
10,MACS-I-VD30P4K,MACS,MACS/MACS-I-VD30P4K,,1,да,нет,не требуется,,не требуется,да,,OK,only 1 usable source images,,,,1,https://docs.breez.ru/catalog/royal-clima/kanal-2tr-fankoyl-macs-i-vd-p4k/kanal-2tr-fankoyl-macs-i-vd-p4k-instruction.pdf,Excel MORE_PHOTO,0,main,137,1,2,1
10,MACS-I-VD40P4K,MACS,MACS/MACS-I-VD40P4K,,1,да,нет,не требуется,,не требуется,да,,OK,only 1 usable source images,,,,1,https://docs.breez.ru/catalog/royal-clima/kanal-2tr-fankoyl-macs-i-vd-p4k/kanal-2tr-fankoyl-macs-i-vd-p4k-instruction.pdf,Excel MORE_PHOTO,0,main,138,1,2,1
10,MACS-I-VD45P4K,MACS,MACS/MACS-I-VD45P4K,,1,да,нет,не требуется,,не требуется,да,,OK,only 1 usable source images,,,,1,https://docs.breez.ru/catalog/royal-clima/kanal-2tr-fankoyl-macs-i-vd-p4k/kanal-2tr-fankoyl-macs-i-vd-p4k-instruction.pdf,Excel MORE_PHOTO,0,main,139,1,2,1
10,MACS-I-VD56P4K,MACS,MACS/MACS-I-VD56P4K,,1,да,нет,не требуется,,не требуется,да,,OK,only 1 usable source images,,,,1,https://docs.breez.ru/catalog/royal-clima/kanal-2tr-fankoyl-macs-i-vd-p4k/kanal-2tr-fankoyl-macs-i-vd-p4k-instruction.pdf,Excel MORE_PHOTO,0,main,140,1,2,1
10,MACS-I-VD80P4K,MACS,MACS/MACS-I-VD80P4K,,1,да,нет,не требуется,,не требуется,да,,OK,only 1 usable source images,,,,1,https://docs.breez.ru/catalog/royal-clima/kanal-2tr-fankoyl-macs-i-vd-p4k/kanal-2tr-fankoyl-macs-i-vd-p4k-instruction.pdf,Excel MORE_PHOTO,0,main,141,1,2,1
10,MACS-I-VD100P4K,MACS,MACS/MACS-I-VD100P4K,,1,да,нет,не требуется,,не требуется,да,,OK,only 1 usable source images,,,,1,https://docs.breez.ru/catalog/royal-clima/kanal-2tr-fankoyl-macs-i-vd-p4k/kanal-2tr-fankoyl-macs-i-vd-p4k-instruction.pdf,Excel MORE_PHOTO,0,main,142,1,2,1
10,MACS-I-VD120P4K,MACS,MACS/MACS-I-VD120P4K,,1,да,нет,не требуется,,не требуется,да,,OK,only 1 usable source images,,,,1,https://docs.breez.ru/catalog/royal-clima/kanal-2tr-fankoyl-macs-i-vd-p4k/kanal-2tr-fankoyl-macs-i-vd-p4k-instruction.pdf,Excel MORE_PHOTO,0,main,143,1,2,1
10,MACS-I-VD140P4K,MACS,MACS/MACS-I-VD140P4K,,1,да,нет,не требуется,,не требуется,да,,OK,only 1 usable source images,,,,1,https://docs.breez.ru/catalog/royal-clima/kanal-2tr-fankoyl-macs-i-vd-p4k/kanal-2tr-fankoyl-macs-i-vd-p4k-instruction.pdf,Excel MORE_PHOTO,0,main,144,1,2,1
10,MACS-I-D20P2KU,MACS,MACS/MACS-I-D20P2KU,,1,да,нет,не требуется,,не требуется,да,,OK,only 1 usable source images,,,,1,https://docs.breez.ru/catalog/royal-clima/kanal-fankoyl-macs-i-d-p2k/kanal-fankoyl-macs-i-d-p2k-instruction.pdf,Excel MORE_PHOTO,0,main,145,1,2,1
11,MACS-I-D30P2KU,MACS,MACS/MACS-I-D30P2KU,,1,да,нет,не требуется,,не требуется,да,,OK,only 1 usable source images,,,,1,https://docs.breez.ru/catalog/royal-clima/kanal-fankoyl-macs-i-d-p2k/kanal-fankoyl-macs-i-d-p2k-instruction.pdf,Excel MORE_PHOTO,0,main,146,1,2,1
11,MACS-I-D40P2KU,MACS,MACS/MACS-I-D40P2KU,,1,да,нет,не требуется,,не требуется,да,,OK,only 1 usable source images,,,,1,https://docs.breez.ru/catalog/royal-clima/kanal-fankoyl-macs-i-d-p2k/kanal-fankoyl-macs-i-d-p2k-instruction.pdf,Excel MORE_PHOTO,0,main,147,1,2,1
11,MACS-I-D45P2KU,MACS,MACS/MACS-I-D45P2KU,,1,да,нет,не требуется,,не требуется,да,,OK,only 1 usable source images,,,,1,https://docs.breez.ru/catalog/royal-clima/kanal-fankoyl-macs-i-d-p2k/kanal-fankoyl-macs-i-d-p2k-instruction.pdf,Excel MORE_PHOTO,0,main,148,1,2,1
11,MACS-I-D56P2KU,MACS,MACS/MACS-I-D56P2KU,,1,да,нет,не требуется,,не требуется,да,,OK,only 1 usable source images,,,,1,https://docs.breez.ru/catalog/royal-clima/kanal-fankoyl-macs-i-d-p2k/kanal-fankoyl-macs-i-d-p2k-instruction.pdf,Excel MORE_PHOTO,0,main,149,1,2,1
11,MACS-I-D80P2KU,MACS,MACS/MACS-I-D80P2KU,,1,да,нет,не требуется,,не требуется,да,,OK,only 1 usable source images,,,,1,https://docs.breez.ru/catalog/royal-clima/kanal-fankoyl-macs-i-d-p2k/kanal-fankoyl-macs-i-d-p2k-instruction.pdf,Excel MORE_PHOTO,0,main,150,1,2,1
11,MACS-I-D100P2KU,MACS,MACS/MACS-I-D100P2KU,,1,да,нет,не требуется,,не требуется,да,,OK,only 1 usable source images,,,,1,https://docs.breez.ru/catalog/royal-clima/kanal-fankoyl-macs-i-d-p2k/kanal-fankoyl-macs-i-d-p2k-instruction.pdf,Excel MORE_PHOTO,0,main,151,1,2,1
11,MACS-I-D120P2KU,MACS,MACS/MACS-I-D120P2KU,,1,да,нет,не требуется,,не требуется,да,,OK,only 1 usable source images,,,,1,https://docs.breez.ru/catalog/royal-clima/kanal-fankoyl-macs-i-d-p2k/kanal-fankoyl-macs-i-d-p2k-instruction.pdf,Excel MORE_PHOTO,0,main,152,1,2,1
11,MACS-I-D140P2KU,MACS,MACS/MACS-I-D140P2KU,,1,да,нет,не требуется,,не требуется,да,,OK,only 1 usable source images,,,,1,https://docs.breez.ru/catalog/royal-clima/kanal-fankoyl-macs-i-d-p2k/kanal-fankoyl-macs-i-d-p2k-instruction.pdf,Excel MORE_PHOTO,0,main,153,1,2,1
11,MACS-I-ED21P2K,MACS,MACS/MACS-I-ED21P2K,,1,да,нет,не требуется,,не требуется,да,,OK,only 1 usable source images,,,,1,https://docs.breez.ru/catalog/royal-clima/visokonaporn-kanal-fankoyl-macs-i-ed-p2k/visokonaporn-kanal-fankoyl-macs-i-ed-p2k-instruction.pdf,Excel MORE_PHOTO,0,main,154,1,2,1
11,MACS-I-ED31P2K,MACS,MACS/MACS-I-ED31P2K,,1,да,нет,не требуется,,не требуется,да,,OK,only 1 usable source images,,,,1,https://docs.breez.ru/catalog/royal-clima/visokonaporn-kanal-fankoyl-macs-i-ed-p2k/visokonaporn-kanal-fankoyl-macs-i-ed-p2k-instruction.pdf,Excel MORE_PHOTO,0,main,155,1,2,1
11,MACS-I-ED41P2K,MACS,MACS/MACS-I-ED41P2K,,1,да,нет,не требуется,,не требуется,да,,OK,only 1 usable source images,,,,1,https://docs.breez.ru/catalog/royal-clima/visokonaporn-kanal-fankoyl-macs-i-ed-p2k/visokonaporn-kanal-fankoyl-macs-i-ed-p2k-instruction.pdf,Excel MORE_PHOTO,0,main,156,1,2,1
11,MACS-I-ED46P2K,MACS,MACS/MACS-I-ED46P2K,,1,да,нет,не требуется,,не требуется,да,,OK,only 1 usable source images,,,,1,https://docs.breez.ru/catalog/royal-clima/visokonaporn-kanal-fankoyl-macs-i-ed-p2k/visokonaporn-kanal-fankoyl-macs-i-ed-p2k-instruction.pdf,Excel MORE_PHOTO,0,main,157,1,2,1
11,MACS-I-ED56P2K,MACS,MACS/MACS-I-ED56P2K,,1,да,нет,не требуется,,не требуется,да,,OK,only 1 usable source images,,,,1,https://docs.breez.ru/catalog/royal-clima/visokonaporn-kanal-fankoyl-macs-i-ed-p2k/visokonaporn-kanal-fankoyl-macs-i-ed-p2k-instruction.pdf,Excel MORE_PHOTO,0,main,158,1,2,1
11,MACS-I-ED81P2K,MACS,MACS/MACS-I-ED81P2K,,1,да,нет,не требуется,,не требуется,да,,OK,only 1 usable source images,,,,1,https://docs.breez.ru/catalog/royal-clima/visokonaporn-kanal-fankoyl-macs-i-ed-p2k/visokonaporn-kanal-fankoyl-macs-i-ed-p2k-instruction.pdf,Excel MORE_PHOTO,0,main,159,1,2,1
11,MACS-I-ED96P2K,MACS,MACS/MACS-I-ED96P2K,,1,да,нет,не требуется,,не требуется,да,,OK,only 1 usable source images,,,,1,https://docs.breez.ru/catalog/royal-clima/visokonaporn-kanal-fankoyl-macs-i-ed-p2k/visokonaporn-kanal-fankoyl-macs-i-ed-p2k-instruction.pdf,Excel MORE_PHOTO,0,main,160,1,2,1
11,MACS-I-ED111P2K,MACS,MACS/MACS-I-ED111P2K,,1,да,нет,не требуется,,не требуется,да,,OK,only 1 usable source images,,,,1,https://docs.breez.ru/catalog/royal-clima/visokonaporn-kanal-fankoyl-macs-i-ed-p2k/visokonaporn-kanal-fankoyl-macs-i-ed-p2k-instruction.pdf,Excel MORE_PHOTO,0,main,161,1,2,1
11,MACS-I-ED131P2K,MACS,MACS/MACS-I-ED131P2K,,1,да,нет,не требуется,,не требуется,да,,OK,only 1 usable source images,,,,1,https://docs.breez.ru/catalog/royal-clima/visokonaporn-kanal-fankoyl-macs-i-ed-p2k/visokonaporn-kanal-fankoyl-macs-i-ed-p2k-instruction.pdf,Excel MORE_PHOTO,0,main,162,1,2,1
11,MACS-I-PD61P2K,MACS,MACS/MACS-I-PD61P2K,,1,да,нет,не требуется,,не требуется,да,,OK,only 1 usable source images,,,,1,https://docs.breez.ru/catalog/royal-clima/visokonaporn-kanal-fankoyl-macs-i-pd/visokonaporn-kanal-fankoyl-macs-i-pd-instruction.pdf,Excel MORE_PHOTO,0,main,163,1,2,1
11,MACS-I-PD76P2K,MACS,MACS/MACS-I-PD76P2K,,1,да,нет,не требуется,,не требуется,да,,OK,only 1 usable source images,,,,1,https://docs.breez.ru/catalog/royal-clima/visokonaporn-kanal-fankoyl-macs-i-pd/visokonaporn-kanal-fankoyl-macs-i-pd-instruction.pdf,Excel MORE_PHOTO,0,main,164,1,2,1
11,MACS-I-PD91P2K,MACS,MACS/MACS-I-PD91P2K,,1,да,нет,не требуется,,не требуется,да,,OK,only 1 usable source images,,,,1,https://docs.breez.ru/catalog/royal-clima/visokonaporn-kanal-fankoyl-macs-i-pd/visokonaporn-kanal-fankoyl-macs-i-pd-instruction.pdf,Excel MORE_PHOTO,0,main,165,1,2,1
11,MACS-I-PD116P2K,MACS,MACS/MACS-I-PD116P2K,,1,да,нет,не требуется,,не требуется,да,,OK,only 1 usable source images,,,,1,https://docs.breez.ru/catalog/royal-clima/visokonaporn-kanal-fankoyl-macs-i-pd/visokonaporn-kanal-fankoyl-macs-i-pd-instruction.pdf,Excel MORE_PHOTO,0,main,166,1,2,1
11,MACS-I-PD136P2K,MACS,MACS/MACS-I-PD136P2K,,1,да,нет,не требуется,,не требуется,да,,OK,only 1 usable source images,,,,1,https://docs.breez.ru/catalog/royal-clima/visokonaporn-kanal-fankoyl-macs-i-pd/visokonaporn-kanal-fankoyl-macs-i-pd-instruction.pdf,Excel MORE_PHOTO,0,main,167,1,2,1
11,MACS-I-PD220P2K,MACS,MACS/MACS-I-PD220P2K,,1,да,нет,не требуется,,не требуется,да,,OK,only 1 usable source images,,,,1,https://docs.breez.ru/catalog/royal-clima/visokonaporn-kanal-fankoyl-macs-i-pd/visokonaporn-kanal-fankoyl-macs-i-pd-instruction.pdf,Excel MORE_PHOTO,0,main,168,1,2,1
12,MACS-I-PD280P2K,MACS,MACS/MACS-I-PD280P2K,,1,да,нет,не требуется,,не требуется,да,,OK,only 1 usable source images,,,,1,https://docs.breez.ru/catalog/royal-clima/visokonaporn-kanal-fankoyl-macs-i-pd/visokonaporn-kanal-fankoyl-macs-i-pd-instruction.pdf,Excel MORE_PHOTO,0,main,169,1,2,1
12,MACS-I-PD330P2K,MACS,MACS/MACS-I-PD330P2K,,1,да,нет,не требуется,,не требуется,да,,OK,only 1 usable source images,,,,1,https://docs.breez.ru/catalog/royal-clima/visokonaporn-kanal-fankoyl-macs-i-pd/visokonaporn-kanal-fankoyl-macs-i-pd-instruction.pdf,Excel MORE_PHOTO,0,main,170,1,2,1
12,MACS-I-PD270P2K,MACS,MACS/MACS-I-PD270P2K,,1,да,нет,не требуется,,не требуется,да,,OK,only 1 usable source images,,,,1,https://docs.breez.ru/catalog/royal-clima/visokonaporn-kanal-fankoyl-macs-i-pd/visokonaporn-kanal-fankoyl-macs-i-pd-instruction.pdf,Excel MORE_PHOTO,0,main,171,1,2,1
12,MACS-I-PD380P2K,MACS,MACS/MACS-I-PD380P2K,,1,да,нет,не требуется,,не требуется,да,,OK,only 1 usable source images,,,,1,https://docs.breez.ru/catalog/royal-clima/visokonaporn-kanal-fankoyl-macs-i-pd/visokonaporn-kanal-fankoyl-macs-i-pd-instruction.pdf,Excel MORE_PHOTO,0,main,172,1,2,1
12,MACS-I-PD420P2K,MACS,MACS/MACS-I-PD420P2K,,1,да,нет,не требуется,,не требуется,да,,OK,only 1 usable source images,,,,1,https://docs.breez.ru/catalog/royal-clima/visokonaporn-kanal-fankoyl-macs-i-pd/visokonaporn-kanal-fankoyl-macs-i-pd-instruction.pdf,Excel MORE_PHOTO,0,main,173,1,2,1
12,MACS-I-PD60P4K,MACS,MACS/MACS-I-PD60P4K,,1,да,нет,не требуется,,не требуется,да,,OK,only 1 usable source images,,,,1,https://docs.breez.ru/catalog/royal-clima/visokonaporn-kanal-fankoyl-macs-i-pd-4k/visokonaporn-kanal-fankoyl-macs-i-pd-4k-instruction.pdf,Excel MORE_PHOTO,0,main,174,1,2,1
12,MACS-I-PD75P4K,MACS,MACS/MACS-I-PD75P4K,,1,да,нет,не требуется,,не требуется,да,,OK,only 1 usable source images,,,,1,https://docs.breez.ru/catalog/royal-clima/visokonaporn-kanal-fankoyl-macs-i-pd-4k/visokonaporn-kanal-fankoyl-macs-i-pd-4k-instruction.pdf,Excel MORE_PHOTO,0,main,175,1,2,1
12,MACS-I-PD90P4K,MACS,MACS/MACS-I-PD90P4K,,1,да,нет,не требуется,,не требуется,да,,OK,only 1 usable source images,,,,1,https://docs.breez.ru/catalog/royal-clima/visokonaporn-kanal-fankoyl-macs-i-pd-4k/visokonaporn-kanal-fankoyl-macs-i-pd-4k-instruction.pdf,Excel MORE_PHOTO,0,main,176,1,2,1
12,MACS-I-PD115P4K,MACS,MACS/MACS-I-PD115P4K,,1,да,нет,не требуется,,не требуется,да,,OK,only 1 usable source images,,,,1,https://docs.breez.ru/catalog/royal-clima/visokonaporn-kanal-fankoyl-macs-i-pd-4k/visokonaporn-kanal-fankoyl-macs-i-pd-4k-instruction.pdf,Excel MORE_PHOTO,0,main,177,1,2,1
12,MACS-I-PD135P4K,MACS,MACS/MACS-I-PD135P4K,,1,да,нет,не требуется,,не требуется,да,,OK,only 1 usable source images,,,,1,https://docs.breez.ru/catalog/royal-clima/visokonaporn-kanal-fankoyl-macs-i-pd-4k/visokonaporn-kanal-fankoyl-macs-i-pd-4k-instruction.pdf,Excel MORE_PHOTO,0,main,178,1,2,1
12,MACS-I-PD160P4K,MACS,MACS/MACS-I-PD160P4K,,1,да,нет,не требуется,,не требуется,да,,OK,only 1 usable source images,,,,1,https://docs.breez.ru/catalog/royal-clima/visokonaporn-kanal-fankoyl-macs-i-pd-4k/visokonaporn-kanal-fankoyl-macs-i-pd-4k-instruction.pdf,Excel MORE_PHOTO,0,main,179,1,2,1
12,MACS-I-PD210P4K,MACS,MACS/MACS-I-PD210P4K,,1,да,нет,не требуется,,не требуется,да,,OK,only 1 usable source images,,,,1,https://docs.breez.ru/catalog/royal-clima/visokonaporn-kanal-fankoyl-macs-i-pd-4k/visokonaporn-kanal-fankoyl-macs-i-pd-4k-instruction.pdf,Excel MORE_PHOTO,0,main,180,1,2,1
12,MACS-I-PD270P4K,MACS,MACS/MACS-I-PD270P4K,,1,да,нет,не требуется,,не требуется,да,,OK,only 1 usable source images,,,,1,https://docs.breez.ru/catalog/royal-clima/visokonaporn-kanal-fankoyl-macs-i-pd-4k/visokonaporn-kanal-fankoyl-macs-i-pd-4k-instruction.pdf,Excel MORE_PHOTO,0,main,181,1,2,1
12,MACS-I-PD315P4K,MACS,MACS/MACS-I-PD315P4K,,1,да,нет,не требуется,,не требуется,да,,OK,only 1 usable source images,,,,1,https://docs.breez.ru/catalog/royal-clima/visokonaporn-kanal-fankoyl-macs-i-pd-4k/visokonaporn-kanal-fankoyl-macs-i-pd-4k-instruction.pdf,Excel MORE_PHOTO,0,main,182,1,2,1
12,MACS-I-PD51P4K,MACS,MACS/MACS-I-PD51P4K,,1,да,нет,не требуется,,не требуется,да,,OK,only 1 usable source images,,,,1,https://docs.breez.ru/catalog/royal-clima/visokonaporn-kanal-fankoyl-macs-i-pd-4k/visokonaporn-kanal-fankoyl-macs-i-pd-4k-instruction.pdf,Excel MORE_PHOTO,0,main,183,1,2,1
12,MACS-I-PD66P4K,MACS,MACS/MACS-I-PD66P4K,,1,да,нет,не требуется,,не требуется,да,,OK,only 1 usable source images,,,,1,https://docs.breez.ru/catalog/royal-clima/visokonaporn-kanal-fankoyl-macs-i-pd-4k/visokonaporn-kanal-fankoyl-macs-i-pd-4k-instruction.pdf,Excel MORE_PHOTO,0,main,184,1,2,1
12,MACS-I-PD76P4K,MACS,MACS/MACS-I-PD76P4K,,1,да,нет,не требуется,,не требуется,да,,OK,only 1 usable source images,,,,1,https://docs.breez.ru/catalog/royal-clima/visokonaporn-kanal-fankoyl-macs-i-pd-4k/visokonaporn-kanal-fankoyl-macs-i-pd-4k-instruction.pdf,Excel MORE_PHOTO,0,main,185,1,2,1
12,MACS-I-PD96P4K,MACS,MACS/MACS-I-PD96P4K,,1,да,нет,не требуется,,не требуется,да,,OK,only 1 usable source images,,,,1,https://docs.breez.ru/catalog/royal-clima/visokonaporn-kanal-fankoyl-macs-i-pd-4k/visokonaporn-kanal-fankoyl-macs-i-pd-4k-instruction.pdf,Excel MORE_PHOTO,0,main,186,1,2,1
12,MACS-I-PD116P4K,MACS,MACS/MACS-I-PD116P4K,,1,да,нет,не требуется,,не требуется,да,,OK,only 1 usable source images,,,,1,https://docs.breez.ru/catalog/royal-clima/visokonaporn-kanal-fankoyl-macs-i-pd-4k/visokonaporn-kanal-fankoyl-macs-i-pd-4k-instruction.pdf,Excel MORE_PHOTO,0,main,187,1,2,1
12,MACS-I-PD136P4K,MACS,MACS/MACS-I-PD136P4K,,1,да,нет,не требуется,,не требуется,да,,OK,only 1 usable source images,,,,1,https://docs.breez.ru/catalog/royal-clima/visokonaporn-kanal-fankoyl-macs-i-pd-4k/visokonaporn-kanal-fankoyl-macs-i-pd-4k-instruction.pdf,Excel MORE_PHOTO,0,main,188,1,2,1
12,MACS-I-PD176P4K,MACS,MACS/MACS-I-PD176P4K,,1,да,нет,не требуется,,не требуется,да,,OK,only 1 usable source images,,,,1,https://docs.breez.ru/catalog/royal-clima/visokonaporn-kanal-fankoyl-macs-i-pd-4k/visokonaporn-kanal-fankoyl-macs-i-pd-4k-instruction.pdf,Excel MORE_PHOTO,0,main,189,1,2,1
12,MACS-I-PD226P4K,MACS,MACS/MACS-I-PD226P4K,,1,да,нет,не требуется,,не требуется,да,,OK,only 1 usable source images,,,,1,https://docs.breez.ru/catalog/royal-clima/visokonaporn-kanal-fankoyl-macs-i-pd-4k/visokonaporn-kanal-fankoyl-macs-i-pd-4k-instruction.pdf,Excel MORE_PHOTO,0,main,190,1,2,1
12,MACS-I-PD266P4K,MACS,MACS/MACS-I-PD266P4K,,1,да,нет,не требуется,,не требуется,да,,OK,only 1 usable source images,,,,1,https://docs.breez.ru/catalog/royal-clima/visokonaporn-kanal-fankoyl-macs-i-pd-4k/visokonaporn-kanal-fankoyl-macs-i-pd-4k-instruction.pdf,Excel MORE_PHOTO,0,main,191,1,2,1
13,ZKPU-maxi 2,ZKPU-maxi,ZKPU-maxi/ZKPU-maxi 2,,1,нет,нет,не требуется,,да,да,,OK,only 1 usable source images,,,,1,https://breez.ru/products/zkpu-maxi/,Excel MORE_PHOTO,0,main,261,1,2,1
13,ZKPU-maxi 4,ZKPU-maxi,ZKPU-maxi/ZKPU-maxi 4,,1,нет,нет,не требуется,,да,да,,OK,only 1 usable source images,,,,1,https://breez.ru/products/zkpu-maxi/,Excel MORE_PHOTO,0,main,262,1,2,1
13,ZKPU-maxi 6,ZKPU-maxi,ZKPU-maxi/ZKPU-maxi 6,,1,нет,нет,не требуется,,да,да,,OK,only 1 usable source images,,,,1,https://breez.ru/products/zkpu-maxi/,Excel MORE_PHOTO,0,main,263,1,2,1
13,ZKPU-maxi 8,ZKPU-maxi,ZKPU-maxi/ZKPU-maxi 8,,1,нет,нет,не требуется,,да,да,,OK,only 1 usable source images,,,,1,https://breez.ru/products/zkpu-maxi/,Excel MORE_PHOTO,0,main,264,1,2,1
13,ZKPU-maxi 10,ZKPU-maxi,ZKPU-maxi/ZKPU-maxi 10,,1,нет,нет,не требуется,,да,да,,OK,only 1 usable source images,,,,1,https://breez.ru/products/zkpu-maxi/,Excel MORE_PHOTO,0,main,265,1,2,1
13,ZKPU-maxi 12,ZKPU-maxi,ZKPU-maxi/ZKPU-maxi 12,,1,нет,нет,не требуется,,да,да,,OK,only 1 usable source images,,,,1,https://breez.ru/products/zkpu-maxi/,Excel MORE_PHOTO,0,main,266,1,2,1
13,ZKPU-maxi 14,ZKPU-maxi,ZKPU-maxi/ZKPU-maxi 14,,1,нет,нет,не требуется,,да,да,,OK,only 1 usable source images,,,,1,https://breez.ru/products/zkpu-maxi/,Excel MORE_PHOTO,0,main,267,1,2,1
13,ZKPU-maxi 16,ZKPU-maxi,ZKPU-maxi/ZKPU-maxi 16,,1,нет,нет,не требуется,,да,да,,OK,only 1 usable source images,,,,1,https://breez.ru/products/zkpu-maxi/,Excel MORE_PHOTO,0,main,268,1,2,1
13,ZKPU-maxi 18,ZKPU-maxi,ZKPU-maxi/ZKPU-maxi 18,,1,нет,нет,не требуется,,да,да,,OK,only 1 usable source images,,,,1,https://breez.ru/products/zkpu-maxi/,Excel MORE_PHOTO,0,main,269,1,2,1
13,ZKPU-maxi 20,ZKPU-maxi,ZKPU-maxi/ZKPU-maxi 20,,1,нет,нет,не требуется,,да,да,,OK,only 1 usable source images,,,,1,https://breez.ru/products/zkpu-maxi/,Excel MORE_PHOTO,0,main,270,1,2,1
13,ZKPU-mini 50-25,ZKPU-mini,ZKPU-mini/ZKPU-mini 50-25,,1,нет,нет,не требуется,,да,да,,OK,only 1 usable source images,,,,1,https://breez.ru/products/zkpu-mini/,Excel MORE_PHOTO,0,main,271,1,2,1
13,ZKPU-mini 50-30,ZKPU-mini,ZKPU-mini/ZKPU-mini 50-30,,1,нет,нет,не требуется,,да,да,,OK,only 1 usable source images,,,,1,https://breez.ru/products/zkpu-mini/,Excel MORE_PHOTO,0,main,272,1,2,1
13,ZKPU-mini 60-30,ZKPU-mini,ZKPU-mini/ZKPU-mini 60-30,,1,нет,нет,не требуется,,да,да,,OK,only 1 usable source images,,,,1,https://breez.ru/products/zkpu-mini/,Excel MORE_PHOTO,0,main,273,1,2,1
13,ZKPU-mini 60-35,ZKPU-mini,ZKPU-mini/ZKPU-mini 60-35,,1,нет,нет,не требуется,,да,да,,OK,only 1 usable source images,,,,1,https://breez.ru/products/zkpu-mini/,Excel MORE_PHOTO,0,main,274,1,2,1
13,ZKPU-mini 70-40,ZKPU-mini,ZKPU-mini/ZKPU-mini 70-40,,1,нет,нет,не требуется,,да,да,,OK,only 1 usable source images,,,,1,https://breez.ru/products/zkpu-mini/,Excel MORE_PHOTO,0,main,275,1,2,1
13,ZKPU-mini 80-50,ZKPU-mini,ZKPU-mini/ZKPU-mini 80-50,,1,нет,нет,не требуется,,да,да,,OK,only 1 usable source images,,,,1,https://breez.ru/products/zkpu-mini/,Excel MORE_PHOTO,0,main,276,1,2,1
13,ZKPU-mini 100-50,ZKPU-mini,ZKPU-mini/ZKPU-mini 100-50,,1,нет,нет,не требуется,,да,да,,OK,only 1 usable source images,,,,1,https://breez.ru/products/zkpu-mini/,Excel MORE_PHOTO,0,main,277,1,2,1
14,AUW-09U4RS8,HEAVY EU DC INVERTER,HEAVY EU DC INVERTER/AUW-09U4RS8,,8,да,нет,не требуется,,не требуется,да,,OK; low-res alternatives rejected,18 low-resolution images rejected,,,,26,https://docs.breez.ru/catalog/hisense/compress-condensat-block-heavy-dc-inverter/compress-condensat-block-heavy-dc-inverter-instruction.pdf,Excel MORE_PHOTO | https://breez.ru/products/split-sistem-kanal-heavy-eu-dc-inverter-r32/ | https://mircli.ru/Hisense-AUW-09U4RS8/ | https://mircli.ru/Hisense-AUW-12U4RS8/,7,main,231,3,3,8
14,AUW-12U4RS8,HEAVY EU DC INVERTER,HEAVY EU DC INVERTER/AUW-12U4RS8,,8,да,нет,не требуется,,не требуется,да,,OK; low-res alternatives rejected,18 low-resolution images rejected,,,,26,https://docs.breez.ru/catalog/hisense/compress-condensat-block-heavy-dc-inverter/compress-condensat-block-heavy-dc-inverter-instruction.pdf,Excel MORE_PHOTO | https://breez.ru/products/split-sistem-kanal-heavy-eu-dc-inverter-r32/ | https://mircli.ru/Hisense-AUW-12U4RS8/,7,main,232,3,3,8
14,AUW-18U4RS7,HEAVY EU DC INVERTER,HEAVY EU DC INVERTER/AUW-18U4RS7,,8,да,нет,не требуется,,не требуется,да,,OK; low-res alternatives rejected,18 low-resolution images rejected,,,,26,https://docs.breez.ru/catalog/hisense/compress-condensat-block-heavy-dc-inverter/compress-condensat-block-heavy-dc-inverter-instruction.pdf,Excel MORE_PHOTO | https://breez.ru/products/split-sistem-kanal-heavy-eu-dc-inverter-r32/ | https://mircli.ru/Hisense-AUW-18U4RS7/,7,main,233,3,3,8
14,AUW-24U4RJ7,HEAVY EU DC INVERTER,HEAVY EU DC INVERTER/AUW-24U4RJ7,,8,да,нет,не требуется,,не требуется,да,,OK; low-res alternatives rejected,10 low-resolution images rejected,,,,18,https://docs.breez.ru/catalog/hisense/compress-condensat-block-heavy-dc-inverter/compress-condensat-block-heavy-dc-inverter-instruction.pdf,Excel MORE_PHOTO | https://breez.ru/products/split-sistem-kanal-heavy-eu-dc-inverter-r32/ | https://mircli.ru/Hisense-AUW-09U4RS8/ | https://mircli.ru/Hisense-AUW-12U4RS8/ | https://mircli.ru/Hisense-AUW-24U4RJ7/,7,main,234,3,3,8
14,AUW-36U4RK7,HEAVY EU DC INVERTER,HEAVY EU DC INVERTER/AUW-36U4RK7,,8,да,нет,не требуется,,не требуется,да,,OK; low-res alternatives rejected,9 low-resolution images rejected,,,,17,https://docs.breez.ru/catalog/hisense/compress-condensat-block-heavy-dc-inverter/compress-condensat-block-heavy-dc-inverter-instruction.pdf,Excel MORE_PHOTO | https://breez.ru/products/split-sistem-kanal-heavy-eu-dc-inverter-r32/ | https://mircli.ru/Hisense-AUW-36U4RK7/,7,main,235,3,3,8
14,AUW-48U6RN8,HEAVY EU DC INVERTER,HEAVY EU DC INVERTER/AUW-48U6RN8,,8,да,нет,не требуется,,не требуется,да,,OK; low-res alternatives rejected,14 low-resolution images rejected,,,,22,https://docs.breez.ru/catalog/hisense/compress-condensat-block-heavy-dc-inverter/compress-condensat-block-heavy-dc-inverter-instruction.pdf,Excel MORE_PHOTO | https://breez.ru/products/split-sistem-kanal-heavy-eu-dc-inverter-r32/ | https://mircli.ru/Hisense-AUW-09U4RS8/ | https://mircli.ru/Hisense-AUW-12U4RS8/ | https://mircli.ru/Hisense-AUW-48U6RN8/,7,main,236,3,3,8
14,AUW-60U6RW8,HEAVY EU DC INVERTER,HEAVY EU DC INVERTER/AUW-60U6RW8,,8,да,нет,не требуется,,не требуется,да,,OK; low-res alternatives rejected,8 low-resolution images rejected,,,,16,https://docs.breez.ru/catalog/hisense/compress-condensat-block-heavy-dc-inverter/compress-condensat-block-heavy-dc-inverter-instruction.pdf,Excel MORE_PHOTO | https://breez.ru/products/split-sistem-kanal-heavy-eu-dc-inverter-r32/ | https://mircli.ru/Hisense-AUW-09U4RS8/ | https://mircli.ru/Hisense-AUW-12U4RS8/ | https://mircli.ru/Hisense-AUW-60U6RW8/,7,main,237,3,3,8
14,AUW-85U6RZ8,HEAVY EU DC INVERTER,HEAVY EU DC INVERTER/AUW-85U6RZ8,,12,да,нет,не требуется,,не требуется,да,,OK; low-res alternatives rejected,41 low-resolution images rejected,,,,53,https://docs.breez.ru/catalog/hisense/compress-condensat-block-heavy-dc-inverter/compress-condensat-block-heavy-dc-inverter-instruction.pdf,Excel MORE_PHOTO | https://breez.ru/products/invert-split-kanal-heavy-eu-dc-inverter-r32/ | https://mircli.ru/Hisense-AUW-09U4RS8/ | https://mircli.ru/Hisense-AUW-12U4RS8/ | https://mircli.ru/Hisense-AUW-85U6RZ8/ | https://mircli.ru/Hisense-Heavy-eu-AUD-85UX4RPH8-AUW-85U6RZ8/,11,main,238,3,4,12
14,MCU-23K,UNIVERSO,UNIVERSO/MCU-23K,,1,нет,нет,не требуется,,не требуется,да,,OK; low-res alternatives rejected,only 1 usable source images; 1 low-resolution images rejected,,,,2,https://breez.ru/products/compress-condensat-block-mcu/,Excel MORE_PHOTO,0,main,239,1,4,1
14,MCU-29K,UNIVERSO,UNIVERSO/MCU-29K,,1,нет,нет,не требуется,,не требуется,да,,OK; low-res alternatives rejected,only 1 usable source images; 1 low-resolution images rejected,,,,2,https://breez.ru/products/compress-condensat-block-mcu/,Excel MORE_PHOTO,0,main,240,1,4,1
14,MCU-35K,UNIVERSO,UNIVERSO/MCU-35K,,1,нет,нет,не требуется,,не требуется,да,,OK; low-res alternatives rejected,only 1 usable source images; 1 low-resolution images rejected,,,,2,https://breez.ru/products/compress-condensat-block-mcu/,Excel MORE_PHOTO,0,main,241,1,4,1
14,MCU-43K,UNIVERSO,UNIVERSO/MCU-43K,,1,нет,нет,не требуется,,не требуется,да,,OK; low-res alternatives rejected,only 1 usable source images; 1 low-resolution images rejected,,,,2,https://breez.ru/products/compress-condensat-block-mcu/,Excel MORE_PHOTO,0,main,242,1,4,1
14,MCU-63K,UNIVERSO,UNIVERSO/MCU-63K,,1,нет,нет,не требуется,,не требуется,да,,OK; low-res alternatives rejected,only 1 usable source images; 1 low-resolution images rejected,,,,2,https://breez.ru/products/compress-condensat-block-mcu/,Excel MORE_PHOTO,0,main,243,1,4,1
14,MCU-75K,UNIVERSO,UNIVERSO/MCU-75K,,1,нет,нет,не требуется,,не требуется,да,,OK; low-res alternatives rejected,only 1 usable source images; 1 low-resolution images rejected,,,,2,https://breez.ru/products/compress-condensat-block-mcu/,Excel MORE_PHOTO,0,main,244,1,4,1
14,MCU-93K,UNIVERSO,UNIVERSO/MCU-93K,,1,нет,нет,не требуется,,не требуется,да,,OK; low-res alternatives rejected,only 1 usable source images; 1 low-resolution images rejected,,,,2,https://breez.ru/products/compress-condensat-block-mcu/,Excel MORE_PHOTO,0,main,245,1,4,1
14,MCU-117K,UNIVERSO,UNIVERSO/MCU-117K,,1,нет,нет,не требуется,,не требуется,да,,OK; low-res alternatives rejected,only 1 usable source images; 1 low-resolution images rejected,,,,2,https://breez.ru/products/compress-condensat-block-mcu/,Excel MORE_PHOTO,0,main,246,1,4,1
15,TWC22HN/OUT с модулем RC-KA02,Triumph,Triumph/TWC22HN-OUT с модулем RC-KA02,,1,нет,нет,не требуется,,не требуется,да,,OK; low-res alternatives rejected,only 1 usable source images; 1 low-resolution images rejected,,,,2,https://www.c-o-k.ru/library/catalogs/royalclima/134341.pdf,https://breez.ru/products/triumph-invert-2024/,0,main,247,1,5,1
15,TWC28HN/OUT с модулем RC-KA02,Triumph,Triumph/TWC28HN-OUT с модулем RC-KA02,,1,нет,нет,не требуется,,не требуется,да,,OK; low-res alternatives rejected,only 1 usable source images; 1 low-resolution images rejected,,,,2,https://www.c-o-k.ru/library/catalogs/royalclima/134341.pdf,https://breez.ru/products/triumph-invert-2024/,0,main,248,1,5,1
15,TWC35HN/OUT с модулем RC-KA02,Triumph,Triumph/TWC35HN-OUT с модулем RC-KA02,,1,нет,нет,не требуется,,не требуется,да,,OK; low-res alternatives rejected,only 1 usable source images; 1 low-resolution images rejected,,,,2,https://www.c-o-k.ru/library/catalogs/royalclima/134341.pdf,https://breez.ru/products/triumph-invert-2024/,0,main,249,1,5,1
15,TWC55HN/OUT с модулем RC-KA02,Triumph,Triumph/TWC55HN-OUT с модулем RC-KA02,,1,нет,нет,не требуется,,не требуется,да,,OK; low-res alternatives rejected,only 1 usable source images; 1 low-resolution images rejected,,,,2,https://www.c-o-k.ru/library/catalogs/royalclima/134341.pdf,https://breez.ru/products/triumph-invert-2024/,0,main,250,1,5,1
15,TWC75HN/OUT с модулем RC-KA02,Triumph,Triumph/TWC75HN-OUT с модулем RC-KA02,,1,нет,нет,не требуется,,не требуется,да,,OK; low-res alternatives rejected,only 1 usable source images; 1 low-resolution images rejected,,,,2,https://www.c-o-k.ru/library/catalogs/royalclima/134341.pdf,https://breez.ru/products/triumph-invert-2024/,0,main,251,1,5,1
15,HFRWE-65DGF/SYS,HiMod AE2,HiMod AE2/HFRWE-65DGF-SYS,,1,не применимо,не применимо,не требуется,,не требуется,да,,OK; exact-model image,Only one independently confirmed exact-model render; conflicting/reused dealer family renders excluded,,,,1,https://hi.1clim.ru/catalog/chillery/hisense_hfrwe_65dgf_sys/,exact-model audit,0,main,252,3,4,1
15,HFRWE-130DGF/SYS,HiMod AE2,HiMod AE2/HFRWE-130DGF-SYS,,3,не применимо,не применимо,не требуется,,не требуется,да,,OK; exact-model gallery,,,,,3,https://iclim.ru/catalog/promyshlennye_konditsionery/chillery/hisense_hfrwe_130dgf_sys/,exact-model audit,2,main,253,3,4,3
15,AR08U/F/D,AR,AR/AR08U-F-D,,1,нет,нет,не требуется,,не требуется,да,,OK,only 1 usable source images,,,,1,https://breez.ru/products/prec-cond-ar-na-r410a/,Excel MORE_PHOTO,0,main,254,1,2,1
15,AR13U/F/D,AR,AR/AR13U-F-D,,1,нет,нет,не требуется,,не требуется,да,,OK,only 1 usable source images,,,,1,https://breez.ru/products/prec-cond-ar-na-r410a/,Excel MORE_PHOTO,0,main,255,1,2,1
15,AR17U/F/D,AR,AR/AR17U-F-D,,1,нет,нет,не требуется,,не требуется,да,,OK,only 1 usable source images,,,,1,https://breez.ru/products/prec-cond-ar-na-r410a/,Excel MORE_PHOTO,0,main,256,1,2,1
15,AR20U/F/D,AR,AR/AR20U-F-D,,1,нет,нет,не требуется,,не требуется,да,,OK,only 1 usable source images,,,,1,https://breez.ru/products/prec-cond-ar-na-r410a/,Excel MORE_PHOTO,0,main,257,1,2,1
15,IR40F,IR,IR/IR40F,,2,нет,нет,не требуется,,не требуется,да,,OK,only 2 usable source images,,,,2,https://breez.ru/products/prec-cond-ir-na-r410a/,Excel MORE_PHOTO,1,main,258,2,2,2
15,IR50F,IR,IR/IR50F,,2,нет,нет,не требуется,,не требуется,да,,OK,only 2 usable source images,,,,2,https://breez.ru/products/prec-cond-ir-na-r410a/,Excel MORE_PHOTO,1,main,259,2,2,2
15,IR60F,IR,IR/IR60F,,3,да,нет,не требуется,,не требуется,да,,OK; low-res alternatives rejected,1 low-resolution images rejected,,,,4,https://breez.ru/products/prec-cond-ir-na-r410a/,Excel MORE_PHOTO | https://lantavent.ru/product/8762,2,main,260,2,3,3
