model,unique_product_candidates,pages_checked
MACS-I-D80P4K,1,https://iclim.ru/catalog/promyshlennye_konditsionery/fankoyly/royal_clima_macs_i_d80p4k/ | https://royal.com.ru/catalog/fankoyly/royal_clima_macs_i_d80p4k/
MACS-I-D100P4K,1,https://iclim.ru/catalog/promyshlennye_konditsionery/fankoyly/royal_clima_macs_i_d100p4k/ | https://royal.com.ru/catalog/fankoyly/royal_clima_macs_i_d100p4k/
MACS-I-D120P4K,1,https://iclim.ru/catalog/promyshlennye_konditsionery/fankoyly/royal_clima_macs_i_d120p4k/ | https://royal.com.ru/catalog/fankoyly/royal_clima_macs_i_d120p4k/
MACS-I-D140P4K,1,https://iclim.ru/catalog/promyshlennye_konditsionery/fankoyly/royal_clima_macs_i_d140p4k/ | https://royal.com.ru/catalog/fankoyly/royal_clima_macs_i_d140p4k/
MACS-I-VD20P2K,1,https://iclim.ru/catalog/promyshlennye_konditsionery/fankoyly/royal_clima_macs_i_vd20p2k/ | https://royal.com.ru/catalog/fankoyly/royal_clima_macs_i_vd20p2k/
MACS-I-VD30P2K,1,https://iclim.ru/catalog/promyshlennye_konditsionery/fankoyly/royal_clima_macs_i_vd30p2k/ | https://royal.com.ru/catalog/fankoyly/royal_clima_macs_i_vd30p2k/
MACS-I-VD40P2K,1,https://iclim.ru/catalog/promyshlennye_konditsionery/fankoyly/royal_clima_macs_i_vd40p2k/ | https://royal.com.ru/catalog/fankoyly/royal_clima_macs_i_vd40p2k/
MACS-I-VD45P2K,1,https://iclim.ru/catalog/promyshlennye_konditsionery/fankoyly/royal_clima_macs_i_vd45p2k/ | https://royal.com.ru/catalog/fankoyly/royal_clima_macs_i_vd45p2k/
MACS-I-VD56P2K,1,https://iclim.ru/catalog/promyshlennye_konditsionery/fankoyly/royal_clima_macs_i_vd56p2k/ | https://royal.com.ru/catalog/fankoyly/royal_clima_macs_i_vd56p2k/
MACS-I-VD80P2K,1,https://iclim.ru/catalog/promyshlennye_konditsionery/fankoyly/royal_clima_macs_i_vd80p2k/ | https://royal.com.ru/catalog/fankoyly/royal_clima_macs_i_vd80p2k/
MACS-I-VD100P2K,1,https://iclim.ru/catalog/promyshlennye_konditsionery/fankoyly/royal_clima_macs_i_vd100p2k/ | https://royal.com.ru/catalog/fankoyly/royal_clima_macs_i_vd100p2k/
MACS-I-VD120P2K,1,https://iclim.ru/catalog/promyshlennye_konditsionery/fankoyly/royal_clima_macs_i_vd120p2k/ | https://royal.com.ru/catalog/fankoyly/royal_clima_macs_i_vd120p2k/
MACS-I-VD140P2K,1,https://iclim.ru/catalog/promyshlennye_konditsionery/fankoyly/royal_clima_macs_i_vd140p2k/ | https://royal.com.ru/catalog/fankoyly/royal_clima_macs_i_vd140p2k/
MACS-I-VD20P4K,1,https://iclim.ru/catalog/promyshlennye_konditsionery/fankoyly/royal_clima_macs_i_vd20p4k/ | https://royal.com.ru/catalog/fankoyly/royal_clima_macs_i_vd20p4k/
MACS-I-VD30P4K,1,https://iclim.ru/catalog/promyshlennye_konditsionery/fankoyly/royal_clima_macs_i_vd30p4k/ | https://royal.com.ru/catalog/fankoyly/royal_clima_macs_i_vd30p4k/
MACS-I-VD40P4K,1,https://iclim.ru/catalog/promyshlennye_konditsionery/fankoyly/royal_clima_macs_i_vd40p4k/ | https://royal.com.ru/catalog/fankoyly/royal_clima_macs_i_vd40p4k/
MACS-I-VD45P4K,1,https://iclim.ru/catalog/promyshlennye_konditsionery/fankoyly/royal_clima_macs_i_vd45p4k/ | https://royal.com.ru/catalog/fankoyly/royal_clima_macs_i_vd45p4k/
MACS-I-VD56P4K,1,https://iclim.ru/catalog/promyshlennye_konditsionery/fankoyly/royal_clima_macs_i_vd56p4k/ | https://royal.com.ru/catalog/fankoyly/royal_clima_macs_i_vd56p4k/
MACS-I-VD80P4K,1,https://iclim.ru/catalog/promyshlennye_konditsionery/fankoyly/royal_clima_macs_i_vd80p4k/ | https://royal.com.ru/catalog/fankoyly/royal_clima_macs_i_vd80p4k/
MACS-I-VD100P4K,1,https://iclim.ru/catalog/promyshlennye_konditsionery/fankoyly/royal_clima_macs_i_vd100p4k/ | https://royal.com.ru/catalog/fankoyly/royal_clima_macs_i_vd100p4k/
MACS-I-VD120P4K,1,https://iclim.ru/catalog/promyshlennye_konditsionery/fankoyly/royal_clima_macs_i_vd120p4k/ | https://royal.com.ru/catalog/fankoyly/royal_clima_macs_i_vd120p4k/
MACS-I-VD140P4K,1,https://iclim.ru/catalog/promyshlennye_konditsionery/fankoyly/royal_clima_macs_i_vd140p4k/ | https://royal.com.ru/catalog/fankoyly/royal_clima_macs_i_vd140p4k/
MACS-I-D20P2KU,1,https://iclim.ru/catalog/promyshlennye_konditsionery/fankoyly/royal_clima_macs_i_d20p2ku/ | https://royal.com.ru/catalog/fankoyly/royal_clima_macs_i_d20p2ku/
MACS-I-D30P2KU,1,https://iclim.ru/catalog/promyshlennye_konditsionery/fankoyly/royal_clima_macs_i_d30p2ku/ | https://royal.com.ru/catalog/fankoyly/royal_clima_macs_i_d30p2ku/
MACS-I-D40P2KU,1,https://iclim.ru/catalog/promyshlennye_konditsionery/fankoyly/royal_clima_macs_i_d40p2ku/ | https://royal.com.ru/catalog/fankoyly/royal_clima_macs_i_d40p2ku/
MACS-I-D45P2KU,1,https://iclim.ru/catalog/promyshlennye_konditsionery/fankoyly/royal_clima_macs_i_d45p2ku/ | https://royal.com.ru/catalog/fankoyly/royal_clima_macs_i_d45p2ku/
MACS-I-D56P2KU,1,https://iclim.ru/catalog/promyshlennye_konditsionery/fankoyly/royal_clima_macs_i_d56p2ku/ | https://royal.com.ru/catalog/fankoyly/royal_clima_macs_i_d56p2ku/
MACS-I-D80P2KU,1,https://iclim.ru/catalog/promyshlennye_konditsionery/fankoyly/royal_clima_macs_i_d80p2ku/ | https://royal.com.ru/catalog/fankoyly/royal_clima_macs_i_d80p2ku/
MACS-I-D100P2KU,1,https://iclim.ru/catalog/promyshlennye_konditsionery/fankoyly/royal_clima_macs_i_d100p2ku/ | https://royal.com.ru/catalog/fankoyly/royal_clima_macs_i_d100p2ku/
MACS-I-D120P2KU,1,https://iclim.ru/catalog/promyshlennye_konditsionery/fankoyly/royal_clima_macs_i_d120p2ku/ | https://royal.com.ru/catalog/fankoyly/royal_clima_macs_i_d120p2ku/
MACS-I-D140P2KU,1,https://iclim.ru/catalog/promyshlennye_konditsionery/fankoyly/royal_clima_macs_i_d140p2ku/ | https://royal.com.ru/catalog/fankoyly/royal_clima_macs_i_d140p2ku/
MACS-I-ED21P2K,1,https://iclim.ru/catalog/promyshlennye_konditsionery/fankoyly/royal_clima_macs_i_ed21p2k/ | https://royal.com.ru/catalog/fankoyly/royal_clima_macs_i_ed21p2k/
MACS-I-ED31P2K,1,https://iclim.ru/catalog/promyshlennye_konditsionery/fankoyly/royal_clima_macs_i_ed31p2k/ | https://royal.com.ru/catalog/fankoyly/royal_clima_macs_i_ed31p2k/
MACS-I-ED41P2K,1,https://iclim.ru/catalog/promyshlennye_konditsionery/fankoyly/royal_clima_macs_i_ed41p2k/ | https://royal.com.ru/catalog/fankoyly/royal_clima_macs_i_ed41p2k/
MACS-I-ED46P2K,1,https://iclim.ru/catalog/promyshlennye_konditsionery/fankoyly/royal_clima_macs_i_ed46p2k/ | https://royal.com.ru/catalog/fankoyly/royal_clima_macs_i_ed46p2k/
MACS-I-ED56P2K,1,https://iclim.ru/catalog/promyshlennye_konditsionery/fankoyly/royal_clima_macs_i_ed56p2k/ | https://royal.com.ru/catalog/fankoyly/royal_clima_macs_i_ed56p2k/
MACS-I-ED81P2K,1,https://iclim.ru/catalog/promyshlennye_konditsionery/fankoyly/royal_clima_macs_i_ed81p2k/ | https://royal.com.ru/catalog/fankoyly/royal_clima_macs_i_ed81p2k/
MACS-I-ED96P2K,1,https://iclim.ru/catalog/promyshlennye_konditsionery/fankoyly/royal_clima_macs_i_ed96p2k/ | https://royal.com.ru/catalog/fankoyly/royal_clima_macs_i_ed96p2k/
MACS-I-ED111P2K,1,https://iclim.ru/catalog/promyshlennye_konditsionery/fankoyly/royal_clima_macs_i_ed111p2k/ | https://royal.com.ru/catalog/fankoyly/royal_clima_macs_i_ed111p2k/
MACS-I-ED131P2K,1,https://iclim.ru/catalog/promyshlennye_konditsionery/fankoyly/royal_clima_macs_i_ed131p2k/ | https://royal.com.ru/catalog/fankoyly/royal_clima_macs_i_ed131p2k/
MACS-I-PD61P2K,1,https://iclim.ru/catalog/promyshlennye_konditsionery/fankoyly/royal_clima_macs_i_pd61p2k/ | https://royal.com.ru/catalog/fankoyly/royal_clima_macs_i_pd61p2k/
MACS-I-PD76P2K,1,https://iclim.ru/catalog/promyshlennye_konditsionery/fankoyly/royal_clima_macs_i_pd76p2k/ | https://royal.com.ru/catalog/fankoyly/royal_clima_macs_i_pd76p2k/
MACS-I-PD91P2K,1,https://iclim.ru/catalog/promyshlennye_konditsionery/fankoyly/royal_clima_macs_i_pd91p2k/ | https://royal.com.ru/catalog/fankoyly/royal_clima_macs_i_pd91p2k/
MACS-I-PD116P2K,1,https://iclim.ru/catalog/promyshlennye_konditsionery/fankoyly/royal_clima_macs_i_pd116p2k/ | https://royal.com.ru/catalog/fankoyly/royal_clima_macs_i_pd116p2k/
MACS-I-PD136P2K,1,https://iclim.ru/catalog/promyshlennye_konditsionery/fankoyly/royal_clima_macs_i_pd136p2k/ | https://royal.com.ru/catalog/fankoyly/royal_clima_macs_i_pd136p2k/
MACS-I-PD220P2K,1,https://iclim.ru/catalog/promyshlennye_konditsionery/fankoyly/royal_clima_macs_i_pd220p2k/ | https://royal.com.ru/catalog/fankoyly/royal_clima_macs_i_pd220p2k/
MACS-I-PD280P2K,1,https://iclim.ru/catalog/promyshlennye_konditsionery/fankoyly/royal_clima_macs_i_pd280p2k/ | https://royal.com.ru/catalog/fankoyly/royal_clima_macs_i_pd280p2k/
MACS-I-PD330P2K,1,https://iclim.ru/catalog/promyshlennye_konditsionery/fankoyly/royal_clima_macs_i_pd330p2k/ | https://royal.com.ru/catalog/fankoyly/royal_clima_macs_i_pd330p2k/
MACS-I-PD270P2K,1,https://iclim.ru/catalog/promyshlennye_konditsionery/fankoyly/royal_clima_macs_i_pd270p2k/ | https://royal.com.ru/catalog/fankoyly/royal_clima_macs_i_pd270p2k/
MACS-I-PD380P2K,1,https://iclim.ru/catalog/promyshlennye_konditsionery/fankoyly/royal_clima_macs_i_pd380p2k/ | https://royal.com.ru/catalog/fankoyly/royal_clima_macs_i_pd380p2k/
MACS-I-PD420P2K,1,https://iclim.ru/catalog/promyshlennye_konditsionery/fankoyly/royal_clima_macs_i_pd420p2k/ | https://royal.com.ru/catalog/fankoyly/royal_clima_macs_i_pd420p2k/
MACS-I-PD60P4K,1,https://iclim.ru/catalog/promyshlennye_konditsionery/fankoyly/royal_clima_macs_i_pd60p4k/ | https://royal.com.ru/catalog/fankoyly/royal_clima_macs_i_pd60p4k/
MACS-I-PD75P4K,1,https://iclim.ru/catalog/promyshlennye_konditsionery/fankoyly/royal_clima_macs_i_pd75p4k/ | https://royal.com.ru/catalog/fankoyly/royal_clima_macs_i_pd75p4k/
MACS-I-PD90P4K,1,https://iclim.ru/catalog/promyshlennye_konditsionery/fankoyly/royal_clima_macs_i_pd90p4k/ | https://royal.com.ru/catalog/fankoyly/royal_clima_macs_i_pd90p4k/
MACS-I-PD115P4K,1,https://iclim.ru/catalog/promyshlennye_konditsionery/fankoyly/royal_clima_macs_i_pd115p4k/ | https://royal.com.ru/catalog/fankoyly/royal_clima_macs_i_pd115p4k/
MACS-I-PD135P4K,1,https://iclim.ru/catalog/promyshlennye_konditsionery/fankoyly/royal_clima_macs_i_pd135p4k/ | https://royal.com.ru/catalog/fankoyly/royal_clima_macs_i_pd135p4k/
MACS-I-PD160P4K,1,https://iclim.ru/catalog/promyshlennye_konditsionery/fankoyly/royal_clima_macs_i_pd160p4k/ | https://royal.com.ru/catalog/fankoyly/royal_clima_macs_i_pd160p4k/
MACS-I-PD210P4K,1,https://iclim.ru/catalog/promyshlennye_konditsionery/fankoyly/royal_clima_macs_i_pd210p4k/ | https://royal.com.ru/catalog/fankoyly/royal_clima_macs_i_pd210p4k/
MACS-I-PD270P4K,1,https://iclim.ru/catalog/promyshlennye_konditsionery/fankoyly/royal_clima_macs_i_pd270p4k/ | https://royal.com.ru/catalog/fankoyly/royal_clima_macs_i_pd270p4k/
MACS-I-PD315P4K,1,https://iclim.ru/catalog/promyshlennye_konditsionery/fankoyly/royal_clima_macs_i_pd315p4k/ | https://royal.com.ru/catalog/fankoyly/royal_clima_macs_i_pd315p4k/
MACS-I-PD51P4K,1,https://iclim.ru/catalog/promyshlennye_konditsionery/fankoyly/royal_clima_macs_i_pd51p4k/ | https://royal.com.ru/catalog/fankoyly/royal_clima_macs_i_pd51p4k/
MACS-I-PD66P4K,1,https://iclim.ru/catalog/promyshlennye_konditsionery/fankoyly/royal_clima_macs_i_pd66p4k/ | https://royal.com.ru/catalog/fankoyly/royal_clima_macs_i_pd66p4k/
MACS-I-PD76P4K,1,https://iclim.ru/catalog/promyshlennye_konditsionery/fankoyly/royal_clima_macs_i_pd76p4k/ | https://royal.com.ru/catalog/fankoyly/royal_clima_macs_i_pd76p4k/
MACS-I-PD96P4K,1,https://iclim.ru/catalog/promyshlennye_konditsionery/fankoyly/royal_clima_macs_i_pd96p4k/ | https://royal.com.ru/catalog/fankoyly/royal_clima_macs_i_pd96p4k/
MACS-I-PD116P4K,1,https://iclim.ru/catalog/promyshlennye_konditsionery/fankoyly/royal_clima_macs_i_pd116p4k/ | https://royal.com.ru/catalog/fankoyly/royal_clima_macs_i_pd116p4k/
MACS-I-PD136P4K,1,https://iclim.ru/catalog/promyshlennye_konditsionery/fankoyly/royal_clima_macs_i_pd136p4k/ | https://royal.com.ru/catalog/fankoyly/royal_clima_macs_i_pd136p4k/
MACS-I-PD176P4K,1,https://iclim.ru/catalog/promyshlennye_konditsionery/fankoyly/royal_clima_macs_i_pd176p4k/ | https://royal.com.ru/catalog/fankoyly/royal_clima_macs_i_pd176p4k/
MACS-I-PD226P4K,1,https://iclim.ru/catalog/promyshlennye_konditsionery/fankoyly/royal_clima_macs_i_pd226p4k/ | https://royal.com.ru/catalog/fankoyly/royal_clima_macs_i_pd226p4k/
MACS-I-PD266P4K,1,https://iclim.ru/catalog/promyshlennye_konditsionery/fankoyly/royal_clima_macs_i_pd266p4k/ | https://royal.com.ru/catalog/fankoyly/royal_clima_macs_i_pd266p4k/
