model,page,image_url,width,height,bytes,sha256
HPE-GNK1,https://mircli.ru/Hisense-HPE-GNK1/,https://cdn2.mircli.ru/_next/img/media/430098/Hisense_HPE_GNK1.jpg?w=520&h=520&fit=fit&q=92&f=webp&dpr=2,900,414,50000,61992cb3e9d3cfdbf947d851c933cadd791c6e7ea66a783e9ec3079125285599
HPE-GNK1,https://hi.1clim.ru/catalog/dekorativnye_paneli/hisense_hpe_gnk1/,https://hi.1clim.ru/upload/iblock/5dd/rlk0tm1j8c4zwa59jck3sdeswvufz5gi.jpg,900,900,85758,22730dfe212be733b5dce17e43ec5a0050ffb4b3be779b4fad1e714eec757a32
HPE-GNK1,https://hi.1clim.ru/catalog/dekorativnye_paneli/hisense_hpe_gnk1/,https://hi.1clim.ru/upload/resize_cache/iblock/5dd/500_500_1/rlk0tm1j8c4zwa59jck3sdeswvufz5gi.jpg,500,500,38458,0e550d69c057d0a283b13ce73de00a11923a14558db51f703777fa23cb7f67ae
HP-G-NK,https://schiessl.pl/pl/hp-g-nk-panel-hisense-hp-g-nk-do-jkasetonowych-avbc,https://schiessl.pl/Zdj%C4%99cia%20produkt%C3%B3w_new%20schiessl/Klimatyzacja%20VRF/Akcesoria%20klimatyzacja_VRF/wyposa%C5%BCenie%20dodatkowe/53861/image-thumb__53861__gallery_large_photo/HP-G-NK.jpg,900,675,44540,1e1ee3cbebb7adddecd65e6b82712dbc53df5f55ac9277f8b3fad81231ff0ce2
HP-G-NK,https://schiessl.pl/pl/hp-g-nk-panel-hisense-hp-g-nk-do-jkasetonowych-avbc,https://schiessl.pl/assets/img/omegacode-logo.png,1178,208,29894,ebf0aa1372602dff0fce2b13e67b1711a050a680040ed41b0621fcf743840312
HP-G-NK,https://www.matmax.es/aire-acondicionado-y-refrigeracion/productos/hisense/hp-g-nk-panel-hp-g-nk-para-unidad-interior-cassette-4-vias-1348000136,https://www.matmax.es/images/media/alimarket.png,329,64,17972,e43d784702de057c7253ec986ef787e1d349de662533b7810357bae7b3dd2f09
HP-G-NK,https://www.matmax.es/aire-acondicionado-y-refrigeracion/productos/hisense/hp-g-nk-panel-hp-g-nk-para-unidad-interior-cassette-4-vias-1348000136,https://www.matmax.es/images/media/c-de-comunicacion.png,374,64,12256,4e53f2f47cfcf578509e959f724a99252fb60e868dfb2df1a10cbadf85a6f434
HP-G-NK,https://www.matmax.es/aire-acondicionado-y-refrigeracion/productos/hisense/hp-g-nk-panel-hp-g-nk-para-unidad-interior-cassette-4-vias-1348000136,https://www.matmax.es/images/media/fevymar.png,329,64,17912,7d7147267cd2a31eac5e312a3c722d81e3d2d620cc1912aeebfb5dbb1483937e
HP-G-NK,https://www.matmax.es/aire-acondicionado-y-refrigeracion/productos/hisense/hp-g-nk-panel-hp-g-nk-para-unidad-interior-cassette-4-vias-1348000136,https://www.matmax.es/images/media/la-vanguardia.png,636,64,18844,89b67b9fa82001cf0317f19084d16eb7cc6957558542c2a4a2858e1b57abe97c
HP-G-NK,https://4dealer.ru/item/hp-g-nk_panel_dekorativnaya_950h950_hisense-30770560.html?info=d,https://4dealer.ru/src/img/stock/blurred-product-info.png,1035,55,13867,4c9690e223cb51af27ba9b12c2b75617b3728cf1637eb643dadef2679c00bfaf
HP-G-NK,https://4dealer.ru/item/hp-g-nk_panel_dekorativnaya_950h950_hisense-30770560.html?info=d,https://4dealer.ru/static/a/unit_728.jpg,728,90,44365,50d93e5fc60039297038159202dcba0b9efa615657be590749add6488edadc28
HYXE-VC01,https://support.hisensehvac.com/common/index.aspx?nodeid=17101,https://support.hisensehvac.com/upload/images/201711/201711221310148562286.jpg,1900,216,162261,24512ae26a54249ae6a9176d4748a02f830960ca6a5c278485fff499d540d6e4
HYXE-VC01,https://support.hisensehvac.com/common/index.aspx?nodeid=17101,https://support.hisensehvac.com/upload/images/20181/20181172033153146362.jpg,1920,450,265712,4a9381b4fb58c3611ffb217f92de5962af24402245c8fdef3b1c6a02cfe6984b
HYXE-VC01,https://hisense.id/product/wired-controller/,PAGE_ERROR:HTTPError('403 Client Error: Forbidden for url: https://hisense.id/product/wired-controller/'),0,0,0,
HYXE-VA01A,https://support.hisensehvac.com/common/index.aspx?nodeid=17100,https://support.hisensehvac.com/upload/images/201711/201711221310148562286.jpg,1900,216,162261,24512ae26a54249ae6a9176d4748a02f830960ca6a5c278485fff499d540d6e4
HYXE-VA01A,https://support.hisensehvac.com/common/index.aspx?nodeid=17100,https://support.hisensehvac.com/upload/images/20181/20181172033153146362.jpg,1920,450,265712,4a9381b4fb58c3611ffb217f92de5962af24402245c8fdef3b1c6a02cfe6984b
HYXE-VA01A,https://es.hisensehvac.com/Product/index.aspx?nodeid=8591,https://es.hisensehvac.com/upload/images/20203/20203281830361345420.png,984,992,468460,047bb28f9613e1dca9bf3f1e5f001dbdb9d80e5a077961d41a91b06a095a5ef7
HYXE-VA01A,https://es.hisensehvac.com/Product/index.aspx?nodeid=8591,https://es.hisensehvac.com/upload/images/20219/20219171619286778645.jpg,1920,450,461656,c383a0bfb1466bc38a3aa9194bcecfc7a0463aa55864778a130a347d457203fd
HYXE-VA01A,https://hisense.id/product/wired-controller/,PAGE_ERROR:HTTPError('403 Client Error: Forbidden for url: https://hisense.id/product/wired-controller/'),0,0,0,
