model,file,component,image_url,page,source_width,source_height,source_bytes,source_sha256
MACS-I-C35P2C/MACS-I-CSPС2,02.jpg,exact-model product render,https://iclim.ru/upload/iblock/b31/c31/3.jpg,https://iclim.ru/catalog/promyshlennye_konditsionery/fankoyly/royal_clima_macs_i_c35p2c/,700,700,37442,1aebd0f64d3df423ab1c143560c71c98c6680b829528b4b45f497824e0d206d0
MACS-I-C61P2/MACS-I-CSP2,02.jpg,exact-model product render,https://iclim.ru/upload/iblock/431/4eb/3.jpg,https://iclim.ru/catalog/promyshlennye_konditsionery/fankoyly/royal_clima_macs_i_c61p2/,700,700,37442,1aebd0f64d3df423ab1c143560c71c98c6680b829528b4b45f497824e0d206d0
MACS-I-C81P2/MACS-I-CSP2,02.jpg,exact-model product render,https://iclim.ru/upload/iblock/d5c/261niwta094uzwh4e634z25zijie8v8w.jpg,https://iclim.ru/catalog/promyshlennye_konditsionery/fankoyly/royal_clima_macs_i_c81p2/,1000,707,126023,1bd232180aa271ef6f6ee8d543a38d31ae8aedaf4425c4b6ca71c1fd04bf7484
MACS-I-C101P2/MACS-I-CSP2,02.jpg,exact-model product render,https://iclim.ru/upload/iblock/03b/dc5/3.jpg,https://iclim.ru/catalog/promyshlennye_konditsionery/fankoyly/royal_clima_macs_i_c101p2/,700,700,37442,1aebd0f64d3df423ab1c143560c71c98c6680b829528b4b45f497824e0d206d0
MACS-I-C121P2/MACS-I-CSP2,02.jpg,exact-model product render,https://iclim.ru/upload/iblock/658/6d8/3.jpg,https://iclim.ru/catalog/promyshlennye_konditsionery/fankoyly/royal_clima_macs_i_c121p2/,700,700,37442,1aebd0f64d3df423ab1c143560c71c98c6680b829528b4b45f497824e0d206d0
MACS-I-C141P2/MACS-I-CSP2,02.jpg,exact-model product render,https://iclim.ru/upload/iblock/d5c/261niwta094uzwh4e634z25zijie8v8w.jpg,https://iclim.ru/catalog/promyshlennye_konditsionery/fankoyly/royal_clima_macs_i_c141p2/,1000,707,126023,1bd232180aa271ef6f6ee8d543a38d31ae8aedaf4425c4b6ca71c1fd04bf7484
MACS-I-C20P2K,02.jpg,exact-model product render,https://iclim.ru/upload/iblock/7e1/c92fj7esw85an39c9qag8pzer8p2hcgb.jpg,https://iclim.ru/catalog/promyshlennye_konditsionery/fankoyly/royal_clima_macs_i_c20p2k/,1000,1000,67614,589b32edf8e7c36f1b9615cb9d006cdcd2fa5097d765d52fa2dcc6eeedc69076
MACS-I-C28P2K,02.jpg,exact-model product render,https://iclim.ru/upload/iblock/d3b/we17ake0takdqqrj5p9b2mn3r5wbyjb1.jpg,https://iclim.ru/catalog/promyshlennye_konditsionery/fankoyly/royal_clima_macs_i_c28p2k/,1000,1000,67614,589b32edf8e7c36f1b9615cb9d006cdcd2fa5097d765d52fa2dcc6eeedc69076
MACS-I-C35P2K,02.jpg,exact-model product render,https://iclim.ru/upload/iblock/31a/knt5qu77lar6rb2vecw5l3625vfmygrw.jpg,https://iclim.ru/catalog/promyshlennye_konditsionery/fankoyly/royal_clima_macs_i_c35p2k/,1000,1000,67614,589b32edf8e7c36f1b9615cb9d006cdcd2fa5097d765d52fa2dcc6eeedc69076
MACS-I-C50P2K,02.jpg,exact-model product render,https://iclim.ru/upload/iblock/204/1pp75z8d94b0mqa6yomqmd1xau0f9qyl.jpg,https://iclim.ru/catalog/promyshlennye_konditsionery/fankoyly/royal_clima_macs_i_c50p2k/,1000,1000,67614,589b32edf8e7c36f1b9615cb9d006cdcd2fa5097d765d52fa2dcc6eeedc69076
MACS-I-C60P2K,02.jpg,exact-model product render,https://iclim.ru/upload/iblock/c35/773qxa8t142bhwuoh10snpqraco2671c.jpg,https://iclim.ru/catalog/promyshlennye_konditsionery/fankoyly/royal_clima_macs_i_c60p2k/,1000,1000,67614,589b32edf8e7c36f1b9615cb9d006cdcd2fa5097d765d52fa2dcc6eeedc69076
MACS-I-C75P2K,02.jpg,exact-model product render,https://iclim.ru/upload/iblock/b05/0ahzoiry1yrbfs20j1ggyn1lr3ffjndw.jpg,https://iclim.ru/catalog/promyshlennye_konditsionery/fankoyly/royal_clima_macs_i_c75p2k/,1000,1000,67614,589b32edf8e7c36f1b9615cb9d006cdcd2fa5097d765d52fa2dcc6eeedc69076
MACS-I-C95P2K,02.jpg,exact-model product render,https://iclim.ru/upload/iblock/75d/npa14hxznitvw291md1amdgjy1uvmp8x.jpg,https://iclim.ru/catalog/promyshlennye_konditsionery/fankoyly/royal_clima_macs_i_c95p2k/,1000,1000,67614,589b32edf8e7c36f1b9615cb9d006cdcd2fa5097d765d52fa2dcc6eeedc69076
MACS-I-C115P2K,02.jpg,exact-model product render,https://iclim.ru/upload/iblock/baf/2ssjm3nqmrdwks0rk389cbsmz2u3ej3d.jpg,https://iclim.ru/catalog/promyshlennye_konditsionery/fankoyly/royal_clima_macs_i_c115p2k/,1000,1000,67614,589b32edf8e7c36f1b9615cb9d006cdcd2fa5097d765d52fa2dcc6eeedc69076
MACS-I-C130P2K,02.jpg,exact-model product render,https://iclim.ru/upload/iblock/2cf/tzrrqlbpa5wvwbzcshh9eryhujtq98gz.jpg,https://iclim.ru/catalog/promyshlennye_konditsionery/fankoyly/royal_clima_macs_i_c130p2k/,1000,1000,67614,589b32edf8e7c36f1b9615cb9d006cdcd2fa5097d765d52fa2dcc6eeedc69076
MACS-I-C25P4K,02.jpg,exact-model product render,https://iclim.ru/upload/iblock/0a9/rf3n6k4pogeghnnx9yej35ns81uhnext.jpg,https://iclim.ru/catalog/promyshlennye_konditsionery/fankoyly/royal_clima_macs_i_c25p4k/,1000,1000,67614,589b32edf8e7c36f1b9615cb9d006cdcd2fa5097d765d52fa2dcc6eeedc69076
MACS-I-C30P4K,02.jpg,exact-model product render,https://iclim.ru/upload/iblock/787/lvngq33p0se34hnrwpmu1l8k5ujjlvx8.jpg,https://iclim.ru/catalog/promyshlennye_konditsionery/fankoyly/royal_clima_macs_i_c30p4k/,1000,1000,67614,589b32edf8e7c36f1b9615cb9d006cdcd2fa5097d765d52fa2dcc6eeedc69076
MACS-I-C40P4K,02.jpg,exact-model product render,https://iclim.ru/upload/iblock/339/0qsy5mi8wq8akxvfif2ff2cuapac3pbc.jpg,https://iclim.ru/catalog/promyshlennye_konditsionery/fankoyly/royal_clima_macs_i_c40p4k/,1000,1000,67614,589b32edf8e7c36f1b9615cb9d006cdcd2fa5097d765d52fa2dcc6eeedc69076
MACS-I-C50P4K,02.jpg,exact-model product render,https://iclim.ru/upload/iblock/0a8/eobv34txw8n61p82hjmyht6nqvihcsa9.jpg,https://iclim.ru/catalog/promyshlennye_konditsionery/fankoyly/royal_clima_macs_i_c50p4k/,1000,1000,67614,589b32edf8e7c36f1b9615cb9d006cdcd2fa5097d765d52fa2dcc6eeedc69076
MACS-I-C60P4K,02.jpg,exact-model product render,https://iclim.ru/upload/iblock/00a/srdpv9jrwrsx8mk1f0l7i9i380v2f2z2.jpg,https://iclim.ru/catalog/promyshlennye_konditsionery/fankoyly/royal_clima_macs_i_c60p4k/,1000,1000,67614,589b32edf8e7c36f1b9615cb9d006cdcd2fa5097d765d52fa2dcc6eeedc69076
MACS-I-C80P4K,02.jpg,exact-model product render,https://iclim.ru/upload/iblock/492/0yx8lj19rnqeuxqo5tfj0bvxttizzbbm.jpg,https://iclim.ru/catalog/promyshlennye_konditsionery/fankoyly/royal_clima_macs_i_c80p4k/,1000,1000,67614,589b32edf8e7c36f1b9615cb9d006cdcd2fa5097d765d52fa2dcc6eeedc69076
MACS-I-C90P4K,02.jpg,exact-model product render,https://iclim.ru/upload/iblock/15d/pgamnm5ja4tkh4w9ijzli4jw6fiipbd9.jpg,https://iclim.ru/catalog/promyshlennye_konditsionery/fankoyly/royal_clima_macs_i_c90p4k/,1000,1000,67614,589b32edf8e7c36f1b9615cb9d006cdcd2fa5097d765d52fa2dcc6eeedc69076
MACS-I-C110P4K,02.jpg,exact-model product render,https://iclim.ru/upload/iblock/2df/2pkhh5z1nqczp4d7oo31jnogsau5gn09.jpg,https://iclim.ru/catalog/promyshlennye_konditsionery/fankoyly/royal_clima_macs_i_c110p4k/,1000,1000,67614,589b32edf8e7c36f1b9615cb9d006cdcd2fa5097d765d52fa2dcc6eeedc69076
MACS-I-C20P21K,02.jpg,exact-model product render,https://iclim.ru/upload/iblock/6d7/wpx617ti2hfe3jqzudgryb0zglhw85wl.jpg,https://iclim.ru/catalog/promyshlennye_konditsionery/fankoyly/royal_clima_macs_i_c20p21k/,1000,1000,39364,0fe062de744f03b208f2ccb7e8d65032939989cad5754404003f45fe0c4a3cb5
MACS-I-C25P21K,02.jpg,exact-model product render,https://iclim.ru/upload/iblock/a34/yli1hg1w6fnkxqji23dbu3pnq89vlqo4.jpg,https://iclim.ru/catalog/promyshlennye_konditsionery/fankoyly/royal_clima_macs_i_c25p21k/,1000,1000,39364,0fe062de744f03b208f2ccb7e8d65032939989cad5754404003f45fe0c4a3cb5
MACS-I-C35P21K,02.jpg,exact-model product render,https://iclim.ru/upload/iblock/d43/jiuzgmmjojq6vwrq5ira9j76z3cj3h00.jpg,https://iclim.ru/catalog/promyshlennye_konditsionery/fankoyly/royal_clima_macs_i_c35p21k/,1000,1000,39364,0fe062de744f03b208f2ccb7e8d65032939989cad5754404003f45fe0c4a3cb5
MACS-I-C45P21K,02.jpg,exact-model product render,https://iclim.ru/upload/iblock/a4e/xr7rrcmlrdsxvf39bwcpafnky72ngzs2.jpg,https://iclim.ru/catalog/promyshlennye_konditsionery/fankoyly/royal_clima_macs_i_c45p21k/,1000,1000,39364,0fe062de744f03b208f2ccb7e8d65032939989cad5754404003f45fe0c4a3cb5
MACS-I-C55P21K,02.jpg,exact-model product render,https://iclim.ru/upload/iblock/109/9pflq0jogajrcavz95d19yuzvw7c0p1d.jpg,https://iclim.ru/catalog/promyshlennye_konditsionery/fankoyly/royal_clima_macs_i_c55p21k/,1000,1000,39364,0fe062de744f03b208f2ccb7e8d65032939989cad5754404003f45fe0c4a3cb5
MACS-I-C45P2С/MACS-I-CSPС2,02.jpg,exact-model product render,https://royal-clima.com.ru/image/cache/catalog/fancoil/macs-i-c35p2c-400x400.jpg,https://royal-clima.com.ru/macs-i-c45p2c,400,400,19556,170d6bafde11615abd7b4a9f4702f8dc8646b854130db54f2c788d341c9e8c1c
MACS-I-C51P2С/MACS-I-CSPС2,02.jpg,exact-model product render,https://toplan.ru/images/goods/royal-clima-macs-i-c51p2c-1.jpg,https://toplan.ru/royal-clima-macs-i-c51p2c.html,600,416,115580,d1307aab8709db94f43bc404996a7c8ac6f31a39a49c032d675e84086b98789c
