group,model_count,sha256,representative_path
1,106,833e8140e3d3f9f38a79a5a42f3746185144b4584be1911863268887000347e1,Hisense/images-rebuild/2026-09-29/packets/04_AVD_HJDH/Hisense_images_rebuilt/AVD-HJDH/AVD-24HJDH1/02.jpg
3,106,047f09f590a8859329d2f6ee45d98b33439c679d6531065d9b59e365ee218712,Hisense/images-rebuild/2026-09-29/packets/04_AVD_HJDH/Hisense_images_rebuilt/AVD-HJDH/AVD-24HJDH1/03.jpg
23,26,130da847ad4fa3319d6c3bd4f17f64f7e22e5d423451a06ec2e2d1170d7efc60,Hisense/images-rebuild/2026-09-29/packets/05_AVD_HJFH_AVE/Hisense_images_rebuilt/AVD-HJFH/AVD-12HJFH/06.jpg
25,26,747f32a8d9b91ab0e3729446cd2269a3608511e990b9cf2112d01e16a7717f83,Hisense/images-rebuild/2026-09-29/packets/05_AVD_HJFH_AVE/Hisense_images_rebuilt/AVD-HJFH/AVD-12HJFH/07.jpg
76,18,6b8ffe3ecfda80dd857400af25f832a5ad4274170b26787e5782842f050320cc,Hisense/images-rebuild/2026-09-29/packets/06_S5/Hisense_images_rebuilt/S5/AVWT-307HKF5/02.jpg
79,18,89ea0942d226edd7b783015eaab7f140dc18d0495c578c3ae9e14e8144d8cbaf,Hisense/images-rebuild/2026-09-29/packets/06_S5/Hisense_images_rebuilt/S5/AVWT-307HKF5/03.jpg
80,18,8ce5ff43808ee4e680ec32c4daa89ad2ae3427df671809e4724f13cd9a10a4ea,Hisense/images-rebuild/2026-09-29/packets/06_S5/Hisense_images_rebuilt/S5/AVWT-307HKF5/01.jpg
82,18,93787a6cc05764f6684390a4c87627140564e009684f4fa400665bc063aaa81d,Hisense/images-rebuild/2026-09-29/packets/06_S5/Hisense_images_rebuilt/S5/AVWT-307HKF5/05.jpg
83,18,2d528fc7b95fc0295e2ef0134509f9d5fa4afd57d254deeac1cc87c63cacfa8d,Hisense/images-rebuild/2026-09-29/packets/06_S5/Hisense_images_rebuilt/S5/AVWT-307HKF5/04.jpg
120,18,8ad83ce2a925a46918033404bce5f9bb51c0576d96d84b2bdae2fab6bb6a5bac,Hisense/images-rebuild/2026-09-29/packets/12_MACS_D_C/Hisense_images_rebuilt/MACS/MACS-I-PD266P4K/01.jpg
54,17,d19eb5c98e601b554346cd30f0ce36d9de8ec2a73411d9161b4ee9c9332a92a1,Hisense/images-rebuild/2026-09-29/packets/08_MACS_C_CURATED/Hisense_images_rebuilt/MACS/MACS-I-C35P2K/02.jpg
78,17,deb0e53d7f7bcc8e73f8f0f23565bacb27ed389ad6168c50efebde60f78a5416,Hisense/images-rebuild/2026-09-29/packets/06_S5/Hisense_images_rebuilt/S5/AVWT-307HKF5/08.jpg
61,14,818931f25fc081c875dd06c8b3379a3fd7e886621a966ed9fee45357aca354c1,Hisense/images-rebuild/2026-09-29/packets/01_AVC_AVY/curated/Hisense_packet_01_AVC_AVY/AVC-HJDBA/AVC-09HJDBA/10.jpg
67,14,c38d8639dfb1293e9a9b25e863e53be2b995754c76506aff4784b8abaa52c3cf,Hisense/images-rebuild/2026-09-29/packets/01_AVC_AVY/curated/Hisense_packet_01_AVC_AVY/AVC-HJDBA/AVC-09HJDBA/09.jpg
2,13,17e64dcc203bd25c6a0aaa91ab3eb47578e0cae52471a87fafef7f57cdcee703,Hisense/images-rebuild/2026-09-29/packets/04_AVD_HJDH/Hisense_images_rebuilt/AVD-HJDH/AVD-24HJDH1/06.jpg
4,13,6df5149423b16ee25509883ac640edd3c20f403045a9c0575f0ca0adfa85718b,Hisense/images-rebuild/2026-09-29/packets/04_AVD_HJDH/Hisense_images_rebuilt/AVD-HJDH/AVD-24HJDH1/01.jpg
5,13,f960f0f1a38f1575ed7f1f0fbf5d7e2078bcf6d599abee4a1cffac442442a07c,Hisense/images-rebuild/2026-09-29/packets/04_AVD_HJDH/Hisense_images_rebuilt/AVD-HJDH/AVD-24HJDH1/05.jpg
6,13,1237e5f4b139a85f735a422cf7ec7f224aa92cb9de9bb2777d4b86823940c746,Hisense/images-rebuild/2026-09-29/packets/04_AVD_HJDH/Hisense_images_rebuilt/AVD-HJDH/AVD-24HJDH1/04.jpg
36,13,b5a171e4e88aa7f17dfec850389f8779a95ba467c4e6f940cade520e75006178,Hisense/images-rebuild/2026-09-29/packets/11_MACS_D_B/Hisense_images_rebuilt/MACS/MACS-I-D56P2KU/01.jpg
94,13,4661bb6c28bd0daa6be4cd0619bf16badba0b91ff102a8cd887370fb46bdcd56,Hisense/images-rebuild/2026-09-29/packets/07_H5_A_W/Hisense_images_rebuilt/H5/AVW-154HKDHE2/09.jpg
24,12,23ad4a40ab2241de5aea6c5fe9d6039fca0f2d738b023f4d5cf60f9b2e3abdc4,Hisense/images-rebuild/2026-09-29/packets/05_AVD_HJFH_AVE/Hisense_images_rebuilt/AVD-HJFH/AVD-12HJFH/03.jpg
26,12,fe34581a336a21723511d53ce963448dff58d7fae094641a360c5fd8f0a4228d,Hisense/images-rebuild/2026-09-29/packets/05_AVD_HJFH_AVE/Hisense_images_rebuilt/AVD-HJFH/AVD-12HJFH/05.jpg
27,12,a0077ec8a7d8984c58e3754ca14961e6fa2b23c5e66a1d6cc516cfdf47817b53,Hisense/images-rebuild/2026-09-29/packets/05_AVD_HJFH_AVE/Hisense_images_rebuilt/AVD-HJFH/AVD-12HJFH/04.jpg
40,11,e364127d2cfd89a31ff627a7cf5c167e6fceb432904ba630c9bee99ccabd2332,Hisense/images-rebuild/2026-09-29/packets/02_AVBC/Hisense_images_rebuilt/AVBC-HJDBA/AVBC-12HJDBA/02.jpg
41,11,a66c6c491142784b2c1777047d07ecc83f07ac9d57c0c832aefab88575348343,Hisense/images-rebuild/2026-09-29/packets/02_AVBC/Hisense_images_rebuilt/AVBC-HJDBA/AVBC-12HJDBA/06.jpg
42,11,5345f033dd57ab6cd8ae63623bfea002ca4f56e8d34af188a6a92bca7567df32,Hisense/images-rebuild/2026-09-29/packets/02_AVBC/Hisense_images_rebuilt/AVBC-HJDBA/AVBC-12HJDBA/07.jpg
43,11,3e70ace41e79a848150952a45b49049bcb9fdc23b2ba526999b52aa0a815b1c8,Hisense/images-rebuild/2026-09-29/packets/02_AVBC/Hisense_images_rebuilt/AVBC-HJDBA/AVBC-12HJDBA/01.jpg
44,11,e60864881b79444f973f10af884c9387fff91afc2328f5cfc00459178dbb47d0,Hisense/images-rebuild/2026-09-29/packets/02_AVBC/Hisense_images_rebuilt/AVBC-HJDBA/AVBC-12HJDBA/05.jpg
77,11,4d51ae96e2e2ffe36093869e7dcaa36dda798ad588ceeead5badb28b69b467ec,Hisense/images-rebuild/2026-09-29/packets/06_S5/Hisense_images_rebuilt/S5/AVWT-307HKF5/10.jpg
81,11,e01eb21436c9db8ecdc47def24048507f159a7ab2e10669302e05f49ae18f813,Hisense/images-rebuild/2026-09-29/packets/06_S5/Hisense_images_rebuilt/S5/AVWT-307HKF5/09.jpg
35,10,b30f7fbbcbb4f461450628231b9ed75a44b794d4c5cdf47bb445dadc23ca8ee5,Hisense/images-rebuild/2026-09-29/packets/11_MACS_D_B/Hisense_images_rebuilt/MACS/MACS-I-PD76P2K/01.jpg
51,10,fb785581a2529a5a08cc6e63e445cbf615ad96228bcb3801b67e65c056030dcf,Hisense/images-rebuild/2026-09-29/packets/13_ZKPU/Hisense_images_rebuilt/ZKPU-maxi/ZKPU-maxi 4/01.jpg
7,9,2eabc4904c2140379b78962a50b9681b6dd0f72aec33f6f6cd2a503e49e652a0,Hisense/images-rebuild/2026-09-29/packets/09_MACS_F_W/Hisense_images_rebuilt/MACS/MACS-I-F130P2KU/01.jpg
37,9,7ef7ea6a5fdc429853dd4c25f8cc2a5dcb7586d89270ee41488db85919938b57,Hisense/images-rebuild/2026-09-29/packets/11_MACS_D_B/Hisense_images_rebuilt/MACS/MACS-I-ED56P2K/01.jpg
38,9,385ea6a28a6f7ebb4a4ce5231d04c2c369e0c0b638ca3cf11b35dfac6f6439b4,Hisense/images-rebuild/2026-09-29/packets/10_MACS_D_A/Hisense_images_rebuilt/MACS/MACS-I-VD56P2K/01.jpg
39,9,d2d1c8374f57c1ce94835e14692d798beb43ed716766fc6beabd79904d95ac53,Hisense/images-rebuild/2026-09-29/packets/10_MACS_D_A/Hisense_images_rebuilt/MACS/MACS-I-VD120P4K/01.jpg
55,9,127875b00d8f5678ebd39747b7beed3f9fd0e3c0f668816ff7d88f647996aa15,Hisense/images-rebuild/2026-09-29/packets/08_MACS_C_CURATED/Hisense_images_rebuilt/MACS/MACS-I-C35P2K/01.jpg
28,8,2eb5ad3c19d434cc2193e419ccbed2c405e7dffb69fa98d372fe04588b78ff45,Hisense/images-rebuild/2026-09-29/packets/14_HEAVY_UNIVERSO/Hisense_images_rebuilt/UNIVERSO/MCU-75K/01.jpg
30,8,d9944b1e429fd8d14c2517dcc2318c2f569cf48b630cfce951053a3e6702462f,Hisense/images-rebuild/2026-09-29/packets/14_HEAVY_UNIVERSO/Hisense_images_rebuilt/HEAVY EU DC INVERTER/AUW-12U4RS8/06.jpg
31,8,323c7d9843565937e2e11b770a5bc7353a024f66965f3a34bcbe6af51be381eb,Hisense/images-rebuild/2026-09-29/packets/14_HEAVY_UNIVERSO/Hisense_images_rebuilt/HEAVY EU DC INVERTER/AUW-12U4RS8/07.jpg
32,8,6f6608fde1e7ccc741f80f1a9308cd3871e79af39098ecadda3e0d3624b24d8e,Hisense/images-rebuild/2026-09-29/packets/14_HEAVY_UNIVERSO/Hisense_images_rebuilt/HEAVY EU DC INVERTER/AUW-12U4RS8/01.jpg
34,8,b4b5974faf7d95b55334671b2c4eda92687e71fa4ca58cb12cfd90ae76284e54,Hisense/images-rebuild/2026-09-29/packets/14_HEAVY_UNIVERSO/Hisense_images_rebuilt/HEAVY EU DC INVERTER/AUW-12U4RS8/04.jpg
53,8,d490f62ff0d359793859893e28abb9c48457d4aece7063e53c22f5db63f9cb9f,Hisense/images-rebuild/2026-09-29/packets/08_MACS_C_CURATED/Hisense_images_rebuilt/MACS/MACS-I-C141P2-MACS-I-CSP2/01.jpg
58,8,155e63e42ab76c06b82479a65177220ad8f1f14f502a4c7ce086086ffe5d4d5a,Hisense/images-rebuild/2026-09-29/packets/08_MACS_C_CURATED/Hisense_images_rebuilt/MACS/MACS-I-C30P4K/01.jpg
86,8,20e83828938efc9590d55a1aeb5782252ac7a8b6cea261c6a3d3c6f6af512edd,Hisense/images-rebuild/2026-09-29/packets/07_H5_A_W/Hisense_images_rebuilt/H5/AVW-154HKDHE2/02.jpg
89,8,f33ff31c61b2307cc330e8a28805cdcc136ff2ac0d47c8bf8e3438071c2c2c21,Hisense/images-rebuild/2026-09-29/packets/07_H5_A_W/Hisense_images_rebuilt/H5/AVW-154HKDHE2/06.jpg
90,8,e25b455dfd1f5ba5dcfa46dd0c1051a0239ebb3d856f54347bff623882605ea9,Hisense/images-rebuild/2026-09-29/packets/07_H5_A_W/Hisense_images_rebuilt/H5/AVW-154HKDHE2/03.jpg
93,8,f3719cd90e727c7f5b9e7c9cc64e4255b663a44aa54d411900fe85dbc9f2b4d0,Hisense/images-rebuild/2026-09-29/packets/07_H5_A_W/Hisense_images_rebuilt/H5/AVW-154HKDHE2/01.jpg
95,8,5df1340be490a24fb68ff426a1ab04228c1e2025e354bbf88f76153cc9de93b1,Hisense/images-rebuild/2026-09-29/packets/07_H5_A_W/Hisense_images_rebuilt/H5/AVW-154HKDHE2/05.jpg
97,8,42cbc455ae6b89686b44374604e6cddb1b1c3e2e18bee8758d835ffaf89cea0e,Hisense/images-rebuild/2026-09-29/packets/07_H5_A_W/Hisense_images_rebuilt/H5/AVW-154HKDHE2/04.jpg
99,8,633418973361793f8b5b9364abdaee90f456b714cf13dc30fecc07e3cbb1c5db,Hisense/images-rebuild/2026-09-29/packets/07_H5_A_W/Hisense_images_rebuilt/H5/AVW-54HJDH2H1/07.jpg
103,8,b3df3fe241953194484463b4400adb1b3555968cb9d4939623ee3e9bcf958f9b,Hisense/images-rebuild/2026-09-29/packets/07_H5_A_W/Hisense_images_rebuilt/A/AVW-76HJFAE1/02.jpg
107,8,9ef6ed7cef4ccd7f090b04e0933b86e11bbed7a9c0834f4de2a5159329277d8d,Hisense/images-rebuild/2026-09-29/packets/07_H5_A_W/Hisense_images_rebuilt/A/AVW-76HJFAE1/03.jpg
110,8,f38dd1bbfaba5b4ba3a142d75ea423a21055ca82d7b2b30276115ce4374e09ec,Hisense/images-rebuild/2026-09-29/packets/07_H5_A_W/Hisense_images_rebuilt/A/AVW-76HJFAE1/01.jpg
126,8,d33cc8f30fab984c37ab296e87e359f87469f0ad058868d736ef78c055784fc5,Hisense/images-rebuild/2026-09-29/packets/03_AVS_AVF/Hisense_images_rebuilt/AVS-HJDTD/AVS-09HJDTD/06.jpg
127,8,ccac346ab3c1ac07f5a5e02cb73f636bd1dccf065dcf82b83e15fe36fcce6007,Hisense/images-rebuild/2026-09-29/packets/03_AVS_AVF/Hisense_images_rebuilt/AVS-HJDTD/AVS-09HJDTD/01.jpg
128,8,bf73766f81629d965aefeb4e3cd2d3b7f268911bfedf8448da4e71d6e4f8c8e5,Hisense/images-rebuild/2026-09-29/packets/03_AVS_AVF/Hisense_images_rebuilt/AVS-HJDTD/AVS-09HJDTD/05.jpg
129,8,cf679b8f514d0d0b8d74ed069c9b2157cacb22f059d42805736dc777fd75b3f2,Hisense/images-rebuild/2026-09-29/packets/03_AVS_AVF/Hisense_images_rebuilt/AVS-HJDTD/AVS-09HJDTD/04.jpg
13,7,bd7e048514c9eaaad1834f09c60c5da417d7cf5430b6bc09b4692d165540dad0,Hisense/images-rebuild/2026-09-29/packets/05_AVD_HJFH_AVE/Hisense_images_rebuilt/AVE-HJDDH/AVE-12HJDDH/10.jpg
14,7,d2c3c0ea364a0548d909ebb64f67f3908381c4f5b85d544c6eca0c24eef9071e,Hisense/images-rebuild/2026-09-29/packets/05_AVD_HJFH_AVE/Hisense_images_rebuilt/AVE-HJDDH/AVE-12HJDDH/08.jpg
15,7,0a54bd6887c68f66092d2e2f352dc99bf038bca7c85a7bdcab18e5cb53c23546,Hisense/images-rebuild/2026-09-29/packets/05_AVD_HJFH_AVE/Hisense_images_rebuilt/AVE-HJDDH/AVE-12HJDDH/06.jpg
16,7,f4656e8c492bc5b78860a8d9b20c952a1c62232cdf76926e00f2f53a4287417e,Hisense/images-rebuild/2026-09-29/packets/05_AVD_HJFH_AVE/Hisense_images_rebuilt/AVE-HJDDH/AVE-12HJDDH/07.jpg
17,7,1ecaafd0640fd08aa783244262aecfc6928d8bb0a2bc769dbbe5713a4cc32bb5,Hisense/images-rebuild/2026-09-29/packets/05_AVD_HJFH_AVE/Hisense_images_rebuilt/AVE-HJDDH/AVE-12HJDDH/11.jpg
18,7,cf12b8ad103fbb6f0b30f990959c213ed9461a642f9748238321e39b04420870,Hisense/images-rebuild/2026-09-29/packets/05_AVD_HJFH_AVE/Hisense_images_rebuilt/AVE-HJDDH/AVE-12HJDDH/01.jpg
19,7,15cb0666be581378a93d57492b63bd2a51c1d2de2d74c2294351543c78a288e8,Hisense/images-rebuild/2026-09-29/packets/05_AVD_HJFH_AVE/Hisense_images_rebuilt/AVE-HJDDH/AVE-12HJDDH/09.jpg
20,7,3dad5fb8e0aef110df51c052e2751a47f45752ac607cd4fd7e0dc6e38527460d,Hisense/images-rebuild/2026-09-29/packets/05_AVD_HJFH_AVE/Hisense_images_rebuilt/AVE-HJDDH/AVE-12HJDDH/05.jpg
21,7,d515bf299adec882c430b050c5df7bfde5f398b9bbe7604a5fe24a596345198b,Hisense/images-rebuild/2026-09-29/packets/05_AVD_HJFH_AVE/Hisense_images_rebuilt/AVE-HJDDH/AVE-12HJDDH/12.jpg
22,7,42c4b23912911febf1793e6f9b889a43f7bc4490269465ce11dfb53ade38cfe3,Hisense/images-rebuild/2026-09-29/packets/05_AVD_HJFH_AVE/Hisense_images_rebuilt/AVE-HJDDH/AVE-12HJDDH/04.jpg
29,7,4c68532ea2ccefb99c501d96fcef37c920ab21a7c65f7e739f4ee4239020be1b,Hisense/images-rebuild/2026-09-29/packets/14_HEAVY_UNIVERSO/Hisense_images_rebuilt/HEAVY EU DC INVERTER/AUW-12U4RS8/08.jpg
33,7,0cfd02ffdc777ea0f1f8eb8b720efaabbbe660ace041027fd3966fa30a7a1e5a,Hisense/images-rebuild/2026-09-29/packets/14_HEAVY_UNIVERSO/Hisense_images_rebuilt/HEAVY EU DC INVERTER/AUW-12U4RS8/05.jpg
50,7,9c814ebd384a432ede3fc845cb7c236d722fcd78efbbb78b69a3531ab75a8802,Hisense/images-rebuild/2026-09-29/packets/13_ZKPU/Hisense_images_rebuilt/ZKPU-mini/ZKPU-mini 60-30/01.jpg
60,7,30981d821693f827c82368a6cf12917bcc7e6659265a05fe87810c96a09b3ca7,Hisense/images-rebuild/2026-09-29/packets/01_AVC_AVY/curated/Hisense_packet_01_AVC_AVY/AVC-HJDBA/AVC-09HJDBA/02.jpg
62,7,e1fe64150043072a4c6d2c02ecc90b783a03ff1a1be4880f4c4cd3d47f84860b,Hisense/images-rebuild/2026-09-29/packets/01_AVC_AVY/curated/Hisense_packet_01_AVC_AVY/AVC-HJDBA/AVC-09HJDBA/08.jpg
63,7,9a40e38f1630f8d82f78adf08dc1a9a1b63082a3f80d870d58682a65326b83c6,Hisense/images-rebuild/2026-09-29/packets/01_AVC_AVY/curated/Hisense_packet_01_AVC_AVY/AVC-HJDBA/AVC-09HJDBA/06.jpg
64,7,39ece09d7409d9f887a38ca837c59f09d92fcfe25d7c8b244d98a4fae41e9fd5,Hisense/images-rebuild/2026-09-29/packets/01_AVC_AVY/curated/Hisense_packet_01_AVC_AVY/AVC-HJDBA/AVC-09HJDBA/03.jpg
65,7,bb5eff986568d2352ef583c014203317504a981f9be7cf8a4de35991cced7808,Hisense/images-rebuild/2026-09-29/packets/01_AVC_AVY/curated/Hisense_packet_01_AVC_AVY/AVC-HJDBA/AVC-09HJDBA/07.jpg
66,7,f77a4f9d0ee32d0d481d435c6f7e8d3309f4f6fb1808fa9af6fde243e897c42c,Hisense/images-rebuild/2026-09-29/packets/01_AVC_AVY/curated/Hisense_packet_01_AVC_AVY/AVC-HJDBA/AVC-09HJDBA/01.jpg
68,7,fe2d56946f14a99b0fb0689eed19e8b0edf9b557f8f750dc66c5ca2bd721f910,Hisense/images-rebuild/2026-09-29/packets/01_AVC_AVY/curated/Hisense_packet_01_AVC_AVY/AVC-HJDBA/AVC-09HJDBA/05.jpg
69,7,0c24e3c7af07af062d4bcae4cdc27dbdd7865ad27aeb789c4d0cf0bb5aa6e520,Hisense/images-rebuild/2026-09-29/packets/01_AVC_AVY/curated/Hisense_packet_01_AVC_AVY/AVC-HJDBA/AVC-09HJDBA/04.jpg
70,7,f5837d363e33ab082ea3ae60cb7c918b5d1b20aeee17be887b5d802ca0e69ea5,Hisense/images-rebuild/2026-09-29/packets/01_AVC_AVY/curated/Hisense_packet_01_AVC_AVY/AVY-HJDA/AVY-19HJDA/02.jpg
71,7,c86f84bf16575aa816ff6b32270b65b2a4e86561cc9ca83cc46d9c641a39d9df,Hisense/images-rebuild/2026-09-29/packets/01_AVC_AVY/curated/Hisense_packet_01_AVC_AVY/AVY-HJDA/AVY-19HJDA/01.jpg
117,7,6be9ed4f2472b3da978587924cfb310f67b5d7b3978dcc830f04f971936dadda,Hisense/images-rebuild/2026-09-29/packets/07_H5_A_W/Hisense_images_rebuilt/W HEAT RECOVERY/AVWW-96FKFW1/03.jpg
118,7,9cf8be5225a30753882c2504776c988a4453a02bed225771fdfd16890b3910fc,Hisense/images-rebuild/2026-09-29/packets/07_H5_A_W/Hisense_images_rebuilt/W HEAT RECOVERY/AVWW-96FKFW1/05.jpg
119,7,9c6f95e17d552f1e08fea0735ded1ba0aedd7e047166758a6a850402d0cf4ada,Hisense/images-rebuild/2026-09-29/packets/07_H5_A_W/Hisense_images_rebuilt/W HEAT RECOVERY/AVWW-96FKFW1/04.jpg
45,6,6e970bc49d87158f961e15974a0b71659f4b80fa618429aa8e14c33dbb4184bd,Hisense/images-rebuild/2026-09-29/packets/02_AVBC/Hisense_images_rebuilt/AVBC-HJFKA/AVBC-48HJFKA/06.jpg
46,6,69f1ae8cb15bb161f0f4d6ba95917acd86f5533ceca08e7df31d8030c0512fab,Hisense/images-rebuild/2026-09-29/packets/02_AVBC/Hisense_images_rebuilt/AVBC-HJFKA/AVBC-48HJFKA/07.jpg
47,6,6b411daf5e6cbc532d77e77ef3a64ed3ab084643fd9341329e7d5168869f2115,Hisense/images-rebuild/2026-09-29/packets/02_AVBC/Hisense_images_rebuilt/AVBC-HJFKA/AVBC-48HJFKA/01.jpg
48,6,f7c46329f596f7d9a4a97a6555411092dc65a42f27cbb1fda37674c535927ac2,Hisense/images-rebuild/2026-09-29/packets/02_AVBC/Hisense_images_rebuilt/AVBC-HJFKA/AVBC-48HJFKA/05.jpg
49,6,530e8ac813411c83f07dc9dee8ac52041e49038d3a8021302455ea23650f7862,Hisense/images-rebuild/2026-09-29/packets/02_AVBC/Hisense_images_rebuilt/AVBC-HJFKA/AVBC-48HJFKA/04.jpg
84,6,6d5718e4c1c6ac743daeba0f777f55cbad5ee1d013d21151def01d7d16f0ada8,Hisense/images-rebuild/2026-09-29/packets/06_S5/Hisense_images_rebuilt/S5/AVWT-136HKF5/10.jpg
85,6,cb006a27ac7c15bbb13d05b7591dd07aba943efb6092a03ccb0af8ccc051af31,Hisense/images-rebuild/2026-09-29/packets/06_S5/Hisense_images_rebuilt/S5/AVWT-136HKF5/09.jpg
8,5,3f1a728e352c8646ddf41376df8bd9fc6f542a79a4dca45fda395159d5527150,Hisense/images-rebuild/2026-09-29/packets/09_MACS_F_W/Hisense_images_rebuilt/MACS/MACS-I-W27P2K/02.jpg
9,5,9a5156d8119fb6289110b5a0abc5b467672894c704ec1de3085b203b2653519d,Hisense/images-rebuild/2026-09-29/packets/09_MACS_F_W/Hisense_images_rebuilt/MACS/MACS-I-W27P2K/03.jpg
10,5,69d4e1d87ae8cfc6ad09c89f00c2d263bdea1c78b784d8f97297a4d09380675f,Hisense/images-rebuild/2026-09-29/packets/09_MACS_F_W/Hisense_images_rebuilt/MACS/MACS-I-W27P2K/01.jpg
11,5,75bab318ca311309b34aad28b41768ac4cea0a5aa161616118a8e806029f6070,Hisense/images-rebuild/2026-09-29/packets/09_MACS_F_W/Hisense_images_rebuilt/MACS/MACS-I-W27P2K/05.jpg
12,5,c06ba8865fc016e2829754cce0af9a98db155a20b76e5399a9bb613b750966c4,Hisense/images-rebuild/2026-09-29/packets/09_MACS_F_W/Hisense_images_rebuilt/MACS/MACS-I-W27P2K/04.jpg
56,5,8a74d340c12ca4ffed791753f49393a29ea5d86510dea931f03c97eb30273122,Hisense/images-rebuild/2026-09-29/packets/08_MACS_C_CURATED/Hisense_images_rebuilt/MACS/MACS-I-C45P21K/02.jpg
57,5,772db018ecb1852be79514ea148db7c515d5b606fe721a8543d68e7e01c5e2f7,Hisense/images-rebuild/2026-09-29/packets/08_MACS_C_CURATED/Hisense_images_rebuilt/MACS/MACS-I-C45P21K/01.jpg
72,5,dacf2876584933a5ec955268d625ef15eb055ed7a97ec583c20ed05043951682,Hisense/images-rebuild/2026-09-29/packets/15_TRIUMPH_AR_IR_HIMOD_CURATED/Hisense_images_rebuilt/Triumph/TWC22HN-OUT с модулем RC-KA02/01.jpg
87,5,0a979feab10811ec85f58a1cadbfa2ef7bb51b13bbaa05aadda07fce7cb6fd31,Hisense/images-rebuild/2026-09-29/packets/07_H5_A_W/Hisense_images_rebuilt/H5/AVW-154HKDHE2/10.jpg
88,5,9fb71db18e5c29c9fa61c1354780238abb5184b5d8ade925841d6c3a9e888228,Hisense/images-rebuild/2026-09-29/packets/07_H5_A_W/Hisense_images_rebuilt/H5/AVW-154HKDHE2/14.jpg
91,5,cd07234bb1ee10a562b899401a944f99e0d853c8753aa1c25831990981d1c5d5,Hisense/images-rebuild/2026-09-29/packets/07_H5_A_W/Hisense_images_rebuilt/H5/AVW-154HKDHE2/11.jpg
92,5,24f8a73c519aef892e05ed916f18d42d4b7d339930f10060ab0e04f6109b9ade,Hisense/images-rebuild/2026-09-29/packets/07_H5_A_W/Hisense_images_rebuilt/H5/AVW-154HKDHE2/13.jpg
96,5,1137131d84bbb39935a6ba91ec34e66229a4027536fa39c6a5faa156a1f2a0fe,Hisense/images-rebuild/2026-09-29/packets/07_H5_A_W/Hisense_images_rebuilt/H5/AVW-154HKDHE2/12.jpg
112,5,5cb66d51ee73abdec4dbb84647363af006945d08b3f5652bb12386fa87cb0c42,Hisense/images-rebuild/2026-09-29/packets/07_H5_A_W/Hisense_images_rebuilt/A/AVW-48HJFAE1/10.jpg
114,5,d29f86f763125146c2ba955b4fb6d695a4be78c4f79614293fe87275f5e757f9,Hisense/images-rebuild/2026-09-29/packets/07_H5_A_W/Hisense_images_rebuilt/A/AVW-48HJFAE1/11.jpg
115,5,8b52207aa6a6fd6c0a2018b405114171a050102ae55ff6c630169488a2bee383,Hisense/images-rebuild/2026-09-29/packets/07_H5_A_W/Hisense_images_rebuilt/A/AVW-48HJFAE1/09.jpg
