model,series,folder,found_images,final_files,source_1,additional_sources,indoor_found,outdoor_found,remote_found,remote_model,panel_found,preview_created,additional_angles,quality,warnings,preview_mode,excel_row,seed_image_count,searched_pages,usable_source_count
ZKPU-maxi 2,ZKPU-maxi,ZKPU-maxi/ZKPU-maxi 2,1,1,https://breez.ru/products/zkpu-maxi/,Excel MORE_PHOTO,нет,нет,не требуется,,да,да,0,OK,only 1 usable source images,main,261,1,2,1
ZKPU-maxi 4,ZKPU-maxi,ZKPU-maxi/ZKPU-maxi 4,1,1,https://breez.ru/products/zkpu-maxi/,Excel MORE_PHOTO,нет,нет,не требуется,,да,да,0,OK,only 1 usable source images,main,262,1,2,1
ZKPU-maxi 6,ZKPU-maxi,ZKPU-maxi/ZKPU-maxi 6,1,1,https://breez.ru/products/zkpu-maxi/,Excel MORE_PHOTO,нет,нет,не требуется,,да,да,0,OK,only 1 usable source images,main,263,1,2,1
ZKPU-maxi 8,ZKPU-maxi,ZKPU-maxi/ZKPU-maxi 8,1,1,https://breez.ru/products/zkpu-maxi/,Excel MORE_PHOTO,нет,нет,не требуется,,да,да,0,OK,only 1 usable source images,main,264,1,2,1
ZKPU-maxi 10,ZKPU-maxi,ZKPU-maxi/ZKPU-maxi 10,1,1,https://breez.ru/products/zkpu-maxi/,Excel MORE_PHOTO,нет,нет,не требуется,,да,да,0,OK,only 1 usable source images,main,265,1,2,1
ZKPU-maxi 12,ZKPU-maxi,ZKPU-maxi/ZKPU-maxi 12,1,1,https://breez.ru/products/zkpu-maxi/,Excel MORE_PHOTO,нет,нет,не требуется,,да,да,0,OK,only 1 usable source images,main,266,1,2,1
ZKPU-maxi 14,ZKPU-maxi,ZKPU-maxi/ZKPU-maxi 14,1,1,https://breez.ru/products/zkpu-maxi/,Excel MORE_PHOTO,нет,нет,не требуется,,да,да,0,OK,only 1 usable source images,main,267,1,2,1
ZKPU-maxi 16,ZKPU-maxi,ZKPU-maxi/ZKPU-maxi 16,1,1,https://breez.ru/products/zkpu-maxi/,Excel MORE_PHOTO,нет,нет,не требуется,,да,да,0,OK,only 1 usable source images,main,268,1,2,1
ZKPU-maxi 18,ZKPU-maxi,ZKPU-maxi/ZKPU-maxi 18,1,1,https://breez.ru/products/zkpu-maxi/,Excel MORE_PHOTO,нет,нет,не требуется,,да,да,0,OK,only 1 usable source images,main,269,1,2,1
ZKPU-maxi 20,ZKPU-maxi,ZKPU-maxi/ZKPU-maxi 20,1,1,https://breez.ru/products/zkpu-maxi/,Excel MORE_PHOTO,нет,нет,не требуется,,да,да,0,OK,only 1 usable source images,main,270,1,2,1
ZKPU-mini 50-25,ZKPU-mini,ZKPU-mini/ZKPU-mini 50-25,1,1,https://breez.ru/products/zkpu-mini/,Excel MORE_PHOTO,нет,нет,не требуется,,да,да,0,OK,only 1 usable source images,main,271,1,2,1
ZKPU-mini 50-30,ZKPU-mini,ZKPU-mini/ZKPU-mini 50-30,1,1,https://breez.ru/products/zkpu-mini/,Excel MORE_PHOTO,нет,нет,не требуется,,да,да,0,OK,only 1 usable source images,main,272,1,2,1
ZKPU-mini 60-30,ZKPU-mini,ZKPU-mini/ZKPU-mini 60-30,1,1,https://breez.ru/products/zkpu-mini/,Excel MORE_PHOTO,нет,нет,не требуется,,да,да,0,OK,only 1 usable source images,main,273,1,2,1
ZKPU-mini 60-35,ZKPU-mini,ZKPU-mini/ZKPU-mini 60-35,1,1,https://breez.ru/products/zkpu-mini/,Excel MORE_PHOTO,нет,нет,не требуется,,да,да,0,OK,only 1 usable source images,main,274,1,2,1
ZKPU-mini 70-40,ZKPU-mini,ZKPU-mini/ZKPU-mini 70-40,1,1,https://breez.ru/products/zkpu-mini/,Excel MORE_PHOTO,нет,нет,не требуется,,да,да,0,OK,only 1 usable source images,main,275,1,2,1
ZKPU-mini 80-50,ZKPU-mini,ZKPU-mini/ZKPU-mini 80-50,1,1,https://breez.ru/products/zkpu-mini/,Excel MORE_PHOTO,нет,нет,не требуется,,да,да,0,OK,only 1 usable source images,main,276,1,2,1
ZKPU-mini 100-50,ZKPU-mini,ZKPU-mini/ZKPU-mini 100-50,1,1,https://breez.ru/products/zkpu-mini/,Excel MORE_PHOTO,нет,нет,не требуется,,да,да,0,OK,only 1 usable source images,main,277,1,2,1
