model,final_file,role,source_url,source_page,source_width,source_height
MACS-I-PD280P2K,01.jpg,indoor,https://images.breez.ru/catalog/royal-clima/visokonaporn-kanal-fankoyl-macs-i-pd/visokonaporn-kanal-fankoyl-macs-i-pd.png,Excel MORE_PHOTO,1500,1125
MACS-I-PD330P2K,01.jpg,indoor,https://images.breez.ru/catalog/royal-clima/visokonaporn-kanal-fankoyl-macs-i-pd/visokonaporn-kanal-fankoyl-macs-i-pd.png,Excel MORE_PHOTO,1500,1125
MACS-I-PD270P2K,01.jpg,indoor,https://images.breez.ru/catalog/royal-clima/visokonaporn-kanal-fankoyl-macs-i-pd/visokonaporn-kanal-fankoyl-macs-i-pd.png,Excel MORE_PHOTO,1500,1125
MACS-I-PD380P2K,01.jpg,indoor,https://images.breez.ru/catalog/royal-clima/visokonaporn-kanal-fankoyl-macs-i-pd/visokonaporn-kanal-fankoyl-macs-i-pd.png,Excel MORE_PHOTO,1500,1125
MACS-I-PD420P2K,01.jpg,indoor,https://images.breez.ru/catalog/royal-clima/visokonaporn-kanal-fankoyl-macs-i-pd/visokonaporn-kanal-fankoyl-macs-i-pd.png,Excel MORE_PHOTO,1500,1125
MACS-I-PD60P4K,01.jpg,indoor,https://images.breez.ru/catalog/royal-clima/visokonaporn-kanal-fankoyl-macs-i-pd-4k/visokonaporn-kanal-fankoyl-macs-i-pd-4k.png,Excel MORE_PHOTO,1500,1125
MACS-I-PD75P4K,01.jpg,indoor,https://images.breez.ru/catalog/royal-clima/visokonaporn-kanal-fankoyl-macs-i-pd-4k/visokonaporn-kanal-fankoyl-macs-i-pd-4k.png,Excel MORE_PHOTO,1500,1125
MACS-I-PD90P4K,01.jpg,indoor,https://images.breez.ru/catalog/royal-clima/visokonaporn-kanal-fankoyl-macs-i-pd-4k/visokonaporn-kanal-fankoyl-macs-i-pd-4k.png,Excel MORE_PHOTO,1500,1125
MACS-I-PD115P4K,01.jpg,indoor,https://images.breez.ru/catalog/royal-clima/visokonaporn-kanal-fankoyl-macs-i-pd-4k/visokonaporn-kanal-fankoyl-macs-i-pd-4k.png,Excel MORE_PHOTO,1500,1125
MACS-I-PD135P4K,01.jpg,indoor,https://images.breez.ru/catalog/royal-clima/visokonaporn-kanal-fankoyl-macs-i-pd-4k/visokonaporn-kanal-fankoyl-macs-i-pd-4k.png,Excel MORE_PHOTO,1500,1125
MACS-I-PD160P4K,01.jpg,indoor,https://images.breez.ru/catalog/royal-clima/visokonaporn-kanal-fankoyl-macs-i-pd-4k/visokonaporn-kanal-fankoyl-macs-i-pd-4k.png,Excel MORE_PHOTO,1500,1125
MACS-I-PD210P4K,01.jpg,indoor,https://images.breez.ru/catalog/royal-clima/visokonaporn-kanal-fankoyl-macs-i-pd-4k/visokonaporn-kanal-fankoyl-macs-i-pd-4k.png,Excel MORE_PHOTO,1500,1125
MACS-I-PD270P4K,01.jpg,indoor,https://images.breez.ru/catalog/royal-clima/visokonaporn-kanal-fankoyl-macs-i-pd-4k/visokonaporn-kanal-fankoyl-macs-i-pd-4k.png,Excel MORE_PHOTO,1500,1125
MACS-I-PD315P4K,01.jpg,indoor,https://images.breez.ru/catalog/royal-clima/visokonaporn-kanal-fankoyl-macs-i-pd-4k/visokonaporn-kanal-fankoyl-macs-i-pd-4k.png,Excel MORE_PHOTO,1500,1125
MACS-I-PD51P4K,01.jpg,indoor,https://images.breez.ru/catalog/royal-clima/visokonaporn-kanal-fankoyl-macs-i-pd-4k/visokonaporn-kanal-fankoyl-macs-i-pd-4k.png,Excel MORE_PHOTO,1500,1125
MACS-I-PD66P4K,01.jpg,indoor,https://images.breez.ru/catalog/royal-clima/visokonaporn-kanal-fankoyl-macs-i-pd-4k/visokonaporn-kanal-fankoyl-macs-i-pd-4k.png,Excel MORE_PHOTO,1500,1125
MACS-I-PD76P4K,01.jpg,indoor,https://images.breez.ru/catalog/royal-clima/visokonaporn-kanal-fankoyl-macs-i-pd-4k/visokonaporn-kanal-fankoyl-macs-i-pd-4k.png,Excel MORE_PHOTO,1500,1125
MACS-I-PD96P4K,01.jpg,indoor,https://images.breez.ru/catalog/royal-clima/visokonaporn-kanal-fankoyl-macs-i-pd-4k/visokonaporn-kanal-fankoyl-macs-i-pd-4k.png,Excel MORE_PHOTO,1500,1125
MACS-I-PD116P4K,01.jpg,indoor,https://images.breez.ru/catalog/royal-clima/visokonaporn-kanal-fankoyl-macs-i-pd-4k/visokonaporn-kanal-fankoyl-macs-i-pd-4k.png,Excel MORE_PHOTO,1500,1125
MACS-I-PD136P4K,01.jpg,indoor,https://images.breez.ru/catalog/royal-clima/visokonaporn-kanal-fankoyl-macs-i-pd-4k/visokonaporn-kanal-fankoyl-macs-i-pd-4k.png,Excel MORE_PHOTO,1500,1125
MACS-I-PD176P4K,01.jpg,indoor,https://images.breez.ru/catalog/royal-clima/visokonaporn-kanal-fankoyl-macs-i-pd-4k/visokonaporn-kanal-fankoyl-macs-i-pd-4k.png,Excel MORE_PHOTO,1500,1125
MACS-I-PD226P4K,01.jpg,indoor,https://images.breez.ru/catalog/royal-clima/visokonaporn-kanal-fankoyl-macs-i-pd-4k/visokonaporn-kanal-fankoyl-macs-i-pd-4k.png,Excel MORE_PHOTO,1500,1125
MACS-I-PD266P4K,01.jpg,indoor,https://images.breez.ru/catalog/royal-clima/visokonaporn-kanal-fankoyl-macs-i-pd-4k/visokonaporn-kanal-fankoyl-macs-i-pd-4k.png,Excel MORE_PHOTO,1500,1125
