model,series,unique_candidates,pages_checked
ZKPU-maxi 2,ZKPU-maxi,9,https://breez.ru/products/zkpu-maxi/ | https://toplan.ru/zilon-zkpu-maxi-2.html | https://www.airventilation.ru/ZILON-ZKPU-maxi-2.htm
ZKPU-maxi 4,ZKPU-maxi,9,https://breez.ru/products/zkpu-maxi/ | https://toplan.ru/zilon-zkpu-maxi-4.html | https://www.airventilation.ru/ZILON-ZKPU-maxi-4.htm
ZKPU-maxi 6,ZKPU-maxi,9,https://breez.ru/products/zkpu-maxi/ | https://toplan.ru/zilon-zkpu-maxi-6.html | https://www.airventilation.ru/ZILON-ZKPU-maxi-6.htm
ZKPU-maxi 8,ZKPU-maxi,9,https://breez.ru/products/zkpu-maxi/ | https://toplan.ru/zilon-zkpu-maxi-8.html | https://www.airventilation.ru/ZILON-ZKPU-maxi-8.htm
ZKPU-maxi 10,ZKPU-maxi,9,https://breez.ru/products/zkpu-maxi/ | https://toplan.ru/zilon-zkpu-maxi-10.html | https://www.airventilation.ru/ZILON-ZKPU-maxi-10.htm
ZKPU-maxi 12,ZKPU-maxi,9,https://breez.ru/products/zkpu-maxi/ | https://toplan.ru/zilon-zkpu-maxi-12.html | https://www.airventilation.ru/ZILON-ZKPU-maxi-12.htm
ZKPU-maxi 14,ZKPU-maxi,8,https://breez.ru/products/zkpu-maxi/ | https://toplan.ru/zilon-zkpu-maxi-14.html | https://www.airventilation.ru/ZILON-ZKPU-maxi-14.htm
ZKPU-maxi 16,ZKPU-maxi,9,https://breez.ru/products/zkpu-maxi/ | https://toplan.ru/zilon-zkpu-maxi-16.html | https://www.airventilation.ru/ZILON-ZKPU-maxi-16.htm
ZKPU-maxi 18,ZKPU-maxi,9,https://breez.ru/products/zkpu-maxi/ | https://toplan.ru/zilon-zkpu-maxi-18.html | https://www.airventilation.ru/ZILON-ZKPU-maxi-18.htm
ZKPU-maxi 20,ZKPU-maxi,9,https://breez.ru/products/zkpu-maxi/ | https://toplan.ru/zilon-zkpu-maxi-20.html | https://www.airventilation.ru/ZILON-ZKPU-maxi-20.htm
ZKPU-mini 50-25,ZKPU-mini,19,https://breez.ru/products/zkpu-mini/ | https://toplan.ru/zilon-zkpu-mini-50-25.html | https://www.airventilation.ru/ZILON-ZKPU-mini-50-25.htm
ZKPU-mini 50-30,ZKPU-mini,19,https://breez.ru/products/zkpu-mini/ | https://toplan.ru/zilon-zkpu-mini-50-30.html | https://www.airventilation.ru/ZILON-ZKPU-mini-50-30.htm
ZKPU-mini 60-30,ZKPU-mini,19,https://breez.ru/products/zkpu-mini/ | https://toplan.ru/zilon-zkpu-mini-60-30.html | https://www.airventilation.ru/ZILON-ZKPU-mini-60-30.htm
ZKPU-mini 60-35,ZKPU-mini,19,https://breez.ru/products/zkpu-mini/ | https://toplan.ru/zilon-zkpu-mini-60-35.html | https://www.airventilation.ru/ZILON-ZKPU-mini-60-35.htm
ZKPU-mini 70-40,ZKPU-mini,19,https://breez.ru/products/zkpu-mini/ | https://toplan.ru/zilon-zkpu-mini-70-40.html | https://www.airventilation.ru/ZILON-ZKPU-mini-70-40.htm
ZKPU-mini 80-50,ZKPU-mini,19,https://breez.ru/products/zkpu-mini/ | https://toplan.ru/zilon-zkpu-mini-80-50.html | https://www.airventilation.ru/ZILON-ZKPU-mini-80-50.htm
ZKPU-mini 100-50,ZKPU-mini,19,https://breez.ru/products/zkpu-mini/ | https://toplan.ru/zilon-zkpu-mini-100-50.html | https://www.airventilation.ru/ZILON-ZKPU-mini-100-50.htm
