sha256,model_count,models
a275038286deb0875fa712fc64463a1223a898e89c8c10b933d4be6b069e6ede,17,ZKPU-maxi 10 | ZKPU-maxi 12 | ZKPU-maxi 14 | ZKPU-maxi 16 | ZKPU-maxi 18 | ZKPU-maxi 2 | ZKPU-maxi 20 | ZKPU-maxi 4 | ZKPU-maxi 6 | ZKPU-maxi 8 | ZKPU-mini 100-50 | ZKPU-mini 50-25 | ZKPU-mini 50-30 | ZKPU-mini 60-30 | ZKPU-mini 60-35 | ZKPU-mini 70-40 | ZKPU-mini 80-50
90b2df7823c3b3dcb83780bf9ad5df37330a15ee678d8648a1d795873a183745,17,ZKPU-maxi 10 | ZKPU-maxi 12 | ZKPU-maxi 14 | ZKPU-maxi 16 | ZKPU-maxi 18 | ZKPU-maxi 2 | ZKPU-maxi 20 | ZKPU-maxi 4 | ZKPU-maxi 6 | ZKPU-maxi 8 | ZKPU-mini 100-50 | ZKPU-mini 50-25 | ZKPU-mini 50-30 | ZKPU-mini 60-30 | ZKPU-mini 60-35 | ZKPU-mini 70-40 | ZKPU-mini 80-50
515df09a7c949b1965f3d241d46ebeed9dd9d1d0d3dfc887fc9e756d83fc2892,17,ZKPU-maxi 10 | ZKPU-maxi 12 | ZKPU-maxi 14 | ZKPU-maxi 16 | ZKPU-maxi 18 | ZKPU-maxi 2 | ZKPU-maxi 20 | ZKPU-maxi 4 | ZKPU-maxi 6 | ZKPU-maxi 8 | ZKPU-mini 100-50 | ZKPU-mini 50-25 | ZKPU-mini 50-30 | ZKPU-mini 60-30 | ZKPU-mini 60-35 | ZKPU-mini 70-40 | ZKPU-mini 80-50
19597fdd6f62867a6101469ed475a68c7b0ed6c885604360eea499b90318b343,17,ZKPU-maxi 10 | ZKPU-maxi 12 | ZKPU-maxi 14 | ZKPU-maxi 16 | ZKPU-maxi 18 | ZKPU-maxi 2 | ZKPU-maxi 20 | ZKPU-maxi 4 | ZKPU-maxi 6 | ZKPU-maxi 8 | ZKPU-mini 100-50 | ZKPU-mini 50-25 | ZKPU-mini 50-30 | ZKPU-mini 60-30 | ZKPU-mini 60-35 | ZKPU-mini 70-40 | ZKPU-mini 80-50
db1fb069a00493870858e0b5216e56b8d1efb095124bbe54322efe5b6a1fe04c,17,ZKPU-maxi 10 | ZKPU-maxi 12 | ZKPU-maxi 14 | ZKPU-maxi 16 | ZKPU-maxi 18 | ZKPU-maxi 2 | ZKPU-maxi 20 | ZKPU-maxi 4 | ZKPU-maxi 6 | ZKPU-maxi 8 | ZKPU-mini 100-50 | ZKPU-mini 50-25 | ZKPU-mini 50-30 | ZKPU-mini 60-30 | ZKPU-mini 60-35 | ZKPU-mini 70-40 | ZKPU-mini 80-50
b2aaac3a9bc2a354aa3fb78f309861a95a3576648dfdbb69e294f217ab159542,17,ZKPU-maxi 10 | ZKPU-maxi 12 | ZKPU-maxi 14 | ZKPU-maxi 16 | ZKPU-maxi 18 | ZKPU-maxi 2 | ZKPU-maxi 20 | ZKPU-maxi 4 | ZKPU-maxi 6 | ZKPU-maxi 8 | ZKPU-mini 100-50 | ZKPU-mini 50-25 | ZKPU-mini 50-30 | ZKPU-mini 60-30 | ZKPU-mini 60-35 | ZKPU-mini 70-40 | ZKPU-mini 80-50
d753abfea05e46e432d8bccb6cfaff2ce92c3c6457d8aa5ddb0992aab2bc49f8,17,ZKPU-maxi 10 | ZKPU-maxi 12 | ZKPU-maxi 14 | ZKPU-maxi 16 | ZKPU-maxi 18 | ZKPU-maxi 2 | ZKPU-maxi 20 | ZKPU-maxi 4 | ZKPU-maxi 6 | ZKPU-maxi 8 | ZKPU-mini 100-50 | ZKPU-mini 50-25 | ZKPU-mini 50-30 | ZKPU-mini 60-30 | ZKPU-mini 60-35 | ZKPU-mini 70-40 | ZKPU-mini 80-50
165410c1fed9af0143052d90c6a742a10864d331b309fc953132586f4c2692d5,17,ZKPU-maxi 10 | ZKPU-maxi 12 | ZKPU-maxi 14 | ZKPU-maxi 16 | ZKPU-maxi 18 | ZKPU-maxi 2 | ZKPU-maxi 20 | ZKPU-maxi 4 | ZKPU-maxi 6 | ZKPU-maxi 8 | ZKPU-mini 100-50 | ZKPU-mini 50-25 | ZKPU-mini 50-30 | ZKPU-mini 60-30 | ZKPU-mini 60-35 | ZKPU-mini 70-40 | ZKPU-mini 80-50
d4ecaba79601e61685a4358d97b3a6705d7d15db5546da6f9c829fdfa756371a,9,ZKPU-maxi 10 | ZKPU-maxi 12 | ZKPU-maxi 16 | ZKPU-maxi 18 | ZKPU-maxi 2 | ZKPU-maxi 20 | ZKPU-maxi 4 | ZKPU-maxi 6 | ZKPU-maxi 8
0b8dc51f5c86b41372f2c5a1c4479294e09345715ab4099be3f933b1dd6571ea,7,ZKPU-mini 100-50 | ZKPU-mini 50-25 | ZKPU-mini 50-30 | ZKPU-mini 60-30 | ZKPU-mini 60-35 | ZKPU-mini 70-40 | ZKPU-mini 80-50
ca9095ab5e088731109984f6d4007c32c10ccbae7bfc45d3b7b97965ab7fd3c9,7,ZKPU-mini 100-50 | ZKPU-mini 50-25 | ZKPU-mini 50-30 | ZKPU-mini 60-30 | ZKPU-mini 60-35 | ZKPU-mini 70-40 | ZKPU-mini 80-50
e6117ef1cffa0f077900c51780114fb4b7171089ebd346b59ba04674332b8a70,7,ZKPU-mini 100-50 | ZKPU-mini 50-25 | ZKPU-mini 50-30 | ZKPU-mini 60-30 | ZKPU-mini 60-35 | ZKPU-mini 70-40 | ZKPU-mini 80-50
dd39841f785a8094aae92e9d10e7de85939d649715e91514d7f6de4a5fd88829,7,ZKPU-mini 100-50 | ZKPU-mini 50-25 | ZKPU-mini 50-30 | ZKPU-mini 60-30 | ZKPU-mini 60-35 | ZKPU-mini 70-40 | ZKPU-mini 80-50
b7bdd0f032890250447b3c73b7225939ffdce3f4a3e78eea99a85626b736fd86,7,ZKPU-mini 100-50 | ZKPU-mini 50-25 | ZKPU-mini 50-30 | ZKPU-mini 60-30 | ZKPU-mini 60-35 | ZKPU-mini 70-40 | ZKPU-mini 80-50
86d7d22a1b76718c43e0136861e80faf9b37ee8bd02d8f9831fb970e6123ad47,7,ZKPU-mini 100-50 | ZKPU-mini 50-25 | ZKPU-mini 50-30 | ZKPU-mini 60-30 | ZKPU-mini 60-35 | ZKPU-mini 70-40 | ZKPU-mini 80-50
57f0bc8cc2210e533283acbda57bdaf2dc0b57949bc338e1eb505c6108679709,7,ZKPU-mini 100-50 | ZKPU-mini 50-25 | ZKPU-mini 50-30 | ZKPU-mini 60-30 | ZKPU-mini 60-35 | ZKPU-mini 70-40 | ZKPU-mini 80-50
20bbf37d985b7e34876ecb05950375a297f60685e43573a732bcd36d1e9997f7,7,ZKPU-mini 100-50 | ZKPU-mini 50-25 | ZKPU-mini 50-30 | ZKPU-mini 60-30 | ZKPU-mini 60-35 | ZKPU-mini 70-40 | ZKPU-mini 80-50
be9e87420b515d75c5acc657e0d6d1c68bddfe56d18f49805b0c25f500eda51e,7,ZKPU-mini 100-50 | ZKPU-mini 50-25 | ZKPU-mini 50-30 | ZKPU-mini 60-30 | ZKPU-mini 60-35 | ZKPU-mini 70-40 | ZKPU-mini 80-50
b628a7718bc81178de6bcd8867afcbddde5c1b2c3f5effda82ce0a2abbba898f,7,ZKPU-mini 100-50 | ZKPU-mini 50-25 | ZKPU-mini 50-30 | ZKPU-mini 60-30 | ZKPU-mini 60-35 | ZKPU-mini 70-40 | ZKPU-mini 80-50
f40536d203b9440fe48d6078e159acc8cb227527173fde3991858b9a6aa89c86,7,ZKPU-mini 100-50 | ZKPU-mini 50-25 | ZKPU-mini 50-30 | ZKPU-mini 60-30 | ZKPU-mini 60-35 | ZKPU-mini 70-40 | ZKPU-mini 80-50
